# 3ds Max Wavefront OBJ Exporter v0.99 - (c)2007 guruware
# File Created: 31.08.2024 13:11:39

#
# object Text001
#

v  -41.7352 -4.7614 23.4678
v  -41.7218 -4.6840 23.4724
v  -41.5404 -4.6840 22.9368
v  -41.5538 -4.7614 22.9323
v  -41.7575 -4.8334 23.4603
v  -41.5760 -4.8334 22.9248
v  -41.7888 -4.9000 23.4497
v  -41.6071 -4.9000 22.9142
v  -41.8289 -4.9612 23.4360
v  -41.6471 -4.9612 22.9006
v  -41.8780 -5.0170 23.4194
v  -41.6960 -5.0170 22.8840
v  -41.9360 -5.0674 23.3996
v  -41.7538 -5.0674 22.8644
v  -42.0020 -5.1116 23.3771
v  -41.8194 -5.1116 22.8420
v  -42.0749 -5.1491 23.3522
v  -41.8921 -5.1491 22.8172
v  -42.1548 -5.1798 23.3249
v  -41.9716 -5.1798 22.7900
v  -42.2416 -5.2036 23.2952
v  -42.0581 -5.2036 22.7603
v  -42.3354 -5.2206 23.2629
v  -42.1516 -5.2206 22.7282
v  -42.4362 -5.2309 23.2282
v  -42.2519 -5.2309 22.6937
v  -42.5439 -5.2343 23.1910
v  -42.3592 -5.2343 22.6566
v  -42.8218 -5.2154 23.0947
v  -42.6359 -5.2154 22.5607
v  -43.0567 -5.1587 23.0127
v  -42.8699 -5.1587 22.4790
v  -43.2488 -5.0642 22.9453
v  -43.0612 -5.0642 22.4119
v  -43.3981 -4.9319 22.8927
v  -43.2099 -4.9319 22.3595
v  -43.5048 -4.7618 22.8550
v  -43.3161 -4.7618 22.3219
v  -43.5687 -4.5539 22.8323
v  -43.3798 -4.5539 22.2994
v  -43.5901 -4.3082 22.8248
v  -43.4011 -4.3082 22.2918
v  -44.6803 -4.3082 22.4330
v  -44.4869 -4.3082 21.9017
v  -44.6750 -4.4598 22.4350
v  -44.4816 -4.4598 21.9036
v  -44.6589 -4.6062 22.4408
v  -44.4656 -4.6062 21.9095
v  -44.6322 -4.7472 22.4506
v  -44.4390 -4.7472 21.9192
v  -44.5947 -4.8828 22.4642
v  -44.4017 -4.8828 21.9327
v  -44.5465 -5.0132 22.4817
v  -44.3537 -5.0132 21.9501
v  -44.4876 -5.1383 22.5030
v  -44.2950 -5.1383 21.9714
v  -44.4180 -5.2580 22.5282
v  -44.2257 -5.2580 21.9965
v  -44.3382 -5.3716 22.5571
v  -44.1462 -5.3716 22.0252
v  -44.2487 -5.4780 22.5893
v  -44.0570 -5.4780 22.0574
v  -44.1495 -5.5773 22.6250
v  -43.9582 -5.5773 22.0929
v  -44.0405 -5.6695 22.6641
v  -43.8497 -5.6695 22.1319
v  -43.9219 -5.7546 22.7066
v  -43.7316 -5.7546 22.1742
v  -43.7935 -5.8326 22.7524
v  -43.6037 -5.8326 22.2198
v  -43.6554 -5.9034 22.8016
v  -43.4662 -5.9034 22.2687
v  -43.5102 -5.9659 22.8531
v  -43.3215 -5.9659 22.3200
v  -43.3604 -6.0188 22.9060
v  -43.1724 -6.0188 22.3727
v  -43.2062 -6.0620 22.9602
v  -43.0188 -6.0620 22.4268
v  -43.0474 -6.0957 23.0159
v  -42.8606 -6.0957 22.4822
v  -42.8841 -6.1197 23.0730
v  -42.6980 -6.1197 22.5390
v  -42.7163 -6.1341 23.1313
v  -42.5309 -6.1341 22.5972
v  -42.5439 -6.1389 23.1910
v  -42.3592 -6.1389 22.6566
v  -42.2997 -6.1306 23.2752
v  -42.1160 -6.1306 22.7405
v  -42.0701 -6.1054 23.3539
v  -41.8872 -6.1054 22.8188
v  -41.8550 -6.0634 23.4272
v  -41.6731 -6.0634 22.8918
v  -41.6545 -6.0046 23.4951
v  -41.4734 -6.0046 22.9595
v  -41.4687 -5.9291 23.5578
v  -41.2883 -5.9291 23.0219
v  -41.2976 -5.8367 23.6153
v  -41.1179 -5.8367 23.0792
v  -41.1411 -5.7276 23.6677
v  -40.9620 -5.7276 23.1313
v  -41.0025 -5.6037 23.7138
v  -40.8240 -5.6037 23.1773
v  -40.8853 -5.4671 23.7528
v  -40.7073 -5.4671 23.2161
v  -40.7893 -5.3178 23.7846
v  -40.6117 -5.3178 23.2478
v  -40.7147 -5.1557 23.8093
v  -40.5373 -5.1557 23.2724
v  -40.6614 -4.9809 23.8269
v  -40.4842 -4.9809 23.2899
v  -40.6293 -4.7934 23.8374
v  -40.4524 -4.7934 23.3004
v  -40.6187 -4.5932 23.8409
v  -40.4417 -4.5932 23.3039
v  -40.6274 -4.4117 23.8380
v  -40.4504 -4.4117 23.3010
v  -40.6536 -4.2389 23.8294
v  -40.4765 -4.2389 23.2924
v  -40.6972 -4.0749 23.8150
v  -40.5200 -4.0749 23.2781
v  -40.7583 -3.9197 23.7948
v  -40.5808 -3.9197 23.2580
v  -40.8368 -3.7732 23.7689
v  -40.6590 -3.7732 23.2321
v  -40.9328 -3.6354 23.7370
v  -40.7545 -3.6354 23.2004
v  -41.0461 -3.5064 23.6993
v  -40.8674 -3.5064 23.1629
v  -41.1785 -3.3847 23.6552
v  -40.9993 -3.3847 23.1189
v  -41.3315 -3.2687 23.6039
v  -41.1517 -3.2687 23.0679
v  -41.5052 -3.1585 23.5455
v  -41.3247 -3.1585 23.0097
v  -41.6995 -3.0541 23.4799
v  -41.5182 -3.0541 22.9444
v  -41.9144 -2.9555 23.4070
v  -41.7322 -2.9555 22.8717
v  -42.1498 -2.8626 23.3266
v  -41.9667 -2.8626 22.7917
v  -42.4057 -2.7755 23.2387
v  -42.2215 -2.7755 22.7041
v  -42.5452 -2.7292 23.1906
v  -42.3605 -2.7292 22.6562
v  -42.6746 -2.6818 23.1458
v  -42.4894 -2.6818 22.6116
v  -42.7940 -2.6335 23.1043
v  -42.6082 -2.6335 22.5703
v  -42.9033 -2.5842 23.0663
v  -42.7171 -2.5842 22.5324
v  -43.0025 -2.5339 23.0316
v  -42.8160 -2.5339 22.4979
v  -43.0918 -2.4826 23.0004
v  -42.9048 -2.4826 22.4668
v  -43.1709 -2.4304 22.9726
v  -42.9837 -2.4304 22.4391
v  -43.2398 -2.3759 22.9484
v  -43.0523 -2.3759 22.4150
v  -43.2981 -2.3177 22.9279
v  -43.1103 -2.3177 22.3946
v  -43.3457 -2.2560 22.9111
v  -43.1578 -2.2560 22.3779
v  -43.3828 -2.1907 22.8981
v  -43.1947 -2.1907 22.3648
v  -43.4093 -2.1217 22.8887
v  -43.2211 -2.1217 22.3555
v  -43.4252 -2.0492 22.8831
v  -43.2369 -2.0492 22.3500
v  -43.4305 -1.9730 22.8812
v  -43.2421 -1.9730 22.3481
v  -43.4259 -1.8919 22.8828
v  -43.2376 -1.8919 22.3497
v  -43.4124 -1.8154 22.8876
v  -43.2241 -1.8154 22.3544
v  -43.3898 -1.7435 22.8956
v  -43.2016 -1.7435 22.3624
v  -43.3582 -1.6762 22.9067
v  -43.1701 -1.6762 22.3735
v  -43.3175 -1.6135 22.9211
v  -43.1296 -1.6135 22.3878
v  -43.2678 -1.5555 22.9386
v  -43.0801 -1.5555 22.4052
v  -43.2090 -1.5021 22.9592
v  -43.0216 -1.5021 22.4258
v  -43.1421 -1.4547 22.9827
v  -42.9549 -1.4547 22.4492
v  -43.0679 -1.4146 23.0087
v  -42.8811 -1.4146 22.4751
v  -42.9864 -1.3818 23.0372
v  -42.7999 -1.3818 22.5035
v  -42.8977 -1.3562 23.0682
v  -42.7115 -1.3562 22.5343
v  -42.8016 -1.3380 23.1017
v  -42.6159 -1.3380 22.5676
v  -42.6983 -1.3270 23.1376
v  -42.5129 -1.3270 22.6034
v  -42.5877 -1.3234 23.1759
v  -42.4027 -1.3234 22.6416
v  -42.4729 -1.3277 23.2156
v  -42.2885 -1.3277 22.6811
v  -42.3658 -1.3408 23.2525
v  -42.1818 -1.3408 22.7178
v  -42.2662 -1.3625 23.2867
v  -42.0826 -1.3625 22.7519
v  -42.1741 -1.3929 23.3183
v  -41.9909 -1.3929 22.7834
v  -42.0896 -1.4320 23.3472
v  -41.9067 -1.4320 22.8122
v  -42.0127 -1.4798 23.3735
v  -41.8301 -1.4798 22.8384
v  -41.9433 -1.5363 23.3971
v  -41.7610 -1.5363 22.8619
v  -41.8824 -1.6006 23.4179
v  -41.7004 -1.6006 22.8825
v  -41.8309 -1.6719 23.4354
v  -41.6490 -1.6719 22.9000
v  -41.7887 -1.7502 23.4497
v  -41.6070 -1.7502 22.9142
v  -41.7559 -1.8354 23.4608
v  -41.5743 -1.8354 22.9253
v  -41.7325 -1.9275 23.4688
v  -41.5510 -1.9275 22.9332
v  -41.7184 -2.0267 23.4735
v  -41.5370 -2.0267 22.9380
v  -41.7137 -2.1328 23.4751
v  -41.5323 -2.1328 22.9396
v  -40.6187 -2.1328 23.8409
v  -40.4417 -2.1328 23.3039
v  -40.6237 -1.9917 23.8393
v  -40.4468 -1.9917 23.3022
v  -40.6388 -1.8549 23.8343
v  -40.4618 -1.8549 23.2973
v  -40.6640 -1.7225 23.8260
v  -40.4869 -1.7225 23.2890
v  -40.6992 -1.5944 23.8144
v  -40.5220 -1.5944 23.2774
v  -40.7445 -1.4708 23.7994
v  -40.5671 -1.4708 23.2625
v  -40.7999 -1.3515 23.7811
v  -40.6222 -1.3515 23.2443
v  -40.8653 -1.2366 23.7594
v  -40.6874 -1.2366 23.2227
v  -40.9398 -1.1275 23.7347
v  -40.7616 -1.1275 23.1981
v  -41.0224 -1.0257 23.7072
v  -40.8439 -1.0257 23.1707
v  -41.1132 -0.9311 23.6770
v  -40.9342 -0.9311 23.1406
v  -41.2120 -0.8439 23.6440
v  -41.0326 -0.8439 23.1077
v  -41.3189 -0.7638 23.6082
v  -41.1391 -0.7638 23.0721
v  -41.4339 -0.6911 23.5695
v  -41.2537 -0.6911 23.0336
v  -41.5570 -0.6257 23.5281
v  -41.3763 -0.6257 22.9923
v  -41.6866 -0.5683 23.4843
v  -41.5054 -0.5683 22.9487
v  -41.8213 -0.5197 23.4386
v  -41.6395 -0.5197 22.9032
v  -41.9609 -0.4799 23.3911
v  -41.7785 -0.4799 22.8559
v  -42.1056 -0.4490 23.3418
v  -41.9226 -0.4490 22.8068
v  -42.2552 -0.4269 23.2905
v  -42.0717 -0.4269 22.7557
v  -42.4099 -0.4137 23.2373
v  -42.2257 -0.4137 22.7027
v  -42.5695 -0.4093 23.1822
v  -42.3847 -0.4093 22.6478
v  -42.7282 -0.4133 23.1272
v  -42.5428 -0.4133 22.5930
v  -42.8824 -0.4255 23.0735
v  -42.6963 -0.4255 22.5396
v  -43.0320 -0.4459 23.0213
v  -42.8453 -0.4459 22.4876
v  -43.1770 -0.4743 22.9705
v  -42.9897 -0.4743 22.4370
v  -43.3174 -0.5109 22.9211
v  -43.1296 -0.5109 22.3878
v  -43.4533 -0.5556 22.8732
v  -43.2649 -0.5556 22.3401
v  -43.5846 -0.6084 22.8267
v  -43.3957 -0.6084 22.2938
v  -43.7093 -0.6685 22.7824
v  -43.5199 -0.6685 22.2496
v  -43.8254 -0.7349 22.7411
v  -43.6355 -0.7349 22.2085
v  -43.9329 -0.8076 22.7027
v  -43.7425 -0.8076 22.1703
v  -44.0318 -0.8867 22.6673
v  -43.8410 -0.8867 22.1350
v  -44.1220 -0.9721 22.6349
v  -43.9309 -0.9721 22.1027
v  -44.2037 -1.0638 22.6055
v  -44.0123 -1.0638 22.0735
v  -44.2768 -1.1619 22.5792
v  -44.0850 -1.1619 22.0473
v  -44.3407 -1.2651 22.5562
v  -44.1487 -1.2651 22.0243
v  -44.3947 -1.3723 22.5366
v  -44.2025 -1.3723 22.0049
v  -44.4389 -1.4835 22.5207
v  -44.2465 -1.4835 21.9890
v  -44.4733 -1.5986 22.5082
v  -44.2807 -1.5986 21.9766
v  -44.4978 -1.7178 22.4993
v  -44.3052 -1.7178 21.9677
v  -44.5126 -1.8409 22.4940
v  -44.3199 -1.8409 21.9624
v  -44.5175 -1.9680 22.4922
v  -44.3247 -1.9680 21.9606
v  -44.4992 -2.2092 22.4988
v  -44.3065 -2.2092 21.9672
v  -44.4442 -2.4358 22.5187
v  -44.2518 -2.4358 21.9871
v  -44.3526 -2.6479 22.5518
v  -44.1606 -2.6479 22.0200
v  -44.2244 -2.8454 22.5981
v  -44.0328 -2.8454 22.0661
v  -44.0594 -3.0284 22.6574
v  -43.8686 -3.0284 22.1251
v  -43.8577 -3.1968 22.7295
v  -43.6677 -3.1968 22.1970
v  -43.6192 -3.3507 22.8144
v  -43.4301 -3.3507 22.2815
v  -43.5200 -3.4044 22.8496
v  -43.3313 -3.4044 22.3165
v  -43.4112 -3.4585 22.8880
v  -43.2230 -3.4585 22.3548
v  -43.2928 -3.5127 22.9298
v  -43.1050 -3.5127 22.3964
v  -43.1647 -3.5672 22.9748
v  -42.9774 -3.5672 22.4413
v  -43.0269 -3.6220 23.0231
v  -42.8402 -3.6220 22.4894
v  -42.8794 -3.6770 23.0746
v  -42.6933 -3.6770 22.5407
v  -42.7222 -3.7322 23.1293
v  -42.5367 -3.7322 22.5951
v  -42.5672 -3.7872 23.1830
v  -42.3824 -3.7872 22.6486
v  -42.4264 -3.8414 23.2316
v  -42.2422 -3.8414 22.6970
v  -42.2999 -3.8948 23.2751
v  -42.1161 -3.8948 22.7404
v  -42.1876 -3.9474 23.3137
v  -42.0043 -3.9474 22.7788
v  -42.0895 -3.9992 23.3473
v  -41.9066 -3.9992 22.8122
v  -42.0056 -4.0503 23.3759
v  -41.8231 -4.0503 22.8407
v  -41.9360 -4.1005 23.3996
v  -41.7538 -4.1005 22.8644
v  -41.8780 -4.1535 23.4194
v  -41.6960 -4.1535 22.8840
v  -41.8289 -4.2127 23.4360
v  -41.6471 -4.2127 22.9006
v  -41.7888 -4.2780 23.4497
v  -41.6071 -4.2780 22.9142
v  -41.7575 -4.3495 23.4603
v  -41.5760 -4.3495 22.9248
v  -41.7352 -4.4273 23.4678
v  -41.5538 -4.4273 22.9323
v  -41.7218 -4.5112 23.4724
v  -41.5404 -4.5112 22.9368
v  -41.7174 -4.6013 23.4739
v  -41.5360 -4.6013 22.9383
v  -40.2058 -0.4847 23.9762
v  -35.8438 -0.4847 25.3199
v  -35.6862 -0.4847 24.7768
v  -40.0305 -0.4847 23.4387
v  -40.2058 -1.4176 23.9762
v  -40.0305 -1.4176 23.4387
v  -38.5926 -1.4176 24.4914
v  -38.4239 -1.4176 23.9517
v  -38.5926 -6.0636 24.4914
v  -38.4239 -6.0636 23.9517
v  -37.4893 -6.0636 24.8313
v  -37.3250 -6.0636 24.2903
v  -37.4893 -1.4176 24.8313
v  -37.3250 -1.4176 24.2903
v  -35.8438 -1.4176 25.3199
v  -35.6862 -1.4176 24.7768
v  -30.5960 -6.0636 26.7327
v  -31.7862 -6.0636 26.4314
v  -31.6450 -6.0636 25.8839
v  -30.4597 -6.0636 26.1839
v  -32.6278 -0.4847 26.2117
v  -32.4832 -0.4847 25.6650
v  -33.6611 -0.4847 25.9341
v  -33.5123 -0.4847 25.3886
v  -35.6694 -6.0636 25.3704
v  -35.5125 -6.0636 24.8271
v  -34.4884 -6.0636 25.7058
v  -34.3363 -6.0636 25.1612
v  -34.1176 -4.9139 25.8088
v  -33.9670 -4.9139 25.2638
v  -32.1624 -4.9139 26.3339
v  -32.0198 -4.9139 25.7867
v  -32.4641 -3.9809 26.2548
v  -33.1446 -1.8947 26.0739
v  -32.9980 -1.8947 25.5278
v  -32.3202 -3.9809 25.7080
v  -33.8170 -3.9809 25.8915
v  -33.6676 -3.9809 25.3462
v  -27.7132 -6.0531 27.4165
v  -27.9705 -6.0636 27.3581
v  -27.8448 -6.0636 26.8068
v  -27.5886 -6.0531 26.8650
v  -27.4734 -6.0260 27.4705
v  -27.3497 -6.0260 26.9188
v  -27.2509 -5.9824 27.5202
v  -27.1282 -5.9824 26.9683
v  -27.0459 -5.9221 27.5656
v  -26.9239 -5.9221 27.0135
v  -26.8583 -5.8453 27.6069
v  -26.7371 -5.8453 27.0547
v  -26.6881 -5.7519 27.6442
v  -26.5676 -5.7519 27.0917
v  -26.5354 -5.6419 27.6774
v  -26.4155 -5.6419 27.1248
v  -26.4017 -5.5157 27.7063
v  -26.2823 -5.5157 27.1537
v  -26.2885 -5.3734 27.7307
v  -26.1696 -5.3734 27.1779
v  -26.1959 -5.2153 27.7506
v  -26.0774 -5.2153 27.1978
v  -26.1238 -5.0411 27.7660
v  -26.0056 -5.0411 27.2131
v  -26.0724 -4.8510 27.7770
v  -25.9544 -4.8510 27.2241
v  -26.0415 -4.6450 27.7836
v  -25.9236 -4.6450 27.2306
v  -26.0312 -4.4229 27.7858
v  -25.9134 -4.4229 27.2328
v  -26.0362 -4.2912 27.7848
v  -25.9183 -4.2912 27.2318
v  -26.0510 -4.1654 27.7816
v  -25.9331 -4.1654 27.2286
v  -26.0758 -4.0456 27.7763
v  -25.9578 -4.0456 27.2233
v  -26.1105 -3.9317 27.7689
v  -25.9923 -3.9317 27.2160
v  -26.1551 -3.8237 27.7594
v  -26.0367 -3.8237 27.2065
v  -26.2096 -3.7217 27.7477
v  -26.0910 -3.7217 27.1948
v  -26.2739 -3.6257 27.7339
v  -26.1551 -3.6257 27.1811
v  -26.3469 -3.5370 27.7182
v  -26.2278 -3.5370 27.1654
v  -26.4272 -3.4573 27.7008
v  -26.3078 -3.4573 27.1482
v  -26.5148 -3.3865 27.6819
v  -26.3950 -3.3865 27.1293
v  -26.6096 -3.3247 27.6613
v  -26.4894 -3.3247 27.1088
v  -26.7117 -3.2717 27.6390
v  -26.5911 -3.2717 27.0866
v  -26.8211 -3.2277 27.6151
v  -26.7001 -3.2277 27.0628
v  -26.9378 -3.1925 27.5895
v  -26.8163 -3.1925 27.0373
v  -26.8358 -3.1476 27.6119
v  -26.7147 -3.1476 27.0596
v  -26.7405 -3.0958 27.6327
v  -26.6197 -3.0958 27.0804
v  -26.6517 -3.0372 27.6521
v  -26.5313 -3.0372 27.0997
v  -26.5695 -2.9719 27.6700
v  -26.4494 -2.9719 27.1175
v  -26.4939 -2.8997 27.6864
v  -26.3741 -2.8997 27.1338
v  -26.4248 -2.8207 27.7013
v  -26.3054 -2.8207 27.1487
v  -26.3624 -2.7349 27.7148
v  -26.2432 -2.7349 27.1621
v  -26.3075 -2.6437 27.7266
v  -26.1885 -2.6437 27.1739
v  -26.2610 -2.5485 27.7366
v  -26.1422 -2.5485 27.1838
v  -26.2230 -2.4494 27.7448
v  -26.1044 -2.4494 27.1920
v  -26.1934 -2.3463 27.7511
v  -26.0749 -2.3463 27.1983
v  -26.1723 -2.2391 27.7557
v  -26.0539 -2.2391 27.2028
v  -26.1596 -2.1280 27.7584
v  -26.0413 -2.1280 27.2055
v  -26.1554 -2.0129 27.7593
v  -26.0371 -2.0129 27.2064
v  -26.1659 -1.8058 27.7570
v  -26.0475 -1.8058 27.2041
v  -26.1975 -1.6135 27.7503
v  -26.0790 -1.6135 27.1974
v  -26.2501 -1.4359 27.7390
v  -26.1314 -1.4359 27.1862
v  -26.3237 -1.2731 27.7231
v  -26.2047 -1.2731 27.1704
v  -26.4184 -1.1251 27.7027
v  -26.2990 -1.1251 27.1501
v  -26.5341 -0.9919 27.6777
v  -26.4142 -0.9919 27.1251
v  -26.6708 -0.8734 27.6479
v  -26.5504 -0.8734 27.0955
v  -26.8278 -0.7703 27.6136
v  -26.7067 -0.7703 27.0613
v  -27.0044 -0.6830 27.5748
v  -26.8826 -0.6830 27.0226
v  -27.2006 -0.6116 27.5314
v  -27.0780 -0.6116 26.9794
v  -27.4163 -0.5561 27.4833
v  -27.2928 -0.5561 26.9315
v  -27.6516 -0.5164 27.4304
v  -27.5272 -0.5164 26.8789
v  -27.9063 -0.4926 27.3727
v  -27.7809 -0.4926 26.8214
v  -28.1806 -0.4847 27.3100
v  -28.0540 -0.4847 26.7590
v  -30.0904 -0.4847 26.8573
v  -29.9562 -0.4847 26.3080
v  -30.0904 -6.0636 26.8573
v  -29.9562 -6.0636 26.3080
v  -27.7306 -3.6509 27.4126
v  -27.9367 -3.6322 27.3658
v  -27.8112 -3.6322 26.8145
v  -27.6059 -3.6509 26.8611
v  -27.5561 -3.7005 27.4519
v  -27.4321 -3.7005 26.9003
v  -27.4133 -3.7809 27.4840
v  -27.2899 -3.7809 26.9322
v  -27.3022 -3.8921 27.5088
v  -27.1792 -3.8921 26.9569
v  -27.2229 -4.0342 27.5264
v  -27.1002 -4.0342 26.9745
v  -27.1753 -4.2072 27.5370
v  -27.0528 -4.2072 26.9850
v  -27.1594 -4.4110 27.5405
v  -27.0370 -4.4110 26.9885
v  -27.1639 -4.5056 27.5395
v  -27.0415 -4.5056 26.9875
v  -27.1776 -4.5941 27.5365
v  -27.0551 -4.5941 26.9845
v  -27.2004 -4.6766 27.5314
v  -27.0779 -4.6766 26.9794
v  -27.2324 -4.7530 27.5243
v  -27.1097 -4.7530 26.9724
v  -27.2734 -4.8235 27.5152
v  -27.1506 -4.8235 26.9633
v  -27.3236 -4.8879 27.5040
v  -27.2005 -4.8879 26.9521
v  -27.3829 -4.9463 27.4908
v  -27.2596 -4.9463 26.9389
v  -27.4503 -4.9977 27.4757
v  -27.3267 -4.9977 26.9239
v  -27.5249 -5.0412 27.4590
v  -27.4010 -5.0412 26.9073
v  -27.6065 -5.0768 27.4406
v  -27.4823 -5.0768 26.8890
v  -27.6953 -5.1044 27.4206
v  -27.5707 -5.1044 26.8690
v  -27.7912 -5.1242 27.3989
v  -27.6662 -5.1242 26.8474
v  -27.8942 -5.1361 27.3755
v  -27.7688 -5.1361 26.8241
v  -28.0043 -5.1400 27.3504
v  -27.8785 -5.1400 26.7991
v  -28.9678 -5.1400 27.1269
v  -28.8381 -5.1400 26.5765
v  -28.9678 -3.6322 27.1269
v  -28.8381 -3.6322 26.5765
v  -28.1806 -1.4176 27.3100
v  -28.9678 -1.4176 27.1269
v  -28.8381 -1.4176 26.5765
v  -28.0540 -1.4176 26.7590
v  -28.0528 -1.4210 27.3393
v  -27.9267 -1.4210 26.7881
v  -27.9351 -1.4312 27.3662
v  -27.8095 -1.4312 26.8149
v  -27.8276 -1.4482 27.3906
v  -27.7025 -1.4482 26.8392
v  -27.7303 -1.4720 27.4127
v  -27.6056 -1.4720 26.8612
v  -27.6432 -1.5026 27.4323
v  -27.5188 -1.5026 26.8808
v  -27.5662 -1.5399 27.4497
v  -27.4421 -1.5399 26.8980
v  -27.4994 -1.5841 27.4647
v  -27.3756 -1.5841 26.9130
v  -27.4421 -1.6360 27.4775
v  -27.3186 -1.6360 26.9257
v  -27.3937 -1.6965 27.4884
v  -27.2703 -1.6965 26.9366
v  -27.3540 -1.7658 27.4972
v  -27.2308 -1.7658 26.9454
v  -27.3232 -1.8436 27.5041
v  -27.2001 -1.8436 26.9522
v  -27.3011 -1.9302 27.5090
v  -27.1781 -1.9302 26.9571
v  -27.2879 -2.0254 27.5120
v  -27.1650 -2.0254 26.9601
v  -27.2835 -2.1293 27.5129
v  -27.1606 -2.1293 26.9610
v  -27.3009 -2.3092 27.5091
v  -27.1779 -2.3092 26.9572
v  -27.3531 -2.4622 27.4974
v  -27.2299 -2.4622 26.9456
v  -27.4401 -2.5881 27.4780
v  -27.3165 -2.5881 26.9262
v  -27.5619 -2.6871 27.4506
v  -27.4378 -2.6871 26.8990
v  -27.7184 -2.7590 27.4153
v  -27.5937 -2.7590 26.8638
v  -27.9097 -2.8039 27.3720
v  -27.7842 -2.8039 26.8206
v  -28.1356 -2.8218 27.3204
v  -28.0093 -2.8218 26.7692
v  -28.9678 -2.8218 27.1269
v  -28.8381 -2.8218 26.5765
v  -25.1820 -0.4847 27.9640
v  -24.0504 -0.4847 28.1929
v  -23.9406 -0.4847 27.6383
v  -25.0676 -0.4847 27.4103
v  -25.1820 -6.0636 27.9640
v  -25.0676 -6.0636 27.4103
v  -21.6415 -6.0636 28.6480
v  -21.5414 -6.0636 28.0915
v  -21.6415 -5.1400 28.6480
v  -21.5414 -5.1400 28.0915
v  -24.0504 -5.1400 28.1929
v  -23.9406 -5.1400 27.6383
v  -19.8522 -2.7464 28.9577
v  -17.6627 -2.7464 29.3042
v  -17.5788 -2.7464 28.7450
v  -19.7594 -2.7464 28.3999
v  -19.8522 -1.4176 28.9577
v  -19.7594 -1.4176 28.3999
v  -17.2895 -1.4176 29.3597
v  -17.2071 -1.4176 28.8003
v  -17.2895 -0.4847 29.3597
v  -17.2071 -0.4847 28.8003
v  -20.9903 -0.4847 28.7635
v  -20.8929 -0.4847 28.2065
v  -20.9903 -6.0636 28.7635
v  -20.8929 -6.0636 28.2065
v  -17.2819 -6.0636 29.3608
v  -17.1995 -6.0636 28.8014
v  -17.2819 -5.1400 29.3608
v  -17.1995 -5.1400 28.8014
v  -19.8522 -5.1400 28.9577
v  -19.7594 -5.1400 28.3999
v  -19.8522 -3.6416 28.9577
v  -19.7594 -3.6416 28.3999
v  -17.6627 -3.6416 29.3042
v  -17.5788 -3.6416 28.7450
v  -14.1877 -4.0937 29.7813
v  -14.4615 -4.1034 29.7470
v  -14.3905 -4.1034 29.1860
v  -14.1178 -4.0937 29.2202
v  -13.9314 -4.0647 29.8130
v  -13.8625 -4.0647 29.2518
v  -13.6925 -4.0164 29.8421
v  -13.6246 -4.0164 29.2808
v  -13.4712 -3.9487 29.8687
v  -13.4042 -3.9487 29.3072
v  -13.2673 -3.8616 29.8928
v  -13.2012 -3.8616 29.3313
v  -13.0810 -3.7552 29.9147
v  -13.0156 -3.7552 29.3530
v  -12.9122 -3.6295 29.9342
v  -12.8475 -3.6295 29.3725
v  -12.7636 -3.4870 29.9513
v  -12.6995 -3.4870 29.3895
v  -12.6378 -3.3303 29.9655
v  -12.5742 -3.3303 29.4037
v  -12.5349 -3.1595 29.9772
v  -12.4717 -3.1595 29.4153
v  -12.4549 -2.9745 29.9861
v  -12.3920 -2.9745 29.4242
v  -12.3977 -2.7753 29.9925
v  -12.3351 -2.7753 29.4306
v  -12.3634 -2.5619 29.9963
v  -12.3009 -2.5619 29.4344
v  -12.3520 -2.3344 29.9976
v  -12.2895 -2.3344 29.4356
v  -12.3572 -2.1822 29.9970
v  -12.2947 -2.1822 29.4351
v  -12.3729 -2.0347 29.9953
v  -12.3104 -2.0347 29.4333
v  -12.3990 -1.8921 29.9924
v  -12.3364 -1.8921 29.4304
v  -12.4356 -1.7542 29.9883
v  -12.3729 -1.7542 29.4263
v  -12.4827 -1.6211 29.9830
v  -12.4197 -1.6211 29.4211
v  -12.5402 -1.4927 29.9766
v  -12.4770 -1.4927 29.4147
v  -12.6082 -1.3692 29.9689
v  -12.5447 -1.3692 29.4070
v  -12.6859 -1.2520 29.9601
v  -12.6221 -1.2520 29.3983
v  -12.7725 -1.1427 29.9502
v  -12.7084 -1.1427 29.3885
v  -12.8682 -1.0413 29.9393
v  -12.8036 -1.0413 29.3775
v  -12.9728 -0.9478 29.9272
v  -12.9078 -0.9478 29.3655
v  -13.0863 -0.8623 29.9140
v  -13.0209 -0.8623 29.3524
v  -13.2089 -0.7846 29.8997
v  -13.1429 -0.7846 29.3381
v  -13.3403 -0.7149 29.8842
v  -13.2739 -0.7149 29.3227
v  -13.4794 -0.6538 29.8677
v  -13.4124 -0.6538 29.3063
v  -13.6245 -0.6021 29.8503
v  -13.5569 -0.6021 29.2889
v  -13.7758 -0.5598 29.8320
v  -13.7076 -0.5598 29.2707
v  -13.9333 -0.5270 29.8128
v  -13.8644 -0.5270 29.2516
v  -14.0969 -0.5035 29.7926
v  -14.0274 -0.5035 29.2315
v  -14.2666 -0.4894 29.7715
v  -14.1964 -0.4894 29.2104
v  -14.4424 -0.4847 29.7494
v  -14.3715 -0.4847 29.1884
v  -16.6090 -0.4847 29.4583
v  -16.5293 -0.4847 28.8985
v  -16.6090 -6.0636 29.4583
v  -16.5293 -6.0636 28.8985
v  -15.4653 -6.0636 29.6162
v  -15.3903 -6.0636 29.0558
v  -15.4653 -4.1034 29.6162
v  -15.3903 -4.1034 29.0558
v  -14.4157 -1.4176 29.7528
v  -15.4653 -1.4176 29.6162
v  -15.3903 -1.4176 29.0558
v  -14.3449 -1.4176 29.1918
v  -14.2984 -1.4248 29.7675
v  -14.2280 -1.4248 29.2065
v  -14.1884 -1.4420 29.7812
v  -14.1186 -1.4420 29.2201
v  -14.0860 -1.4693 29.7940
v  -14.0166 -1.4693 29.2328
v  -13.9911 -1.5065 29.8057
v  -13.9220 -1.5065 29.2445
v  -13.9036 -1.5538 29.8164
v  -13.8349 -1.5538 29.2552
v  -13.8236 -1.6111 29.8262
v  -13.7552 -1.6111 29.2649
v  -13.7511 -1.6784 29.8350
v  -13.6830 -1.6784 29.2737
v  -13.6873 -1.7539 29.8427
v  -13.6194 -1.7539 29.2814
v  -13.6333 -1.8359 29.8493
v  -13.5656 -1.8359 29.2879
v  -13.5891 -1.9243 29.8546
v  -13.5216 -1.9243 29.2932
v  -13.5547 -2.0191 29.8587
v  -13.4874 -2.0191 29.2973
v  -13.5301 -2.1203 29.8616
v  -13.4629 -2.1203 29.3002
v  -13.5154 -2.2280 29.8634
v  -13.4482 -2.2280 29.3020
v  -13.5105 -2.3420 29.8640
v  -13.4434 -2.3420 29.3026
v  -13.5154 -2.4523 29.8634
v  -13.4482 -2.4523 29.3020
v  -13.5300 -2.5549 29.8617
v  -13.4628 -2.5549 29.3002
v  -13.5543 -2.6501 29.8587
v  -13.4870 -2.6501 29.2973
v  -13.5884 -2.7378 29.8546
v  -13.5210 -2.7378 29.2933
v  -13.6323 -2.8179 29.8494
v  -13.5647 -2.8179 29.2880
v  -13.6859 -2.8906 29.8429
v  -13.6181 -2.8906 29.2816
v  -13.7492 -2.9557 29.8352
v  -13.6811 -2.9557 29.2739
v  -13.8218 -3.0127 29.8264
v  -13.7535 -3.0127 29.2651
v  -13.9033 -3.0609 29.8165
v  -13.8345 -3.0609 29.2552
v  -13.9935 -3.1003 29.8054
v  -13.9244 -3.1003 29.2442
v  -14.0925 -3.1310 29.7932
v  -14.0230 -3.1310 29.2320
v  -14.2004 -3.1529 29.7798
v  -14.1304 -3.1529 29.2187
v  -14.3170 -3.1661 29.7652
v  -14.2466 -3.1661 29.2041
v  -14.4424 -3.1705 29.7494
v  -14.3715 -3.1705 29.1884
v  -15.4653 -3.1705 29.6162
v  -15.3903 -3.1705 29.0558
v  -7.2164 -6.0636 30.4723
v  -8.4520 -6.0636 30.3756
v  -8.4054 -6.0636 29.8121
v  -7.1748 -6.0636 29.9084
v  -7.2164 -6.0098 30.4723
v  -7.1748 -6.0098 29.9084
v  -8.4250 -3.7276 30.3778
v  -8.3785 -3.7276 29.8143
v  -8.2867 -3.6599 30.3891
v  -8.2407 -3.6599 29.8256
v  -8.1587 -3.5859 30.3995
v  -8.1133 -3.5859 29.8359
v  -8.0412 -3.5055 30.4089
v  -7.9962 -3.5055 29.8453
v  -7.9340 -3.4188 30.4175
v  -7.8895 -3.4188 29.8538
v  -7.8373 -3.3258 30.4251
v  -7.7931 -3.3258 29.8614
v  -7.7510 -3.2264 30.4318
v  -7.7072 -3.2264 29.8681
v  -7.6750 -3.1208 30.4377
v  -7.6315 -3.1208 29.8739
v  -7.6094 -3.0080 30.4427
v  -7.5662 -3.0080 29.8790
v  -7.5538 -2.8876 30.4470
v  -7.5108 -2.8876 29.8832
v  -7.5083 -2.7594 30.4504
v  -7.4655 -2.7594 29.8866
v  -7.4730 -2.6235 30.4531
v  -7.4303 -2.6235 29.8893
v  -7.4477 -2.4798 30.4550
v  -7.4052 -2.4798 29.8912
v  -7.4326 -2.3284 30.4562
v  -7.3901 -2.3284 29.8923
v  -7.4275 -2.1693 30.4565
v  -7.3850 -2.1693 29.8927
v  -7.4385 -1.9470 30.4557
v  -7.3960 -1.9470 29.8919
v  -7.4714 -1.7396 30.4532
v  -7.4287 -1.7396 29.8894
v  -7.5262 -1.5470 30.4491
v  -7.4833 -1.5470 29.8853
v  -7.6030 -1.3692 30.4432
v  -7.5598 -1.3692 29.8794
v  -7.7016 -1.2063 30.4356
v  -7.6580 -1.2063 29.8719
v  -7.8222 -1.0582 30.4262
v  -7.7781 -1.0582 29.8625
v  -7.9647 -0.9250 30.4150
v  -7.9201 -0.9250 29.8514
v  -8.1274 -0.8082 30.4020
v  -8.0821 -0.8082 29.8384
v  -8.3086 -0.7093 30.3873
v  -8.2625 -0.7093 29.8238
v  -8.5082 -0.6285 30.3709
v  -8.4613 -0.6285 29.8074
v  -8.7263 -0.5656 30.3526
v  -8.6785 -0.5656 29.7892
v  -8.9628 -0.5206 30.3323
v  -8.9141 -0.5206 29.7690
v  -9.2177 -0.4937 30.3101
v  -9.1679 -0.4937 29.7468
v  -9.4910 -0.4847 30.2857
v  -9.4402 -0.4847 29.7225
v  -11.5632 -0.4847 30.0830
v  -11.5040 -0.4847 29.5206
v  -11.5632 -6.0636 30.0830
v  -11.5040 -6.0636 29.5206
v  -10.4146 -6.0636 30.1992
v  -10.3600 -6.0636 29.6364
v  -10.4146 -4.0186 30.1992
v  -10.3600 -4.0186 29.6364
v  -9.4987 -4.0186 30.2850
v  -9.4478 -4.0186 29.7218
v  -9.4910 -1.4176 30.2857
v  -10.4146 -1.4176 30.1992
v  -10.3600 -1.4176 29.6364
v  -9.4402 -1.4176 29.7225
v  -9.3634 -1.4222 30.2971
v  -9.3131 -1.4222 29.7339
v  -9.2455 -1.4360 30.3076
v  -9.1957 -1.4360 29.7444
v  -9.1374 -1.4590 30.3171
v  -9.0880 -1.4590 29.7539
v  -9.0391 -1.4912 30.3257
v  -8.9901 -1.4912 29.7624
v  -8.9506 -1.5325 30.3334
v  -8.9019 -1.5325 29.7701
v  -8.8718 -1.5831 30.3402
v  -8.8235 -1.5831 29.7768
v  -8.8029 -1.6428 30.3461
v  -8.7548 -1.6428 29.7827
v  -8.7434 -1.7106 30.3511
v  -8.6955 -1.7106 29.7877
v  -8.6930 -1.7852 30.3554
v  -8.6454 -1.7852 29.7920
v  -8.6518 -1.8667 30.3589
v  -8.6044 -1.8667 29.7954
v  -8.6198 -1.9551 30.3616
v  -8.5724 -1.9551 29.7981
v  -8.5969 -2.0503 30.3635
v  -8.5496 -2.0503 29.8000
v  -8.5831 -2.1523 30.3646
v  -8.5360 -2.1523 29.8012
v  -8.5786 -2.2612 30.3650
v  -8.5314 -2.2612 29.8016
v  -8.5834 -2.3680 30.3646
v  -8.5362 -2.3680 29.8012
v  -8.5980 -2.4679 30.3634
v  -8.5507 -2.4679 29.7999
v  -8.6222 -2.5611 30.3614
v  -8.5749 -2.5611 29.7979
v  -8.6562 -2.6476 30.3585
v  -8.6087 -2.6476 29.7951
v  -8.6998 -2.7272 30.3548
v  -8.6522 -2.7272 29.7914
v  -8.7532 -2.8001 30.3503
v  -8.7053 -2.8001 29.7869
v  -8.8163 -2.8662 30.3449
v  -8.7682 -2.8662 29.7815
v  -8.8882 -2.9244 30.3388
v  -8.8398 -2.9244 29.7754
v  -8.9681 -2.9737 30.3319
v  -8.9193 -2.9737 29.7686
v  -9.0559 -3.0140 30.3243
v  -9.0068 -3.0140 29.7610
v  -9.1518 -3.0453 30.3159
v  -9.1023 -3.0453 29.7526
v  -9.2556 -3.0677 30.3067
v  -9.2057 -3.0677 29.7435
v  -9.3674 -3.0812 30.2968
v  -9.3171 -3.0812 29.7336
v  -9.4872 -3.0856 30.2860
v  -9.4364 -3.0856 29.7229
v  -10.4146 -3.0856 30.1992
v  -10.3600 -3.0856 29.6364
v  -1.9609 -2.9214 30.7608
v  -1.9548 -3.1516 30.7610
v  -1.9345 -3.1516 30.1960
v  -1.9405 -2.9214 30.1957
v  -1.9791 -2.6990 30.7601
v  -1.9587 -2.6990 30.1951
v  -2.0095 -2.4845 30.7590
v  -1.9890 -2.4845 30.1940
v  -2.0521 -2.2780 30.7575
v  -2.0314 -2.2780 30.1924
v  -2.1069 -2.0793 30.7555
v  -2.0859 -2.0793 30.1904
v  -2.1738 -1.8886 30.7530
v  -2.1525 -1.8886 30.1879
v  -2.2528 -1.7057 30.7500
v  -2.2313 -1.7057 30.1850
v  -2.3430 -1.5328 30.7465
v  -2.3211 -1.5328 30.1815
v  -2.4432 -1.3717 30.7426
v  -2.4209 -1.3717 30.1776
v  -2.5534 -1.2225 30.7382
v  -2.5307 -1.2225 30.1732
v  -2.6737 -1.0851 30.7333
v  -2.6505 -1.0851 30.1684
v  -2.8041 -0.9597 30.7279
v  -2.7803 -0.9597 30.1630
v  -2.9445 -0.8461 30.7219
v  -2.9201 -0.8461 30.1570
v  -3.0949 -0.7444 30.7154
v  -3.0700 -0.7444 30.1505
v  -3.2535 -0.6555 30.7083
v  -3.2279 -0.6555 30.1434
v  -3.4185 -0.5803 30.7007
v  -3.3922 -0.5803 30.1359
v  -3.5898 -0.5187 30.6926
v  -3.5629 -0.5187 30.1278
v  -3.7675 -0.4708 30.6840
v  -3.7398 -0.4708 30.1193
v  -3.9515 -0.4366 30.6749
v  -3.9231 -0.4366 30.1102
v  -4.1418 -0.4161 30.6652
v  -4.1126 -0.4161 30.1005
v  -4.3385 -0.4093 30.6549
v  -4.3085 -0.4093 30.0903
v  -4.5352 -0.4161 30.6443
v  -4.5044 -0.4161 30.0797
v  -4.7255 -0.4366 30.6338
v  -4.6939 -0.4366 30.0693
v  -4.9094 -0.4708 30.6234
v  -4.8771 -0.4708 30.0589
v  -5.0870 -0.5187 30.6132
v  -5.0540 -0.5187 30.0487
v  -5.2582 -0.5803 30.6030
v  -5.2245 -0.5803 30.0386
v  -5.4230 -0.6555 30.5931
v  -5.3886 -0.6555 30.0287
v  -5.5814 -0.7444 30.5834
v  -5.5464 -0.7444 30.0190
v  -5.7317 -0.8461 30.5740
v  -5.6961 -0.8461 30.0097
v  -5.8719 -0.9597 30.5650
v  -5.8357 -0.9597 30.0008
v  -6.0021 -1.0851 30.5566
v  -5.9654 -1.0851 29.9924
v  -6.1222 -1.2225 30.5488
v  -6.0850 -1.2225 29.9846
v  -6.2323 -1.3717 30.5415
v  -6.1947 -1.3717 29.9773
v  -6.3324 -1.5328 30.5347
v  -6.2944 -1.5328 29.9706
v  -6.4225 -1.7057 30.5286
v  -6.3840 -1.7057 29.9645
v  -6.5014 -1.8886 30.5232
v  -6.4627 -1.8886 29.9591
v  -6.5682 -2.0796 30.5186
v  -6.5292 -2.0796 29.9546
v  -6.6229 -2.2787 30.5148
v  -6.5836 -2.2787 29.9508
v  -6.6654 -2.4858 30.5119
v  -6.6260 -2.4858 29.9478
v  -6.6957 -2.7009 30.5098
v  -6.6562 -2.7009 29.9457
v  -6.7140 -2.9242 30.5085
v  -6.6744 -2.9242 29.9444
v  -6.7200 -3.1554 30.5081
v  -6.6804 -3.1554 29.9440
v  -6.7200 -3.4311 30.5081
v  -6.6804 -3.4311 29.9440
v  -6.7129 -3.6571 30.5086
v  -6.6733 -3.6571 29.9445
v  -6.6937 -3.8756 30.5099
v  -6.6542 -3.8756 29.9459
v  -6.6624 -4.0864 30.5121
v  -6.6231 -4.0864 29.9480
v  -6.6191 -4.2897 30.5151
v  -6.5799 -4.2897 29.9510
v  -6.5637 -4.4854 30.5189
v  -6.5247 -4.4854 29.9549
v  -6.4962 -4.6735 30.5236
v  -6.4575 -4.6735 29.9595
v  -6.4167 -4.8540 30.5290
v  -6.3783 -4.8540 29.9649
v  -6.3261 -5.0249 30.5352
v  -6.2881 -5.0249 29.9710
v  -6.2255 -5.1841 30.5419
v  -6.1879 -5.1841 29.9777
v  -6.1148 -5.3318 30.5492
v  -6.0777 -5.3318 29.9850
v  -5.9942 -5.4677 30.5571
v  -5.9575 -5.4677 29.9929
v  -5.8634 -5.5920 30.5656
v  -5.8273 -5.5920 30.0013
v  -5.7227 -5.7047 30.5745
v  -5.6871 -5.7047 30.0102
v  -5.5719 -5.8057 30.5840
v  -5.5369 -5.8057 30.0196
v  -5.4130 -5.8941 30.5937
v  -5.3786 -5.8941 30.0293
v  -5.2479 -5.9689 30.6036
v  -5.2143 -5.9689 30.0392
v  -5.0768 -6.0301 30.6137
v  -5.0438 -6.0301 30.0493
v  -4.8995 -6.0777 30.6240
v  -4.8673 -6.0777 30.0595
v  -4.7161 -6.1117 30.6343
v  -4.6846 -6.1117 30.0698
v  -4.5265 -6.1322 30.6448
v  -4.4958 -6.1322 30.0802
v  -4.3308 -6.1390 30.6553
v  -4.3009 -6.1390 30.0907
v  -4.1331 -6.1321 30.6657
v  -4.1040 -6.1321 30.1010
v  -3.9419 -6.1114 30.6754
v  -3.9135 -6.1114 30.1107
v  -3.7572 -6.0770 30.6845
v  -3.7296 -6.0770 30.1198
v  -3.5790 -6.0289 30.6931
v  -3.5521 -6.0289 30.1284
v  -3.4073 -5.9670 30.7012
v  -3.3811 -5.9670 30.1364
v  -3.2421 -5.8913 30.7088
v  -3.2165 -5.8913 30.1439
v  -3.0834 -5.8019 30.7159
v  -3.0585 -5.8019 30.1510
v  -2.9331 -5.6998 30.7224
v  -2.9088 -5.6998 30.1575
v  -2.7930 -5.5862 30.7284
v  -2.7693 -5.5862 30.1634
v  -2.6633 -5.4610 30.7337
v  -2.6401 -5.4610 30.1688
v  -2.5438 -5.3242 30.7386
v  -2.5211 -5.3242 30.1736
v  -2.4346 -5.1758 30.7429
v  -2.4123 -5.1758 30.1780
v  -2.3357 -5.0159 30.7468
v  -2.3138 -5.0159 30.1818
v  -2.2470 -4.8444 30.7502
v  -2.2255 -4.8444 30.1852
v  -2.1695 -4.6630 30.7531
v  -2.1483 -4.6630 30.1881
v  -2.1039 -4.4733 30.7556
v  -2.0830 -4.4733 30.1905
v  -2.0502 -4.2753 30.7576
v  -2.0295 -4.2753 30.1925
v  -2.0085 -4.0690 30.7591
v  -1.9879 -4.0690 30.1940
v  -1.9787 -3.8545 30.7602
v  -1.9582 -3.8545 30.1951
v  -1.9608 -3.6316 30.7608
v  -1.9404 -3.6316 30.1957
v  -1.9548 -3.4005 30.7610
v  -1.9345 -3.4005 30.1960
v  -3.1311 -3.6603 30.7138
v  -3.1238 -3.4205 30.7141
v  -3.0987 -3.4205 30.1492
v  -3.1061 -3.6603 30.1489
v  -3.1511 -3.8831 30.7129
v  -3.1259 -3.8831 30.1480
v  -3.1836 -4.0890 30.7114
v  -3.1583 -4.0890 30.1466
v  -3.2286 -4.2779 30.7094
v  -3.2031 -4.2779 30.1445
v  -3.2862 -4.4499 30.7068
v  -3.2605 -4.4499 30.1419
v  -3.3563 -4.6049 30.7036
v  -3.3303 -4.6049 30.1387
v  -3.4390 -4.7430 30.6997
v  -3.4127 -4.7430 30.1349
v  -3.5335 -4.8633 30.6953
v  -3.5068 -4.8633 30.1305
v  -3.6389 -4.9651 30.6903
v  -3.6118 -4.9651 30.1255
v  -3.7553 -5.0485 30.6846
v  -3.7277 -5.0485 30.1199
v  -3.8828 -5.1133 30.6784
v  -3.8546 -5.1133 30.1136
v  -4.0211 -5.1595 30.6714
v  -3.9924 -5.1595 30.1067
v  -4.1705 -5.1873 30.6637
v  -4.1412 -5.1873 30.0991
v  -4.3308 -5.1966 30.6553
v  -4.3009 -5.1966 30.0907
v  -4.4943 -5.1870 30.6465
v  -4.4637 -5.1870 30.0819
v  -4.6464 -5.1581 30.6382
v  -4.6152 -5.1581 30.0736
v  -4.7873 -5.1101 30.6304
v  -4.7555 -5.1101 30.0658
v  -4.9168 -5.0428 30.6230
v  -4.8845 -5.0428 30.0585
v  -5.0351 -4.9564 30.6162
v  -5.0023 -4.9564 30.0517
v  -5.1420 -4.8507 30.6099
v  -5.1088 -4.8507 30.0455
v  -5.2377 -4.7257 30.6043
v  -5.2041 -4.7257 30.0398
v  -5.3213 -4.5834 30.5993
v  -5.2873 -4.5834 30.0348
v  -5.3920 -4.4255 30.5950
v  -5.3577 -4.4255 30.0306
v  -5.4498 -4.2519 30.5915
v  -5.4153 -4.2519 30.0271
v  -5.4948 -4.0627 30.5887
v  -5.4602 -4.0627 30.0243
v  -5.5270 -3.8579 30.5867
v  -5.4922 -3.8579 30.0224
v  -5.5462 -3.6374 30.5855
v  -5.5114 -3.6374 30.0212
v  -5.5527 -3.4013 30.5851
v  -5.5178 -3.4013 30.0208
v  -5.5527 -3.1295 30.5851
v  -5.5178 -3.1295 30.0208
v  -5.5452 -2.8898 30.5856
v  -5.5104 -2.8898 30.0212
v  -5.5251 -2.6672 30.5868
v  -5.4903 -2.6672 30.0225
v  -5.4922 -2.4617 30.5889
v  -5.4576 -2.4617 30.0245
v  -5.4467 -2.2733 30.5917
v  -5.4122 -2.2733 30.0273
v  -5.3884 -2.1021 30.5952
v  -5.3542 -2.1021 30.0308
v  -5.3175 -1.9479 30.5995
v  -5.2836 -1.9479 30.0351
v  -5.2338 -1.8108 30.6045
v  -5.2002 -1.8108 30.0401
v  -5.1384 -1.6915 30.6101
v  -5.1052 -1.6915 30.0457
v  -5.0322 -1.5906 30.6163
v  -4.9994 -1.5906 30.0519
v  -4.9151 -1.5079 30.6231
v  -4.8828 -1.5079 30.0586
v  -4.7872 -1.4437 30.6304
v  -4.7554 -1.4437 30.0658
v  -4.6485 -1.3978 30.6381
v  -4.6172 -1.3978 30.0735
v  -4.4989 -1.3703 30.6463
v  -4.4683 -1.3703 30.0817
v  -4.3385 -1.3611 30.6549
v  -4.3085 -1.3611 30.0903
v  -4.1771 -1.3704 30.6634
v  -4.1478 -1.3704 30.0987
v  -4.0266 -1.3983 30.6711
v  -3.9979 -1.3983 30.1064
v  -3.8871 -1.4447 30.6781
v  -3.8590 -1.4447 30.1134
v  -3.7586 -1.5098 30.6845
v  -3.7310 -1.5098 30.1197
v  -3.6411 -1.5935 30.6902
v  -3.6140 -1.5935 30.1254
v  -3.5346 -1.6957 30.6953
v  -3.5079 -1.6957 30.1305
v  -3.4390 -1.8166 30.6997
v  -3.4127 -1.8166 30.1349
v  -3.3554 -1.9553 30.7036
v  -3.3294 -1.9553 30.1388
v  -3.2846 -2.1113 30.7069
v  -3.2589 -2.1113 30.1420
v  -3.2267 -2.2844 30.7095
v  -3.2012 -2.2844 30.1446
v  -3.1817 -2.4747 30.7115
v  -3.1564 -2.4747 30.1466
v  -3.1495 -2.6821 30.7129
v  -3.1243 -2.6821 30.1481
v  -3.1302 -2.9068 30.7138
v  -3.1051 -2.9068 30.1489
v  -3.1238 -3.1487 30.7141
v  -3.0987 -3.1487 30.1492
v  1.1362 -4.4613 30.8379
v  1.1402 -4.3459 30.8380
v  1.1480 -4.3459 30.2726
v  1.1440 -4.4613 30.2725
v  1.1242 -4.5688 30.8377
v  1.1320 -4.5688 30.2724
v  1.1042 -4.6686 30.8375
v  1.1121 -4.6686 30.2721
v  1.0761 -4.7605 30.8371
v  1.0842 -4.7605 30.2717
v  1.0401 -4.8446 30.8365
v  1.0483 -4.8446 30.2712
v  0.9960 -4.9209 30.8359
v  1.0044 -4.9209 30.2705
v  0.9440 -4.9894 30.8351
v  0.9525 -4.9894 30.2698
v  0.8851 -5.0494 30.8342
v  0.8940 -5.0494 30.2689
v  0.8208 -5.1001 30.8332
v  0.8299 -5.1001 30.2678
v  0.7510 -5.1416 30.8321
v  0.7604 -5.1416 30.2667
v  0.6757 -5.1739 30.8308
v  0.6854 -5.1739 30.2654
v  0.5950 -5.1970 30.8294
v  0.6049 -5.1970 30.2641
v  0.5087 -5.2108 30.8278
v  0.5190 -5.2108 30.2625
v  0.4169 -5.2154 30.8261
v  0.4276 -5.2154 30.2608
v  0.3143 -5.2114 30.8242
v  0.3255 -5.2114 30.2588
v  0.2200 -5.1995 30.8223
v  0.2315 -5.1995 30.2569
v  0.1337 -5.1795 30.8205
v  0.1456 -5.1795 30.2552
v  0.0557 -5.1516 30.8188
v  0.0678 -5.1516 30.2535
v  -0.0142 -5.1157 30.8173
v  -0.0018 -5.1157 30.2520
v  -0.0759 -5.0718 30.8159
v  -0.0632 -5.0718 30.2506
v  -0.1295 -5.0199 30.8147
v  -0.1166 -5.0199 30.2494
v  -0.1754 -4.9597 30.8136
v  -0.1623 -4.9597 30.2484
v  -0.2143 -4.8907 30.8127
v  -0.2010 -4.8907 30.2475
v  -0.2461 -4.8130 30.8120
v  -0.2327 -4.8130 30.2467
v  -0.2708 -4.7265 30.8114
v  -0.2573 -4.7265 30.2461
v  -0.2885 -4.6312 30.8110
v  -0.2749 -4.6312 30.2457
v  -0.2991 -4.5272 30.8107
v  -0.2855 -4.5272 30.2455
v  -0.3026 -4.4144 30.8106
v  -0.2890 -4.4144 30.2454
v  -1.4645 -4.4144 30.7778
v  -1.4462 -4.4144 30.2127
v  -1.4544 -4.6422 30.7781
v  -1.4361 -4.6422 30.2130
v  -1.4240 -4.8547 30.7791
v  -1.4059 -4.8547 30.2140
v  -1.3734 -5.0520 30.7807
v  -1.3554 -5.0520 30.2156
v  -1.3025 -5.2341 30.7830
v  -1.2848 -5.2341 30.2178
v  -1.2114 -5.4009 30.7858
v  -1.1941 -5.4009 30.2206
v  -1.1000 -5.5524 30.7891
v  -1.0831 -5.5524 30.2240
v  -0.9683 -5.6887 30.7930
v  -0.9520 -5.6887 30.2278
v  -0.8185 -5.8081 30.7973
v  -0.8028 -5.8081 30.2320
v  -0.6527 -5.9092 30.8018
v  -0.6376 -5.9092 30.2365
v  -0.4708 -5.9919 30.8065
v  -0.4565 -5.9919 30.2412
v  -0.2729 -6.0562 30.8114
v  -0.2594 -6.0562 30.2461
v  -0.0590 -6.1022 30.8163
v  -0.0464 -6.1022 30.2510
v  0.1709 -6.1298 30.8213
v  0.1826 -6.1298 30.2559
v  0.4169 -6.1390 30.8261
v  0.4276 -6.1390 30.2608
v  0.5696 -6.1344 30.8289
v  0.5797 -6.1344 30.2636
v  0.7178 -6.1208 30.8315
v  0.7273 -6.1208 30.2662
v  0.8614 -6.0981 30.8338
v  0.8703 -6.0981 30.2685
v  1.0005 -6.0664 30.8360
v  1.0088 -6.0664 30.2706
v  1.1350 -6.0256 30.8379
v  1.1428 -6.0256 30.2725
v  1.2650 -5.9757 30.8396
v  1.2723 -5.9757 30.2742
v  1.3904 -5.9168 30.8412
v  1.3972 -5.9168 30.2758
v  1.5096 -5.8495 30.8426
v  1.5159 -5.8495 30.2772
v  1.6209 -5.7746 30.8437
v  1.6267 -5.7746 30.2784
v  1.7242 -5.6922 30.8448
v  1.7296 -5.6922 30.2794
v  1.8196 -5.6022 30.8457
v  1.8246 -5.6022 30.2803
v  1.9070 -5.5046 30.8464
v  1.9117 -5.5046 30.2810
v  1.9865 -5.3994 30.8470
v  1.9909 -5.3994 30.2816
v  2.0581 -5.2866 30.8476
v  2.0622 -5.2866 30.2822
v  2.1209 -5.1675 30.8480
v  2.1247 -5.1675 30.2826
v  2.1741 -5.0433 30.8484
v  2.1777 -5.0433 30.2829
v  2.2175 -4.9140 30.8486
v  2.2210 -4.9140 30.2832
v  2.2514 -4.7797 30.8488
v  2.2546 -4.7797 30.2834
v  2.2755 -4.6402 30.8490
v  2.2787 -4.6402 30.2836
v  2.2900 -4.4957 30.8491
v  2.2931 -4.4957 30.2836
v  2.2948 -4.3461 30.8491
v  2.2979 -4.3461 30.2837
v  2.2948 -0.4847 30.8491
v  2.2979 -0.4847 30.2837
v  1.1402 -0.4847 30.8380
v  1.1480 -0.4847 30.2726
v  4.4369 -2.7464 30.8444
v  6.6534 -2.7464 30.8050
v  6.6388 -2.7464 30.2397
v  4.4314 -2.7464 30.2790
v  4.4369 -1.4176 30.8444
v  4.4314 -1.4176 30.2790
v  7.0305 -1.4176 30.7947
v  7.0145 -1.4176 30.2295
v  7.0305 -0.4847 30.7947
v  7.0145 -0.4847 30.2295
v  3.2824 -0.4847 30.8510
v  3.2815 -0.4847 30.2856
v  3.2824 -6.0636 30.8510
v  3.2815 -6.0636 30.2856
v  7.0382 -6.0636 30.7945
v  7.0221 -6.0636 30.2293
v  7.0382 -5.1400 30.7945
v  7.0221 -5.1400 30.2293
v  4.4369 -5.1400 30.8444
v  4.4314 -5.1400 30.2790
v  4.4369 -3.6416 30.8444
v  4.4314 -3.6416 30.2790
v  6.6534 -3.6416 30.8050
v  6.6388 -3.6416 30.2397
v  10.9447 -4.3430 30.6284
v  10.9603 -4.2032 30.6275
v  10.9283 -4.2032 30.0630
v  10.9128 -4.3430 30.0639
v  10.9200 -4.4719 30.6298
v  10.8882 -4.4719 30.0653
v  10.8861 -4.5900 30.6317
v  10.8544 -4.5900 30.0672
v  10.8430 -4.6973 30.6341
v  10.8115 -4.6973 30.0696
v  10.7908 -4.7937 30.6370
v  10.7594 -4.7937 30.0725
v  10.7293 -4.8793 30.6404
v  10.6983 -4.8793 30.0758
v  10.6587 -4.9540 30.6443
v  10.6279 -4.9540 30.0797
v  10.5780 -5.0183 30.6487
v  10.5475 -5.0183 30.0840
v  10.4862 -5.0728 30.6536
v  10.4561 -5.0728 30.0889
v  10.3833 -5.1174 30.6590
v  10.3536 -5.1174 30.0944
v  10.2693 -5.1520 30.6650
v  10.2401 -5.1520 30.1003
v  10.1443 -5.1768 30.6714
v  10.1156 -5.1768 30.1067
v  10.0083 -5.1916 30.6782
v  9.9801 -5.1916 30.1135
v  9.8611 -5.1966 30.6855
v  9.8336 -5.1966 30.1207
v  9.6985 -5.1881 30.6933
v  9.6716 -5.1881 30.1285
v  9.5488 -5.1625 30.7003
v  9.5225 -5.1625 30.1355
v  9.4120 -5.1200 30.7066
v  9.3863 -5.1200 30.1418
v  9.2881 -5.0604 30.7122
v  9.2629 -5.0604 30.1474
v  9.1772 -4.9838 30.7171
v  9.1525 -4.9838 30.1523
v  9.0793 -4.8902 30.7214
v  9.0549 -4.8902 30.1565
v  8.9942 -4.7796 30.7250
v  8.9702 -4.7796 30.1601
v  8.9213 -4.6505 30.7281
v  8.8975 -4.6505 30.1632
v  8.8595 -4.5016 30.7307
v  8.8361 -4.5016 30.1658
v  8.8090 -4.3329 30.7328
v  8.7858 -4.3329 30.1678
v  8.7698 -4.1443 30.7344
v  8.7466 -4.1443 30.1695
v  8.7417 -3.9359 30.7356
v  8.7187 -3.9359 30.1706
v  8.7249 -3.7077 30.7362
v  8.7019 -3.7077 30.1713
v  8.7192 -3.4596 30.7365
v  8.6963 -3.4596 30.1715
v  8.7192 -3.0388 30.7365
v  8.6963 -3.0388 30.1715
v  8.7271 -2.8010 30.7361
v  8.7042 -2.8010 30.1712
v  8.7464 -2.5817 30.7354
v  8.7234 -2.5817 30.1704
v  8.7770 -2.3810 30.7341
v  8.7539 -2.3810 30.1692
v  8.8191 -2.1987 30.7324
v  8.7957 -2.1987 30.1674
v  8.8725 -2.0349 30.7302
v  8.8489 -2.0349 30.1652
v  8.9373 -1.8897 30.7275
v  8.9135 -1.8897 30.1625
v  9.0134 -1.7629 30.7242
v  8.9893 -1.7629 30.1593
v  9.1012 -1.6538 30.7204
v  9.0767 -1.6538 30.1556
v  9.2008 -1.5615 30.7161
v  9.1760 -1.5615 30.1512
v  9.3123 -1.4859 30.7111
v  9.2870 -1.4859 30.1463
v  9.4356 -1.4272 30.7056
v  9.4098 -1.4272 30.1407
v  9.5708 -1.3852 30.6993
v  9.5444 -1.3852 30.1345
v  9.7178 -1.3601 30.6924
v  9.6908 -1.3601 30.1276
v  9.8766 -1.3517 30.6847
v  9.8490 -1.3517 30.1200
v  10.0226 -1.3566 30.6775
v  9.9944 -1.3566 30.1128
v  10.1576 -1.3715 30.6707
v  10.1288 -1.3715 30.1060
v  10.2815 -1.3964 30.6643
v  10.2522 -1.3964 30.0997
v  10.3943 -1.4312 30.6584
v  10.3646 -1.4312 30.0938
v  10.4960 -1.4759 30.6530
v  10.4659 -1.4759 30.0884
v  10.5867 -1.5306 30.6482
v  10.5563 -1.5306 30.0836
v  10.6664 -1.5952 30.6439
v  10.6356 -1.5952 30.0793
v  10.7361 -1.6709 30.6400
v  10.7050 -1.6709 30.0755
v  10.7969 -1.7586 30.6367
v  10.7655 -1.7586 30.0721
v  10.8488 -1.8585 30.6338
v  10.8173 -1.8585 30.0692
v  10.8919 -1.9706 30.6314
v  10.8602 -1.9706 30.0668
v  10.9261 -2.0947 30.6294
v  10.8943 -2.0947 30.0649
v  10.9515 -2.2310 30.6280
v  10.9195 -2.2310 30.0635
v  10.9680 -2.3794 30.6271
v  10.9359 -2.3794 30.0626
v  12.1205 -2.3794 30.5569
v  12.0838 -2.3794 29.9927
v  12.0840 -2.1207 30.5593
v  12.0474 -2.1207 29.9950
v  12.0270 -1.8791 30.5630
v  11.9907 -1.8791 29.9987
v  11.9498 -1.6545 30.5679
v  11.9137 -1.6545 30.0036
v  11.8521 -1.4470 30.5741
v  11.8165 -1.4470 30.0098
v  11.7340 -1.2565 30.5815
v  11.6989 -1.2565 30.0172
v  11.5956 -1.0831 30.5900
v  11.5610 -1.0831 30.0257
v  11.4367 -0.9267 30.5997
v  11.4028 -0.9267 30.0353
v  11.2600 -0.7894 30.6102
v  11.2268 -0.7894 30.0457
v  11.0679 -0.6733 30.6214
v  11.0355 -0.6733 30.0569
v  10.8604 -0.5782 30.6331
v  10.8288 -0.5782 30.0686
v  10.6375 -0.5043 30.6454
v  10.6068 -0.5043 30.0808
v  10.3993 -0.4515 30.6582
v  10.3696 -0.4515 30.0935
v  10.1456 -0.4198 30.6713
v  10.1169 -0.4198 30.1066
v  9.8766 -0.4093 30.6847
v  9.8490 -0.4093 30.1200
v  9.6802 -0.4160 30.6942
v  9.6534 -0.4160 30.1294
v  9.4907 -0.4360 30.7030
v  9.4647 -0.4360 30.1382
v  9.3083 -0.4694 30.7113
v  9.2830 -0.4694 30.1465
v  9.1328 -0.5162 30.7191
v  9.1082 -0.5162 30.1542
v  8.9642 -0.5764 30.7263
v  8.9403 -0.5764 30.1614
v  8.8027 -0.6499 30.7331
v  8.7794 -0.6499 30.1681
v  8.6481 -0.7368 30.7393
v  8.6255 -0.7368 30.1744
v  8.5020 -0.8361 30.7451
v  8.4800 -0.8361 30.1801
v  8.3659 -0.9472 30.7504
v  8.3444 -0.9472 30.1853
v  8.2397 -1.0699 30.7551
v  8.2187 -1.0699 30.1901
v  8.1235 -1.2042 30.7594
v  8.1030 -1.2042 30.1943
v  8.0173 -1.3501 30.7632
v  7.9972 -1.3501 30.1981
v  7.9210 -1.5077 30.7666
v  7.9013 -1.5077 30.2015
v  7.8347 -1.6770 30.7695
v  7.8154 -1.6770 30.2044
v  7.7592 -1.8560 30.7721
v  7.7402 -1.8560 30.2070
v  7.6953 -2.0428 30.7742
v  7.6766 -2.0428 30.2091
v  7.6431 -2.2374 30.7760
v  7.6245 -2.2374 30.2108
v  7.6024 -2.4398 30.7773
v  7.5840 -2.4398 30.2122
v  7.5734 -2.6501 30.7782
v  7.5551 -2.6501 30.2131
v  7.5559 -2.8682 30.7788
v  7.5377 -2.8682 30.2137
v  7.5501 -3.0940 30.7790
v  7.5319 -3.0940 30.2139
v  7.5501 -3.4349 30.7790
v  7.5319 -3.4349 30.2139
v  7.5627 -3.7840 30.7786
v  7.5445 -3.7840 30.2134
v  7.6005 -4.1111 30.7774
v  7.5821 -4.1111 30.2122
v  7.6635 -4.4162 30.7753
v  7.6449 -4.4162 30.2102
v  7.7517 -4.6993 30.7724
v  7.7327 -4.6993 30.2072
v  7.8651 -4.9605 30.7685
v  7.8456 -4.9605 30.2034
v  8.0037 -5.1997 30.7637
v  7.9837 -5.1997 30.1986
v  8.1675 -5.4170 30.7578
v  8.1468 -5.4170 30.1927
v  8.3532 -5.6085 30.7508
v  8.3318 -5.6085 30.1858
v  8.5577 -5.7706 30.7429
v  8.5354 -5.7706 30.1779
v  8.7809 -5.9032 30.7340
v  8.7577 -5.9032 30.1690
v  9.0229 -6.0063 30.7238
v  8.9987 -6.0063 30.1589
v  9.2836 -6.0800 30.7124
v  9.2583 -6.0800 30.1476
v  9.5630 -6.1242 30.6997
v  9.5366 -6.1242 30.1349
v  9.8611 -6.1390 30.6855
v  9.8336 -6.1390 30.1207
v  10.1344 -6.1284 30.6719
v  10.1058 -6.1284 30.1072
v  10.3922 -6.0967 30.6585
v  10.3625 -6.0967 30.0939
v  10.6342 -6.0439 30.6456
v  10.6036 -6.0439 30.0810
v  10.8607 -5.9700 30.6331
v  10.8291 -5.9700 30.0686
v  11.0715 -5.8749 30.6212
v  11.0391 -5.8749 30.0567
v  11.2667 -5.7587 30.6098
v  11.2335 -5.7587 30.0454
v  11.4463 -5.6215 30.5991
v  11.4123 -5.6215 30.0347
v  11.6072 -5.4658 30.5893
v  11.5725 -5.4658 30.0250
v  11.7461 -5.2945 30.5807
v  11.7109 -5.2945 30.0164
v  11.8632 -5.1075 30.5734
v  11.8275 -5.1075 30.0091
v  11.9584 -4.9049 30.5674
v  11.9224 -4.9049 30.0031
v  12.0317 -4.6867 30.5626
v  11.9954 -4.6867 29.9984
v  12.0832 -4.4528 30.5593
v  12.0467 -4.4528 29.9951
v  12.1128 -4.2032 30.5574
v  12.0762 -4.2032 29.9932
v  12.5234 -0.4847 30.5301
v  17.0714 -0.4847 30.1463
v  17.0147 -0.4847 29.5837
v  12.4850 -0.4847 29.9660
v  12.5234 -1.4176 30.5301
v  12.4850 -1.4176 29.9660
v  14.2122 -1.4176 30.4051
v  14.1670 -1.4176 29.8415
v  14.2122 -6.0636 30.4051
v  14.1670 -6.0636 29.8415
v  15.3626 -6.0636 30.3081
v  15.3128 -6.0636 29.7449
v  15.3626 -1.4176 30.3081
v  15.3128 -1.4176 29.7449
v  17.0714 -1.4176 30.1463
v  17.0147 -1.4176 29.5837
v  22.2849 -2.9213 29.5211
v  22.2910 -3.1516 29.5203
v  22.2131 -3.1516 28.9603
v  22.2071 -2.9213 28.9611
v  22.2669 -2.6990 29.5236
v  22.1891 -2.6990 28.9636
v  22.2367 -2.4845 29.5278
v  22.1590 -2.4845 28.9678
v  22.1945 -2.2780 29.5337
v  22.1170 -2.2780 28.9736
v  22.1403 -2.0793 29.5412
v  22.0630 -2.0793 28.9810
v  22.0740 -1.8886 29.5503
v  21.9969 -1.8886 28.9901
v  21.9956 -1.7057 29.5611
v  21.9189 -1.7057 29.0009
v  21.9062 -1.5328 29.5733
v  21.8298 -1.5328 29.0130
v  21.8068 -1.3717 29.5868
v  21.7309 -1.3717 29.0265
v  21.6974 -1.2225 29.6015
v  21.6220 -1.2225 29.0412
v  21.5781 -1.0851 29.6176
v  21.5031 -1.0851 29.0571
v  21.4488 -0.9597 29.6348
v  21.3743 -0.9597 29.0743
v  21.3095 -0.8461 29.6533
v  21.2356 -0.8461 29.0927
v  21.1602 -0.7444 29.6729
v  21.0869 -0.7444 29.1122
v  21.0028 -0.6555 29.6934
v  20.9301 -0.6555 29.1326
v  20.8390 -0.5803 29.7145
v  20.7670 -0.5803 29.1537
v  20.6689 -0.5187 29.7362
v  20.5975 -0.5187 29.1753
v  20.4924 -0.4708 29.7585
v  20.4218 -0.4708 29.1975
v  20.3096 -0.4366 29.7814
v  20.2397 -0.4366 29.2203
v  20.1204 -0.4161 29.8049
v  20.0513 -0.4161 29.2437
v  19.9249 -0.4093 29.8288
v  19.8566 -0.4093 29.2675
v  19.7294 -0.4161 29.8524
v  19.6619 -0.4161 29.2911
v  19.5402 -0.4366 29.8751
v  19.4734 -0.4366 29.3136
v  19.3572 -0.4708 29.8967
v  19.2912 -0.4708 29.3351
v  19.1806 -0.5187 29.9174
v  19.1153 -0.5187 29.3557
v  19.0102 -0.5803 29.9370
v  18.9456 -0.5803 29.3753
v  18.8462 -0.6555 29.9558
v  18.7822 -0.6555 29.3940
v  18.6884 -0.7444 29.9737
v  18.6251 -0.7444 29.4118
v  18.5388 -0.8461 29.9905
v  18.4761 -0.8461 29.4285
v  18.3991 -0.9597 30.0060
v  18.3370 -0.9597 29.4440
v  18.2695 -1.0851 30.0202
v  18.2079 -1.0851 29.4582
v  18.1498 -1.2225 30.0333
v  18.0887 -1.2225 29.4712
v  18.0401 -1.3717 30.0452
v  17.9794 -1.3717 29.4830
v  17.9404 -1.5328 30.0559
v  17.8801 -1.5328 29.4937
v  17.8506 -1.7057 30.0655
v  17.7907 -1.7057 29.5033
v  17.7719 -1.8886 30.0739
v  17.7123 -1.8886 29.5116
v  17.7053 -2.0796 30.0809
v  17.6460 -2.0796 29.5186
v  17.6509 -2.2787 30.0866
v  17.5918 -2.2787 29.5243
v  17.6085 -2.4858 30.0911
v  17.5496 -2.4858 29.5287
v  17.5782 -2.7009 30.0943
v  17.5194 -2.7009 29.5319
v  17.5600 -2.9242 30.0962
v  17.5013 -2.9242 29.5338
v  17.5540 -3.1554 30.0968
v  17.4953 -3.1554 29.5344
v  17.5540 -3.4311 30.0968
v  17.4953 -3.4311 29.5344
v  17.5611 -3.6571 30.0961
v  17.5024 -3.6571 29.5337
v  17.5802 -3.8756 30.0940
v  17.5214 -3.8756 29.5317
v  17.6114 -4.0864 30.0908
v  17.5525 -4.0864 29.5284
v  17.6546 -4.2897 30.0863
v  17.5955 -4.2897 29.5239
v  17.7098 -4.4854 30.0804
v  17.6505 -4.4854 29.5181
v  17.7771 -4.6735 30.0733
v  17.7175 -4.6735 29.5110
v  17.8564 -4.8540 30.0649
v  17.7964 -4.8540 29.5027
v  17.9466 -5.0249 30.0552
v  17.8863 -5.0249 29.4930
v  18.0469 -5.1841 30.0445
v  17.9862 -5.1841 29.4823
v  18.1572 -5.3318 30.0325
v  18.0960 -5.3318 29.4704
v  18.2774 -5.4677 30.0194
v  18.2158 -5.4677 29.4573
v  18.4076 -5.5920 30.0050
v  18.3454 -5.5920 29.4430
v  18.5478 -5.7047 29.9895
v  18.4851 -5.7047 29.4275
v  18.6980 -5.8057 29.9726
v  18.6346 -5.8057 29.4107
v  18.8561 -5.8941 29.9547
v  18.7922 -5.8941 29.3929
v  19.0204 -5.9689 29.9359
v  18.9557 -5.9689 29.3742
v  19.1907 -6.0301 29.9162
v  19.1254 -6.0301 29.3545
v  19.3671 -6.0777 29.8955
v  19.3010 -6.0777 29.3340
v  19.5495 -6.1117 29.8740
v  19.4827 -6.1117 29.3125
v  19.7380 -6.1322 29.8514
v  19.6705 -6.1322 29.2900
v  19.9326 -6.1390 29.8279
v  19.8642 -6.1390 29.2666
v  20.1291 -6.1321 29.8038
v  20.0600 -6.1321 29.2426
v  20.3191 -6.1114 29.7802
v  20.2492 -6.1114 29.2192
v  20.5026 -6.0770 29.7573
v  20.4320 -6.0770 29.1963
v  20.6796 -6.0289 29.7349
v  20.6082 -6.0289 29.1740
v  20.8501 -5.9670 29.7131
v  20.7781 -5.9670 29.1522
v  21.0141 -5.8913 29.6919
v  20.9414 -5.8913 29.1311
v  21.1717 -5.8019 29.6714
v  21.0983 -5.8019 29.1107
v  21.3208 -5.6998 29.6518
v  21.2469 -5.6998 29.0912
v  21.4598 -5.5862 29.6334
v  21.3853 -5.5862 29.0729
v  21.5885 -5.4610 29.6162
v  21.5135 -5.4610 29.0558
v  21.7070 -5.3242 29.6003
v  21.6315 -5.3242 29.0399
v  21.8153 -5.1758 29.5856
v  21.7393 -5.1758 29.0253
v  21.9134 -5.0159 29.5723
v  21.8370 -5.0159 29.0120
v  22.0013 -4.8444 29.5603
v  21.9246 -4.8444 29.0001
v  22.0781 -4.6630 29.5497
v  22.0011 -4.6630 28.9896
v  22.1432 -4.4733 29.5408
v  22.0659 -4.4733 28.9806
v  22.1964 -4.2753 29.5334
v  22.1189 -4.2753 28.9733
v  22.2378 -4.0690 29.5277
v  22.1601 -4.0690 28.9676
v  22.2673 -3.8545 29.5236
v  22.1895 -3.8545 28.9635
v  22.2851 -3.6316 29.5211
v  22.2072 -3.6316 28.9611
v  22.2910 -3.4005 29.5203
v  22.2131 -3.4005 28.9603
v  21.1242 -3.6603 29.6776
v  21.1316 -3.4205 29.6766
v  21.0584 -3.4205 29.1159
v  21.0511 -3.6603 29.1169
v  21.1045 -3.8831 29.6801
v  21.0314 -3.8831 29.1195
v  21.0722 -4.0890 29.6843
v  20.9993 -4.0890 29.1236
v  21.0275 -4.2779 29.6901
v  20.9547 -4.2779 29.1294
v  20.9703 -4.4499 29.6976
v  20.8978 -4.4499 29.1368
v  20.9007 -4.6049 29.7065
v  20.8284 -4.6049 29.1458
v  20.8186 -4.7430 29.7171
v  20.7467 -4.7430 29.1563
v  20.7248 -4.8633 29.7291
v  20.6532 -4.8633 29.1682
v  20.6201 -4.9651 29.7424
v  20.5490 -4.9651 29.1815
v  20.5044 -5.0485 29.7570
v  20.4338 -5.0485 29.1960
v  20.3779 -5.1133 29.7729
v  20.3077 -5.1133 29.2119
v  20.2404 -5.1595 29.7900
v  20.1708 -5.1595 29.2289
v  20.0919 -5.1873 29.8084
v  20.0230 -5.1873 29.2472
v  19.9326 -5.1966 29.8279
v  19.8642 -5.1966 29.2666
v  19.7701 -5.1870 29.8475
v  19.7024 -5.1870 29.2862
v  19.6188 -5.1581 29.8657
v  19.5517 -5.1581 29.3043
v  19.4787 -5.1101 29.8824
v  19.4122 -5.1101 29.3209
v  19.3498 -5.0428 29.8976
v  19.2839 -5.0428 29.3360
v  19.2322 -4.9564 29.9113
v  19.1667 -4.9564 29.3497
v  19.1258 -4.8507 29.9237
v  19.0607 -4.8507 29.3620
v  19.0306 -4.7257 29.9347
v  18.9659 -4.7257 29.3730
v  18.9474 -4.5834 29.9443
v  18.8831 -4.5834 29.3825
v  18.8770 -4.4255 29.9523
v  18.8130 -4.4255 29.3905
v  18.8194 -4.2519 29.9589
v  18.7556 -4.2519 29.3970
v  18.7746 -4.0627 29.9639
v  18.7110 -4.0627 29.4021
v  18.7427 -3.8579 29.9676
v  18.6791 -3.8579 29.4057
v  18.7235 -3.6374 29.9697
v  18.6600 -3.6374 29.4079
v  18.7171 -3.4013 29.9705
v  18.6536 -3.4013 29.4086
v  18.7171 -3.1295 29.9705
v  18.6536 -3.1295 29.4086
v  18.7245 -2.8898 29.9696
v  18.6610 -2.8898 29.4078
v  18.7445 -2.6672 29.9673
v  18.6810 -2.6672 29.4055
v  18.7772 -2.4617 29.9636
v  18.7136 -2.4617 29.4018
v  18.8226 -2.2733 29.9585
v  18.7587 -2.2733 29.3967
v  18.8805 -2.1021 29.9519
v  18.8165 -2.1021 29.3901
v  18.9512 -1.9479 29.9438
v  18.8868 -1.9479 29.3821
v  19.0344 -1.8108 29.9343
v  18.9697 -1.8108 29.3725
v  19.1294 -1.6915 29.9233
v  19.0643 -1.6915 29.3616
v  19.2351 -1.5906 29.9110
v  19.1696 -1.5906 29.3494
v  19.3516 -1.5079 29.8974
v  19.2856 -1.5079 29.3358
v  19.4788 -1.4437 29.8824
v  19.4123 -1.4437 29.3209
v  19.6168 -1.3978 29.8659
v  19.5497 -1.3978 29.3045
v  19.7655 -1.3703 29.8481
v  19.6978 -1.3703 29.2867
v  19.9249 -1.3611 29.8288
v  19.8566 -1.3611 29.2675
v  20.0854 -1.3704 29.8092
v  20.0164 -1.3704 29.2480
v  20.2349 -1.3983 29.7907
v  20.1654 -1.3983 29.2296
v  20.3735 -1.4447 29.7735
v  20.3034 -1.4447 29.2124
v  20.5012 -1.5098 29.7574
v  20.4305 -1.5098 29.1964
v  20.6179 -1.5935 29.7427
v  20.5468 -1.5935 29.1818
v  20.7237 -1.6957 29.7292
v  20.6522 -1.6957 29.1684
v  20.8186 -1.8166 29.7171
v  20.7467 -1.8166 29.1563
v  20.9016 -1.9553 29.7064
v  20.8294 -1.9553 29.1456
v  20.9719 -2.1113 29.6974
v  20.8993 -2.1113 29.1366
v  21.0294 -2.2844 29.6899
v  20.9566 -2.2844 29.1292
v  21.0741 -2.4747 29.6841
v  21.0011 -2.4747 29.1234
v  21.1060 -2.6821 29.6799
v  21.0329 -2.6821 29.1193
v  21.1252 -2.9068 29.6774
v  21.0520 -2.9068 29.1168
v  21.1316 -3.1487 29.6766
v  21.0584 -3.1487 29.1159
v  27.4316 -6.0636 28.7073
v  26.2103 -6.0636 28.9183
v  26.1165 -6.0636 28.3607
v  27.3328 -6.0636 28.1506
v  27.4316 -6.0098 28.7073
v  27.3328 -6.0098 28.1506
v  26.2369 -3.7276 28.9138
v  26.1431 -3.7276 28.3562
v  26.3738 -3.6599 28.8907
v  26.2794 -3.6599 28.3332
v  26.5004 -3.5859 28.8692
v  26.4054 -3.5859 28.3118
v  26.6166 -3.5055 28.8494
v  26.5212 -3.5055 28.2920
v  26.7226 -3.4188 28.8312
v  26.6267 -3.4188 28.2739
v  26.8182 -3.3258 28.8147
v  26.7220 -3.3258 28.2575
v  26.9035 -3.2264 28.7999
v  26.8069 -3.2264 28.2428
v  26.9785 -3.1208 28.7869
v  26.8817 -3.1208 28.2298
v  27.0434 -3.0080 28.7756
v  26.9463 -3.0080 28.2186
v  27.0983 -2.8876 28.7660
v  27.0009 -2.8876 28.2090
v  27.1432 -2.7594 28.7582
v  27.0457 -2.7594 28.2012
v  27.1782 -2.6235 28.7520
v  27.0805 -2.6235 28.1951
v  27.2031 -2.4798 28.7477
v  27.1053 -2.4798 28.1908
v  27.2181 -2.3284 28.7450
v  27.1202 -2.3284 28.1881
v  27.2231 -2.1693 28.7442
v  27.1252 -2.1693 28.1873
v  27.2122 -1.9470 28.7461
v  27.1144 -1.9470 28.1892
v  27.1797 -1.7396 28.7518
v  27.0820 -1.7396 28.1948
v  27.1256 -1.5470 28.7612
v  27.0281 -1.5470 28.2043
v  27.0497 -1.3692 28.7745
v  26.9526 -1.3692 28.2175
v  26.9523 -1.2063 28.7915
v  26.8555 -1.2063 28.2344
v  26.8331 -1.0582 28.8121
v  26.7368 -1.0582 28.2550
v  26.6922 -0.9250 28.8364
v  26.5965 -0.9250 28.2791
v  26.5313 -0.8082 28.8639
v  26.4362 -0.8082 28.3066
v  26.3521 -0.7093 28.8944
v  26.2578 -0.7093 28.3369
v  26.1546 -0.6285 28.9277
v  26.0611 -0.6285 28.3700
v  25.9388 -0.5656 28.9637
v  25.8461 -0.5655 28.4059
v  25.7046 -0.5206 29.0024
v  25.6129 -0.5206 28.4445
v  25.4521 -0.4937 29.0437
v  25.3614 -0.4937 28.4856
v  25.1812 -0.4847 29.0874
v  25.0916 -0.4847 28.5291
v  23.1230 -0.4847 29.4020
v  23.0417 -0.4847 28.8425
v  23.1230 -6.0636 29.4020
v  23.0417 -6.0636 28.8425
v  24.2648 -6.0636 29.2314
v  24.1789 -6.0636 28.6725
v  24.2648 -4.0186 29.2314
v  24.1789 -4.0186 28.6725
v  25.1736 -4.0186 29.0886
v  25.0840 -4.0186 28.5303
v  25.1812 -1.4176 29.0874
v  24.2648 -1.4176 29.2314
v  24.1789 -1.4176 28.6725
v  25.0916 -1.4176 28.5291
v  25.3077 -1.4222 29.0671
v  25.2176 -1.4222 28.5089
v  25.4245 -1.4360 29.0481
v  25.3339 -1.4360 28.4900
v  25.5316 -1.4590 29.0307
v  25.4406 -1.4590 28.4727
v  25.6290 -1.4912 29.0148
v  25.5376 -1.4912 28.4568
v  25.7167 -1.5325 29.0004
v  25.6249 -1.5325 28.4425
v  25.7947 -1.5831 28.9876
v  25.7026 -1.5831 28.4297
v  25.8630 -1.6428 28.9763
v  25.7706 -1.6428 28.4184
v  25.9219 -1.7106 28.9665
v  25.8293 -1.7106 28.4087
v  25.9717 -1.7852 28.9582
v  25.8789 -1.7852 28.4005
v  26.0125 -1.8667 28.9514
v  25.9195 -1.8667 28.3937
v  26.0442 -1.9551 28.9461
v  25.9511 -1.9551 28.3884
v  26.0669 -2.0503 28.9423
v  25.9737 -2.0503 28.3846
v  26.0805 -2.1523 28.9401
v  25.9872 -2.1523 28.3824
v  26.0850 -2.2612 28.9393
v  25.9917 -2.2612 28.3816
v  26.0802 -2.3680 28.9401
v  25.9870 -2.3680 28.3824
v  26.0658 -2.4679 28.9425
v  25.9726 -2.4679 28.3848
v  26.0418 -2.5611 28.9465
v  25.9487 -2.5611 28.3888
v  26.0082 -2.6476 28.9521
v  25.9152 -2.6476 28.3944
v  25.9650 -2.7272 28.9593
v  25.8722 -2.7272 28.4016
v  25.9121 -2.8001 28.9681
v  25.8196 -2.8001 28.4103
v  25.8497 -2.8662 28.9785
v  25.7574 -2.8662 28.4206
v  25.7785 -2.9244 28.9902
v  25.6865 -2.9244 28.4323
v  25.6994 -2.9737 29.0033
v  25.6077 -2.9737 28.4453
v  25.6123 -3.0140 29.0175
v  25.5210 -3.0140 28.4595
v  25.5174 -3.0453 29.0330
v  25.4264 -3.0453 28.4750
v  25.4145 -3.0677 29.0498
v  25.3240 -3.0677 28.4916
v  25.3037 -3.0812 29.0677
v  25.2136 -3.0812 28.5095
v  25.1849 -3.0856 29.0868
v  25.0953 -3.0856 28.5285
v  24.2648 -3.0856 29.2314
v  24.1789 -3.0856 28.6725
v  32.0003 -0.4847 27.8185
v  32.0003 -1.1451 27.8185
v  31.8831 -1.1451 27.2653
v  31.8831 -0.4847 27.2653
v  27.8764 -0.4847 28.6277
v  27.7759 -0.4847 28.0713
v  27.8764 -1.4176 28.6277
v  27.7759 -1.4176 28.0713
v  30.5945 -1.4176 28.1088
v  30.4830 -1.4176 27.5545
v  27.8727 -5.3892 28.6284
v  27.7722 -5.3892 28.0720
v  27.8727 -6.0636 28.6284
v  27.7722 -6.0636 28.0720
v  32.0606 -6.0636 27.8057
v  31.9431 -6.0636 27.2526
v  32.0606 -5.1400 27.8057
v  31.9431 -5.1400 27.2526
v  29.2916 -5.1400 28.3645
v  29.1854 -5.1400 27.8092
v  32.7730 -5.6567 27.6524
v  32.7624 -5.5884 27.6547
v  32.6421 -5.5884 27.1022
v  32.6526 -5.6567 27.0999
v  32.7907 -5.7211 27.6486
v  32.6702 -5.7211 27.0961
v  32.8154 -5.7815 27.6432
v  32.6948 -5.7815 27.0907
v  32.8471 -5.8378 27.6362
v  32.7265 -5.8378 27.0838
v  32.8860 -5.8903 27.6278
v  32.7652 -5.8903 27.0754
v  32.9319 -5.9387 27.6177
v  32.8109 -5.9387 27.0654
v  32.9832 -5.9818 27.6065
v  32.8620 -5.9818 27.0542
v  33.0383 -6.0183 27.5943
v  32.9169 -6.0183 27.0421
v  33.0973 -6.0482 27.5814
v  32.9757 -6.0482 27.0292
v  33.1601 -6.0714 27.5675
v  33.0382 -6.0714 27.0154
v  33.2268 -6.0880 27.5528
v  33.1046 -6.0880 27.0007
v  33.2972 -6.0979 27.5371
v  33.1748 -6.0979 26.9851
v  33.3715 -6.1013 27.5206
v  33.2487 -6.1013 26.9687
v  33.4468 -6.0979 27.5039
v  33.3237 -6.0979 26.9520
v  33.5181 -6.0880 27.4880
v  33.3947 -6.0880 26.9362
v  33.5854 -6.0714 27.4729
v  33.4617 -6.0714 26.9212
v  33.6487 -6.0482 27.4587
v  33.5248 -6.0482 26.9070
v  33.7080 -6.0183 27.4454
v  33.5838 -6.0183 26.8937
v  33.7633 -5.9818 27.4329
v  33.6389 -5.9818 26.8813
v  33.8146 -5.9387 27.4213
v  33.6901 -5.9387 26.8698
v  33.8605 -5.8903 27.4110
v  33.7357 -5.8903 26.8595
v  33.8992 -5.8378 27.4022
v  33.7743 -5.8378 26.8507
v  33.9309 -5.7815 27.3950
v  33.8059 -5.7815 26.8436
v  33.9556 -5.7211 27.3894
v  33.8305 -5.7211 26.8380
v  33.9732 -5.6567 27.3854
v  33.8480 -5.6567 26.8340
v  33.9838 -5.5884 27.3830
v  33.8585 -5.5884 26.8316
v  33.9873 -5.5161 27.3822
v  33.8620 -5.5161 26.8308
v  33.9837 -5.4427 27.3830
v  33.8585 -5.4427 26.8316
v  33.9731 -5.3734 27.3854
v  33.8478 -5.3734 26.8341
v  33.9553 -5.3082 27.3895
v  33.8301 -5.3082 26.8381
v  33.9303 -5.2470 27.3951
v  33.8053 -5.2470 26.8437
v  33.8983 -5.1899 27.4024
v  33.7734 -5.1899 26.8509
v  33.8591 -5.1368 27.4113
v  33.7343 -5.1368 26.8598
v  33.8128 -5.0878 27.4217
v  33.6882 -5.0878 26.8702
v  33.7610 -5.0441 27.4334
v  33.6367 -5.0441 26.8818
v  33.7055 -5.0072 27.4459
v  33.5814 -5.0072 26.8943
v  33.6462 -4.9770 27.4593
v  33.5223 -4.9770 26.9076
v  33.5832 -4.9535 27.4734
v  33.4596 -4.9535 26.9216
v  33.5164 -4.9367 27.4883
v  33.3930 -4.9367 26.9365
v  33.4458 -4.9266 27.5041
v  33.3228 -4.9266 26.9522
v  33.3715 -4.9233 27.5206
v  33.2487 -4.9233 26.9687
v  33.2982 -4.9266 27.5369
v  33.1757 -4.9266 26.9849
v  33.2285 -4.9367 27.5524
v  33.1063 -4.9367 27.0003
v  33.1623 -4.9535 27.5670
v  33.0404 -4.9535 27.0149
v  33.0998 -4.9770 27.5808
v  32.9781 -4.9770 27.0286
v  33.0408 -5.0072 27.5938
v  32.9194 -5.0072 27.0416
v  32.9855 -5.0441 27.6059
v  32.8643 -5.0441 27.0537
v  32.9337 -5.0878 27.6173
v  32.8127 -5.0878 27.0650
v  32.8873 -5.1368 27.6275
v  32.7665 -5.1368 27.0751
v  32.8481 -5.1899 27.6360
v  32.7274 -5.1899 27.0836
v  32.8160 -5.2470 27.6430
v  32.6955 -5.2470 27.0906
v  32.7910 -5.3082 27.6485
v  32.6706 -5.3082 27.0960
v  32.7732 -5.3734 27.6524
v  32.6528 -5.3734 27.0999
v  32.7625 -5.4427 27.6547
v  32.6421 -5.4427 27.1022
v  32.7589 -5.5161 27.6555
v  32.6386 -5.5161 27.1030
v  38.1414 -4.3430 26.3713
v  38.1565 -4.2032 26.3673
v  38.0143 -4.2032 25.8201
v  37.9993 -4.3430 25.8240
v  38.1174 -4.4719 26.3775
v  37.9754 -4.4719 25.8302
v  38.0846 -4.5900 26.3860
v  37.9427 -4.5900 25.8387
v  38.0428 -4.6973 26.3968
v  37.9011 -4.6973 25.8494
v  37.9921 -4.7937 26.4099
v  37.8506 -4.7937 25.8625
v  37.9325 -4.8793 26.4253
v  37.7913 -4.8793 25.8778
v  37.8640 -4.9540 26.4430
v  37.7231 -4.9540 25.8954
v  37.7857 -5.0183 26.4631
v  37.6451 -5.0183 25.9155
v  37.6967 -5.0728 26.4859
v  37.5564 -5.0728 25.9382
v  37.5969 -5.1174 26.5115
v  37.4570 -5.1174 25.9636
v  37.4863 -5.1520 26.5397
v  37.3469 -5.1520 25.9917
v  37.3650 -5.1768 26.5705
v  37.2261 -5.1768 26.0224
v  37.2329 -5.1916 26.6039
v  37.0945 -5.1916 26.0557
v  37.0900 -5.1966 26.6399
v  36.9522 -5.1966 26.0915
v  36.9321 -5.1881 26.6795
v  36.7949 -5.1881 26.1310
v  36.7867 -5.1625 26.7158
v  36.6501 -5.1625 26.1671
v  36.6538 -5.1200 26.7488
v  36.5177 -5.1200 26.2000
v  36.5335 -5.0604 26.7786
v  36.3979 -5.0604 26.2296
v  36.4257 -4.9838 26.8051
v  36.2905 -4.9838 26.2561
v  36.3305 -4.8902 26.8286
v  36.1957 -4.8902 26.2794
v  36.2478 -4.7796 26.8488
v  36.1134 -4.7796 26.2996
v  36.1769 -4.6505 26.8662
v  36.0427 -4.6505 26.3169
v  36.1168 -4.5016 26.8808
v  35.9829 -4.5016 26.3315
v  36.0677 -4.3329 26.8928
v  35.9340 -4.3329 26.3434
v  36.0295 -4.1443 26.9021
v  35.8960 -4.1443 26.3526
v  36.0022 -3.9359 26.9087
v  35.8688 -3.9359 26.3592
v  35.9859 -3.7077 26.9127
v  35.8525 -3.7077 26.3632
v  35.9804 -3.4596 26.9140
v  35.8471 -3.4596 26.3645
v  35.9804 -3.0388 26.9140
v  35.8471 -3.0388 26.3645
v  35.9881 -2.8010 26.9121
v  35.8547 -2.8010 26.3626
v  36.0068 -2.5817 26.9076
v  35.8734 -2.5817 26.3581
v  36.0366 -2.3810 26.9003
v  35.9030 -2.3810 26.3509
v  36.0775 -2.1987 26.8904
v  35.9437 -2.1987 26.3410
v  36.1294 -2.0349 26.8777
v  35.9955 -2.0349 26.3284
v  36.1924 -1.8897 26.8624
v  36.0582 -1.8897 26.3131
v  36.2665 -1.7629 26.8442
v  36.1320 -1.7629 26.2950
v  36.3518 -1.6538 26.8233
v  36.2169 -1.6538 26.2742
v  36.4486 -1.5615 26.7995
v  36.3134 -1.5615 26.2505
v  36.5569 -1.4859 26.7728
v  36.4213 -1.4859 26.2239
v  36.6768 -1.4272 26.7431
v  36.5406 -1.4272 26.1943
v  36.8081 -1.3852 26.7104
v  36.6714 -1.3852 26.1618
v  36.9509 -1.3601 26.6748
v  36.8136 -1.3601 26.1263
v  37.1051 -1.3517 26.6361
v  36.9672 -1.3517 26.0877
v  37.2469 -1.3566 26.6004
v  37.1084 -1.3566 26.0522
v  37.3778 -1.3715 26.5672
v  37.2388 -1.3715 26.0191
v  37.4981 -1.3964 26.5367
v  37.3586 -1.3964 25.9887
v  37.6075 -1.4312 26.5087
v  37.4676 -1.4312 25.9609
v  37.7063 -1.4759 26.4835
v  37.5659 -1.4759 25.9358
v  37.7943 -1.5306 26.4609
v  37.6536 -1.5306 25.9133
v  37.8715 -1.5952 26.4411
v  37.7305 -1.5952 25.8935
v  37.9391 -1.6709 26.4236
v  37.7978 -1.6709 25.8761
v  37.9980 -1.7586 26.4084
v  37.8565 -1.7586 25.8610
v  38.0484 -1.8585 26.3954
v  37.9067 -1.8585 25.8480
v  38.0902 -1.9706 26.3846
v  37.9483 -1.9706 25.8372
v  38.1234 -2.0947 26.3759
v  37.9813 -2.0947 25.8286
v  38.1479 -2.2310 26.3696
v  38.0058 -2.2310 25.8223
v  38.1639 -2.3794 26.3654
v  38.0217 -2.3794 25.8182
v  39.2803 -2.3794 26.0704
v  39.1336 -2.3794 25.5244
v  39.2449 -2.1207 26.0799
v  39.0983 -2.1207 25.5338
v  39.1898 -1.8791 26.0947
v  39.0435 -1.8791 25.5485
v  39.1150 -1.6545 26.1147
v  38.9690 -1.6545 25.5685
v  39.0204 -1.4470 26.1400
v  38.8748 -1.4470 25.5936
v  38.9061 -1.2565 26.1704
v  38.7609 -1.2565 25.6239
v  38.7721 -1.0831 26.2059
v  38.6274 -1.0831 25.6593
v  38.6182 -0.9267 26.2466
v  38.4742 -0.9267 25.6998
v  38.4470 -0.7894 26.2916
v  38.3036 -0.7894 25.7446
v  38.2608 -0.6733 26.3402
v  38.1182 -0.6733 25.7931
v  38.0596 -0.5782 26.3925
v  37.9179 -0.5782 25.8451
v  37.8435 -0.5043 26.4483
v  37.7026 -0.5043 25.9007
v  37.6124 -0.4515 26.5075
v  37.4725 -0.4515 25.9597
v  37.3663 -0.4198 26.5701
v  37.2273 -0.4198 26.0221
v  37.1051 -0.4093 26.6361
v  36.9672 -0.4093 26.0877
v  36.9144 -0.4160 26.6839
v  36.7772 -0.4160 26.1354
v  36.7303 -0.4360 26.7298
v  36.5939 -0.4360 26.1811
v  36.5530 -0.4694 26.7737
v  36.4174 -0.4694 26.2248
v  36.3825 -0.5162 26.8158
v  36.2475 -0.5162 26.2667
v  36.2186 -0.5764 26.8559
v  36.0843 -0.5764 26.3067
v  36.0616 -0.6499 26.8943
v  35.9279 -0.6499 26.3449
v  35.9112 -0.7368 26.9307
v  35.7782 -0.7368 26.3812
v  35.7691 -0.8361 26.9651
v  35.6366 -0.8361 26.4154
v  35.6366 -0.9472 26.9969
v  35.5047 -0.9472 26.4471
v  35.5138 -1.0699 27.0264
v  35.3824 -1.0699 26.4764
v  35.4007 -1.2042 27.0533
v  35.2697 -1.2042 26.5033
v  35.2973 -1.3501 27.0779
v  35.1667 -1.3501 26.5278
v  35.2036 -1.5077 27.1001
v  35.0734 -1.5077 26.5499
v  35.1196 -1.6770 27.1200
v  34.9897 -1.6770 26.5697
v  35.0460 -1.8560 27.1373
v  34.9165 -1.8560 26.5869
v  34.9838 -2.0428 27.1520
v  34.8545 -2.0428 26.6015
v  34.9329 -2.2374 27.1639
v  34.8038 -2.2374 26.6134
v  34.8933 -2.4398 27.1732
v  34.7643 -2.4398 26.6227
v  34.8650 -2.6501 27.1798
v  34.7362 -2.6501 26.6293
v  34.8480 -2.8682 27.1838
v  34.7193 -2.8682 26.6332
v  34.8424 -3.0940 27.1851
v  34.7136 -3.0940 26.6345
v  34.8424 -3.4349 27.1851
v  34.7136 -3.4349 26.6345
v  34.8546 -3.7840 27.1822
v  34.7258 -3.7840 26.6317
v  34.8914 -4.1111 27.1736
v  34.7625 -4.1111 26.6231
v  34.9528 -4.4162 27.1592
v  34.8236 -4.4162 26.6088
v  35.0387 -4.6993 27.1390
v  34.9092 -4.6993 26.5887
v  35.1492 -4.9605 27.1130
v  35.0192 -4.9605 26.5627
v  35.2841 -5.1997 27.0811
v  35.1536 -5.1997 26.5309
v  35.4435 -5.4170 27.0431
v  35.3123 -5.4170 26.4931
v  35.6243 -5.6085 26.9999
v  35.4924 -5.6085 26.4501
v  35.8232 -5.7706 26.9520
v  35.6905 -5.7706 26.4024
v  36.0404 -5.9032 26.8994
v  35.9068 -5.9032 26.3500
v  36.2756 -6.0063 26.8420
v  36.1411 -6.0063 26.2928
v  36.5290 -6.0800 26.7797
v  36.3935 -6.0800 26.2307
v  36.8005 -6.1242 26.7123
v  36.6638 -6.1242 26.1637
v  37.0900 -6.1390 26.6399
v  36.9522 -6.1390 26.0915
v  37.3554 -6.1284 26.5729
v  37.2165 -6.1284 26.0248
v  37.6055 -6.0967 26.5093
v  37.4656 -6.0967 25.9614
v  37.8403 -6.0439 26.4491
v  37.6994 -6.0439 25.9015
v  38.0599 -5.9700 26.3924
v  37.9181 -5.9700 25.8450
v  38.2643 -5.8749 26.3393
v  38.1217 -5.8749 25.7921
v  38.4535 -5.7587 26.2898
v  38.3101 -5.7587 25.7429
v  38.6275 -5.6215 26.2441
v  38.4834 -5.6215 25.6973
v  38.7833 -5.4658 26.2030
v  38.6386 -5.4658 25.6564
v  38.9178 -5.2945 26.1673
v  38.7726 -5.2945 25.6208
v  39.0312 -5.1075 26.1371
v  38.8855 -5.1075 25.5908
v  39.1234 -4.9049 26.1125
v  38.9773 -4.9049 25.5662
v  39.1944 -4.6867 26.0935
v  39.0480 -4.6867 25.5473
v  39.2442 -4.4528 26.0801
v  39.0976 -4.4528 25.5340
v  39.2728 -4.2032 26.0724
v  39.1262 -4.2032 25.5263
v  44.4157 -2.9213 24.5847
v  44.4215 -3.1516 24.5829
v  44.2540 -3.1516 24.0428
v  44.2482 -2.9213 24.0446
v  44.3983 -2.6990 24.5901
v  44.2308 -2.6990 24.0500
v  44.3692 -2.4845 24.5991
v  44.2019 -2.4845 24.0590
v  44.3285 -2.2780 24.6117
v  44.1613 -2.2780 24.0715
v  44.2762 -2.0793 24.6279
v  44.1092 -2.0793 24.0876
v  44.2122 -1.8886 24.6476
v  44.0455 -1.8886 24.1073
v  44.1366 -1.7057 24.6709
v  43.9702 -1.7057 24.1305
v  44.0504 -1.5327 24.6974
v  43.8843 -1.5327 24.1569
v  43.9545 -1.3717 24.7268
v  43.7888 -1.3717 24.1862
v  43.8490 -1.2225 24.7591
v  43.6838 -1.2225 24.2184
v  43.7338 -1.0851 24.7943
v  43.5691 -1.0851 24.2534
v  43.6090 -0.9597 24.8322
v  43.4448 -0.9597 24.2912
v  43.4745 -0.8461 24.8730
v  43.3108 -0.8461 24.3318
v  43.3304 -0.7444 24.9165
v  43.1673 -0.7444 24.3751
v  43.1783 -0.6555 24.9622
v  43.0158 -0.6555 24.4206
v  43.0201 -0.5803 25.0096
v  42.8583 -0.5803 24.4678
v  42.8558 -0.5187 25.0586
v  42.6946 -0.5187 24.5166
v  42.6852 -0.4708 25.1092
v  42.5247 -0.4708 24.5670
v  42.5086 -0.4366 25.1613
v  42.3488 -0.4366 24.6190
v  42.3257 -0.4161 25.2151
v  42.1667 -0.4161 24.6725
v  42.1367 -0.4093 25.2703
v  41.9784 -0.4093 24.7275
v  41.9475 -0.4161 25.3254
v  41.7900 -0.4161 24.7823
v  41.7645 -0.4366 25.3783
v  41.6077 -0.4366 24.8351
v  41.5874 -0.4708 25.4293
v  41.4314 -0.4708 24.8858
v  41.4164 -0.5187 25.4783
v  41.2611 -0.5187 24.9346
v  41.2515 -0.5803 25.5253
v  41.0968 -0.5803 24.9814
v  41.0927 -0.6555 25.5704
v  40.9386 -0.6555 25.0263
v  40.9399 -0.7444 25.6135
v  40.7865 -0.7444 25.0693
v  40.7950 -0.8461 25.6543
v  40.6421 -0.8461 25.1099
v  40.6597 -0.9597 25.6922
v  40.5074 -0.9597 25.1477
v  40.5340 -1.0851 25.7273
v  40.3822 -1.0851 25.1826
v  40.4180 -1.2225 25.7596
v  40.2667 -1.2225 25.2148
v  40.3117 -1.3717 25.7891
v  40.1608 -1.3717 25.2441
v  40.2150 -1.5327 25.8158
v  40.0645 -1.5327 25.2708
v  40.1280 -1.7057 25.8398
v  39.9779 -1.7057 25.2947
v  40.0517 -1.8886 25.8608
v  39.9019 -1.8886 25.3156
v  39.9872 -2.0796 25.8785
v  39.8376 -2.0796 25.3332
v  39.9343 -2.2787 25.8930
v  39.7850 -2.2787 25.3476
v  39.8932 -2.4858 25.9042
v  39.7440 -2.4858 25.3589
v  39.8639 -2.7009 25.9123
v  39.7148 -2.7009 25.3668
v  39.8462 -2.9242 25.9171
v  39.6972 -2.9242 25.3716
v  39.8404 -3.1554 25.9187
v  39.6914 -3.1554 25.3732
v  39.8404 -3.4311 25.9187
v  39.6914 -3.4311 25.3732
v  39.8473 -3.6571 25.9168
v  39.6983 -3.6571 25.3714
v  39.8658 -3.8756 25.9117
v  39.7167 -3.8756 25.3663
v  39.8961 -4.0864 25.9035
v  39.7469 -4.0864 25.3581
v  39.9380 -4.2897 25.8920
v  39.7886 -4.2897 25.3467
v  39.9915 -4.4854 25.8773
v  39.8419 -4.4854 25.3320
v  40.0567 -4.6735 25.8594
v  39.9069 -4.6735 25.3142
v  40.1336 -4.8540 25.8383
v  39.9834 -4.8540 25.2931
v  40.2211 -5.0249 25.8141
v  40.0706 -5.0249 25.2691
v  40.3183 -5.1841 25.7872
v  40.1674 -5.1841 25.2423
v  40.4252 -5.3318 25.7576
v  40.2738 -5.3318 25.2128
v  40.5417 -5.4677 25.7252
v  40.3899 -5.4677 25.1805
v  40.6679 -5.5920 25.6899
v  40.5155 -5.5920 25.1454
v  40.8037 -5.7047 25.6519
v  40.6508 -5.7047 25.1075
v  40.9491 -5.8057 25.6109
v  40.7957 -5.8057 25.0667
v  41.1023 -5.8941 25.5676
v  40.9482 -5.8941 25.0236
v  41.2614 -5.9689 25.5225
v  41.1066 -5.9689 24.9786
v  41.4262 -6.0301 25.4755
v  41.2708 -6.0301 24.9318
v  41.5969 -6.0777 25.4265
v  41.4408 -6.0777 24.8831
v  41.7735 -6.1117 25.3757
v  41.6167 -6.1117 24.8325
v  41.9559 -6.1321 25.3229
v  41.7983 -6.1321 24.7799
v  42.1440 -6.1389 25.2682
v  41.9857 -6.1389 24.7254
v  42.3341 -6.1321 25.2126
v  42.1750 -6.1321 24.6700
v  42.5177 -6.1114 25.1586
v  42.3579 -6.1114 24.6163
v  42.6951 -6.0770 25.1062
v  42.5346 -6.0770 24.5641
v  42.8661 -6.0289 25.0555
v  42.7049 -6.0289 24.5135
v  43.0309 -5.9670 25.0064
v  42.8690 -5.9670 24.4646
v  43.1893 -5.8913 24.9589
v  43.0268 -5.8913 24.4173
v  43.3414 -5.8019 24.9132
v  43.1783 -5.8019 24.3718
v  43.4855 -5.6998 24.8697
v  43.3217 -5.6998 24.3285
v  43.6196 -5.5862 24.8290
v  43.4553 -5.5862 24.2880
v  43.7438 -5.4610 24.7912
v  43.5790 -5.4610 24.2503
v  43.8582 -5.3242 24.7563
v  43.6929 -5.3242 24.2156
v  43.9627 -5.1758 24.7243
v  43.7970 -5.1758 24.1837
v  44.0573 -5.0159 24.6953
v  43.8913 -5.0159 24.1548
v  44.1421 -4.8444 24.6692
v  43.9757 -4.8444 24.1288
v  44.2163 -4.6630 24.6464
v  44.0496 -4.6630 24.1061
v  44.2790 -4.4733 24.6270
v  44.1120 -4.4733 24.0868
v  44.3303 -4.2753 24.6111
v  44.1631 -4.2753 24.0710
v  44.3702 -4.0690 24.5988
v  44.2029 -4.0690 24.0587
v  44.3987 -3.8545 24.5899
v  44.2313 -3.8545 24.0499
v  44.4158 -3.6316 24.5846
v  44.2483 -3.6316 24.0446
v  44.4215 -3.4005 24.5829
v  44.2540 -3.4005 24.0428
v  43.2956 -3.6603 24.9269
v  43.3027 -3.4205 24.9248
v  43.1397 -3.4205 24.3834
v  43.1327 -3.6603 24.3855
v  43.2765 -3.8831 24.9327
v  43.1136 -3.8831 24.3912
v  43.2454 -4.0890 24.9421
v  43.0826 -4.0890 24.4006
v  43.2022 -4.2779 24.9550
v  43.0396 -4.2779 24.4135
v  43.1470 -4.4499 24.9716
v  42.9846 -4.4499 24.4300
v  43.0798 -4.6049 24.9917
v  42.9176 -4.6049 24.4500
v  43.0004 -4.7430 25.0154
v  42.8387 -4.7430 24.4737
v  42.9098 -4.8633 25.0425
v  42.7484 -4.8633 24.5006
v  42.8086 -4.9651 25.0726
v  42.6476 -4.9651 24.5306
v  42.6969 -5.0485 25.1057
v  42.5363 -5.0485 24.5636
v  42.5746 -5.1133 25.1419
v  42.4145 -5.1133 24.5996
v  42.4417 -5.1595 25.1810
v  42.2821 -5.1595 24.6386
v  42.2982 -5.1873 25.2232
v  42.1392 -5.1873 24.6805
v  42.1440 -5.1966 25.2682
v  41.9857 -5.1966 24.7254
v  41.9869 -5.1870 25.3139
v  41.8292 -5.1870 24.7709
v  41.8405 -5.1581 25.3563
v  41.6834 -5.1581 24.8132
v  41.7050 -5.1101 25.3955
v  41.5484 -5.1101 24.8521
v  41.5803 -5.0428 25.4313
v  41.4242 -5.0428 24.8879
v  41.4664 -4.9564 25.4640
v  41.3108 -4.9564 24.9204
v  41.3634 -4.8507 25.4934
v  41.2083 -4.8507 24.9497
v  41.2713 -4.7257 25.5197
v  41.1165 -4.7257 24.9758
v  41.1907 -4.5834 25.5426
v  41.0363 -4.5834 24.9986
v  41.1226 -4.4255 25.5619
v  40.9684 -4.4255 25.0179
v  41.0668 -4.2519 25.5777
v  40.9129 -4.2519 25.0336
v  41.0234 -4.0627 25.5900
v  40.8696 -4.0627 25.0458
v  40.9924 -3.8579 25.5987
v  40.8388 -3.8579 25.0546
v  40.9738 -3.6374 25.6040
v  40.8203 -3.6374 25.0598
v  40.9676 -3.4013 25.6057
v  40.8141 -3.4013 25.0615
v  40.9676 -3.1295 25.6057
v  40.8141 -3.1295 25.0615
v  40.9748 -2.8898 25.6037
v  40.8212 -2.8898 25.0595
v  40.9942 -2.6672 25.5982
v  40.8406 -2.6672 25.0540
v  41.0259 -2.4617 25.5893
v  40.8721 -2.4617 25.0451
v  41.0698 -2.2733 25.5768
v  40.9159 -2.2733 25.0328
v  41.1260 -2.1021 25.5609
v  40.9718 -2.1021 25.0169
v  41.1943 -1.9479 25.5415
v  41.0399 -1.9479 24.9976
v  41.2750 -1.8108 25.5186
v  41.1202 -1.8108 24.9748
v  41.3669 -1.6915 25.4924
v  41.2117 -1.6915 24.9487
v  41.4692 -1.5906 25.4632
v  41.3136 -1.5906 24.9196
v  41.5819 -1.5079 25.4309
v  41.4259 -1.5079 24.8874
v  41.7050 -1.4437 25.3954
v  41.5485 -1.4437 24.8521
v  41.8386 -1.3978 25.3569
v  41.6815 -1.3978 24.8137
v  41.9824 -1.3703 25.3152
v  41.8248 -1.3703 24.7722
v  42.1367 -1.3611 25.2703
v  41.9784 -1.3611 24.7275
v  42.2918 -1.3704 25.2250
v  42.1329 -1.3704 24.6824
v  42.4364 -1.3983 25.1826
v  42.2769 -1.3983 24.6401
v  42.5703 -1.4447 25.1431
v  42.4103 -1.4447 24.6008
v  42.6937 -1.5098 25.1067
v  42.5332 -1.5098 24.5645
v  42.8065 -1.5935 25.0732
v  42.6455 -1.5935 24.5312
v  42.9088 -1.6957 25.0428
v  42.7474 -1.6957 24.5009
v  43.0004 -1.8166 25.0154
v  42.8387 -1.8166 24.4737
v  43.0807 -1.9553 24.9915
v  42.9185 -1.9553 24.4498
v  43.1485 -2.1113 24.9711
v  42.9861 -2.1113 24.4295
v  43.2040 -2.2844 24.9545
v  43.0414 -2.2844 24.4129
v  43.2472 -2.4747 24.9415
v  43.0844 -2.4747 24.4000
v  43.2780 -2.6821 24.9322
v  43.1151 -2.6821 24.3908
v  43.2966 -2.9068 24.9267
v  43.1336 -2.9068 24.3852
v  43.3027 -3.1487 24.9248
v  43.1397 -3.1487 24.3834
v  45.2215 -6.0636 24.3320
v  45.2215 -0.4847 24.3320
v  45.0508 -0.4847 23.7930
v  45.0508 -6.0636 23.7930
v  46.3207 -6.0636 23.9788
v  46.1455 -6.0636 23.4412
v  46.3207 -4.5385 23.9788
v  46.1455 -4.5385 23.4412
v  46.2111 -1.9100 24.0145
v  46.0363 -1.9100 23.4767
v  47.6432 -6.0636 23.5404
v  47.4626 -6.0636 23.0046
v  48.3937 -6.0636 23.2850
v  48.2101 -6.0636 22.7503
v  49.8215 -1.9062 22.7861
v  49.6321 -1.9062 22.2534
v  49.7129 -4.5385 22.8247
v  49.5239 -4.5385 22.2918
v  49.7129 -6.0636 22.8247
v  49.5239 -6.0636 22.2918
v  50.8030 -6.0636 22.4330
v  50.6096 -6.0636 21.9017
v  50.8030 -0.4847 22.4330
v  50.6096 -0.4847 21.9017
v  49.3754 -0.4847 22.9439
v  49.1877 -0.4847 22.4105
v  48.0223 -4.5309 23.4120
v  47.8402 -4.5309 22.8767
v  46.6572 -0.4847 23.8686
v  46.4806 -0.4847 23.3315
# 2762 vertices

vn 0.0000 0.0000 585504124470371519823872.0000
vn 0.2695 -0.9630 0.0021
vn 0.2490 -0.9685 0.0021
vn 0.1030 -0.9934 0.0506
vn 0.8225 -0.5256 0.2175
vn 0.2594 -0.9658 -0.0009
vn 0.2462 -0.9692 0.0020
vn 0.2157 -0.9765 0.0003
vn 0.2176 -0.9760 0.0004
vn 0.2185 -0.9758 -0.0004
vn 0.2175 -0.9761 -0.0009
vn 0.2204 -0.9754 0.0000
vn 0.2193 -0.9757 -0.0000
vn 0.2206 -0.9754 -0.0000
vn 0.1172 -0.9931 -0.0009
vn 0.1165 -0.9932 -0.0012
vn 0.1191 -0.9929 0.0009
vn 0.1201 -0.9928 0.0008
vn 0.1342 -0.9909 0.0000
vn 0.1266 -0.9919 0.0002
vn 0.1343 -0.9909 -0.0000
vn 0.0846 -0.9964 -0.0003
vn 0.0831 -0.9965 -0.0005
vn 0.0857 -0.9963 0.0003
vn 0.0866 -0.9962 0.0003
vn 0.0615 -0.9981 0.0012
vn 0.0627 -0.9980 0.0010
vn 0.0643 -0.9979 -0.0015
vn 0.0638 -0.9980 -0.0014
vn 0.0096 -1.0000 -0.0000
vn 0.0096 -1.0000 -0.0001
vn -0.0607 -0.9982 0.0006
vn -0.0605 -0.9982 -0.0003
vn -0.0607 -0.9982 0.0005
vn -0.1124 -0.9937 0.0012
vn -0.1112 -0.9938 0.0010
vn -0.1096 -0.9940 -0.0015
vn -0.1101 -0.9939 -0.0014
vn -0.1637 -0.9865 -0.0003
vn -0.1652 -0.9863 -0.0005
vn -0.1627 -0.9867 0.0003
vn -0.1618 -0.9868 0.0003
vn -0.2554 -0.9668 0.0006
vn -0.2552 -0.9669 -0.0003
vn -0.2554 -0.9668 0.0005
vn -0.2718 -0.9624 0.0012
vn -0.2706 -0.9627 0.0010
vn -0.2691 -0.9631 -0.0015
vn -0.2695 -0.9630 -0.0014
vn -0.3381 -0.9411 -0.0000
vn -0.3375 -0.9413 0.0007
vn -0.2490 0.9685 -0.0022
vn -0.2696 0.9630 -0.0021
vn -0.8232 0.5238 -0.2188
vn -0.1029 0.9934 -0.0509
vn -0.2594 0.9658 0.0009
vn -0.2724 0.9622 -0.0020
vn -0.2185 0.9758 0.0004
vn -0.2204 0.9754 -0.0000
vn -0.2206 0.9754 0.0000
vn -0.2193 0.9757 0.0000
vn -0.2311 0.9729 -0.0000
vn -0.2313 0.9729 -0.0012
vn -0.2323 0.9727 -0.0016
vn -0.1165 0.9932 0.0013
vn -0.1172 0.9931 0.0009
vn -0.1201 0.9928 -0.0008
vn -0.1191 0.9929 -0.0009
vn -0.1342 0.9909 -0.0000
vn -0.1343 0.9909 -0.0017
vn -0.1352 0.9908 -0.0020
vn -0.0831 0.9965 0.0005
vn -0.0846 0.9964 0.0003
vn -0.0866 0.9962 -0.0003
vn -0.0857 0.9963 -0.0003
vn -0.0627 0.9980 -0.0010
vn -0.0615 0.9981 -0.0012
vn -0.0638 0.9980 0.0014
vn -0.0643 0.9979 0.0015
vn -0.0096 1.0000 0.0001
vn -0.0096 1.0000 -0.0003
vn -0.0096 1.0000 -0.0001
vn 0.0607 0.9982 -0.0006
vn 0.0604 0.9982 0.0005
vn 0.0606 0.9982 -0.0009
vn 0.1112 0.9938 -0.0010
vn 0.1124 0.9937 -0.0012
vn 0.1101 0.9939 0.0014
vn 0.1096 0.9940 0.0015
vn 0.1652 0.9863 0.0005
vn 0.1637 0.9865 0.0003
vn 0.1618 0.9868 -0.0003
vn 0.1627 0.9867 -0.0003
vn 0.2554 0.9668 -0.0006
vn 0.2551 0.9669 0.0005
vn 0.2553 0.9669 -0.0009
vn 0.2706 0.9627 -0.0010
vn 0.2718 0.9624 -0.0012
vn 0.2695 0.9630 0.0014
vn 0.2691 0.9631 0.0015
vn 0.3375 0.9413 -0.0007
vn 0.3347 0.9423 0.0003
vn 0.3382 0.9411 0.0000
# 103 vertex normals

vt 0.4330 0.9819 0.0000
vt 0.4330 0.9821 0.0000
vt 0.4336 0.9821 0.0000
vt 0.4336 0.9819 0.0000
vt 0.4329 0.9817 0.0000
vt 0.4335 0.9817 0.0000
vt 0.4328 0.9815 0.0000
vt 0.4334 0.9815 0.0000
vt 0.4327 0.9814 0.0000
vt 0.4333 0.9814 0.0000
vt 0.4326 0.9812 0.0000
vt 0.4331 0.9812 0.0000
vt 0.4324 0.9811 0.0000
vt 0.4330 0.9811 0.0000
vt 0.4322 0.9810 0.0000
vt 0.4328 0.9810 0.0000
vt 0.4320 0.9809 0.0000
vt 0.4325 0.9809 0.0000
vt 0.4317 0.9808 0.0000
vt 0.4323 0.9808 0.0000
vt 0.4315 0.9808 0.0000
vt 0.4320 0.9808 0.0000
vt 0.4312 0.9807 0.0000
vt 0.4317 0.9807 0.0000
vt 0.4309 0.9807 0.0000
vt 0.4314 0.9807 0.0000
vt 0.4305 0.9807 0.0000
vt 0.4311 0.9807 0.0000
vt 0.4297 0.9807 0.0000
vt 0.4303 0.9807 0.0000
vt 0.4290 0.9809 0.0000
vt 0.4295 0.9809 0.0000
vt 0.4284 0.9811 0.0000
vt 0.4290 0.9811 0.0000
vt 0.4279 0.9815 0.0000
vt 0.4285 0.9815 0.0000
vt 0.4276 0.9819 0.0000
vt 0.4282 0.9819 0.0000
vt 0.4274 0.9824 0.0000
vt 0.4280 0.9824 0.0000
vt 0.4273 0.9831 0.0000
vt 0.4279 0.9831 0.0000
vt 0.4240 0.9831 0.0000
vt 0.4246 0.9831 0.0000
vt 0.4240 0.9827 0.0000
vt 0.4246 0.9827 0.0000
vt 0.4241 0.9823 0.0000
vt 0.4247 0.9823 0.0000
vt 0.4242 0.9819 0.0000
vt 0.4247 0.9819 0.0000
vt 0.4243 0.9816 0.0000
vt 0.4249 0.9816 0.0000
vt 0.4244 0.9812 0.0000
vt 0.4250 0.9812 0.0000
vt 0.4246 0.9809 0.0000
vt 0.4252 0.9809 0.0000
vt 0.4248 0.9806 0.0000
vt 0.4254 0.9806 0.0000
vt 0.4251 0.9803 0.0000
vt 0.4256 0.9803 0.0000
vt 0.4253 0.9800 0.0000
vt 0.4259 0.9800 0.0000
vt 0.4256 0.9798 0.0000
vt 0.4262 0.9798 0.0000
vt 0.4260 0.9796 0.0000
vt 0.4265 0.9796 0.0000
vt 0.4263 0.9793 0.0000
vt 0.4269 0.9793 0.0000
vt 0.4267 0.9791 0.0000
vt 0.4273 0.9791 0.0000
vt 0.4271 0.9790 0.0000
vt 0.4277 0.9790 0.0000
vt 0.4276 0.9788 0.0000
vt 0.4282 0.9788 0.0000
vt 0.4280 0.9787 0.0000
vt 0.4286 0.9787 0.0000
vt 0.4285 0.9785 0.0000
vt 0.4291 0.9785 0.0000
vt 0.4290 0.9785 0.0000
vt 0.4296 0.9785 0.0000
vt 0.4295 0.9784 0.0000
vt 0.4301 0.9784 0.0000
vt 0.4300 0.9784 0.0000
vt 0.4306 0.9784 0.0000
vt 0.4305 0.9783 0.0000
vt 0.4311 0.9783 0.0000
vt 0.4313 0.9784 0.0000
vt 0.4318 0.9784 0.0000
vt 0.4320 0.9784 0.0000
vt 0.4325 0.9784 0.0000
vt 0.4326 0.9785 0.0000
vt 0.4332 0.9785 0.0000
vt 0.4333 0.9787 0.0000
vt 0.4338 0.9787 0.0000
vt 0.4338 0.9789 0.0000
vt 0.4344 0.9789 0.0000
vt 0.4343 0.9791 0.0000
vt 0.4349 0.9791 0.0000
vt 0.4348 0.9794 0.0000
vt 0.4354 0.9794 0.0000
vt 0.4352 0.9797 0.0000
vt 0.4358 0.9797 0.0000
vt 0.4356 0.9801 0.0000
vt 0.4361 0.9801 0.0000
vt 0.4359 0.9805 0.0000
vt 0.4364 0.9805 0.0000
vt 0.4361 0.9809 0.0000
vt 0.4367 0.9809 0.0000
vt 0.4363 0.9813 0.0000
vt 0.4368 0.9813 0.0000
vt 0.4364 0.9818 0.0000
vt 0.4369 0.9818 0.0000
vt 0.4364 0.9823 0.0000
vt 0.4370 0.9823 0.0000
vt 0.4364 0.9828 0.0000
vt 0.4369 0.9828 0.0000
vt 0.4363 0.9832 0.0000
vt 0.4369 0.9832 0.0000
vt 0.4362 0.9837 0.0000
vt 0.4367 0.9837 0.0000
vt 0.4360 0.9841 0.0000
vt 0.4365 0.9841 0.0000
vt 0.4358 0.9844 0.0000
vt 0.4363 0.9844 0.0000
vt 0.4355 0.9848 0.0000
vt 0.4360 0.9848 0.0000
vt 0.4351 0.9851 0.0000
vt 0.4357 0.9851 0.0000
vt 0.4347 0.9854 0.0000
vt 0.4353 0.9854 0.0000
vt 0.4342 0.9857 0.0000
vt 0.4348 0.9857 0.0000
vt 0.4337 0.9860 0.0000
vt 0.4343 0.9860 0.0000
vt 0.4331 0.9863 0.0000
vt 0.4337 0.9863 0.0000
vt 0.4325 0.9865 0.0000
vt 0.4330 0.9865 0.0000
vt 0.4317 0.9868 0.0000
vt 0.4323 0.9868 0.0000
vt 0.4310 0.9870 0.0000
vt 0.4315 0.9870 0.0000
vt 0.4305 0.9871 0.0000
vt 0.4311 0.9871 0.0000
vt 0.4301 0.9872 0.0000
vt 0.4307 0.9872 0.0000
vt 0.4298 0.9874 0.0000
vt 0.4303 0.9874 0.0000
vt 0.4294 0.9875 0.0000
vt 0.4300 0.9875 0.0000
vt 0.4291 0.9876 0.0000
vt 0.4297 0.9876 0.0000
vt 0.4289 0.9878 0.0000
vt 0.4294 0.9878 0.0000
vt 0.4286 0.9879 0.0000
vt 0.4292 0.9879 0.0000
vt 0.4284 0.9880 0.0000
vt 0.4290 0.9880 0.0000
vt 0.4282 0.9882 0.0000
vt 0.4288 0.9882 0.0000
vt 0.4281 0.9883 0.0000
vt 0.4287 0.9883 0.0000
vt 0.4280 0.9885 0.0000
vt 0.4285 0.9885 0.0000
vt 0.4279 0.9887 0.0000
vt 0.4285 0.9887 0.0000
vt 0.4278 0.9889 0.0000
vt 0.4284 0.9889 0.0000
vt 0.4278 0.9891 0.0000
vt 0.4284 0.9891 0.0000
vt 0.4278 0.9893 0.0000
vt 0.4284 0.9893 0.0000
vt 0.4279 0.9895 0.0000
vt 0.4285 0.9895 0.0000
vt 0.4280 0.9897 0.0000
vt 0.4285 0.9897 0.0000
vt 0.4281 0.9898 0.0000
vt 0.4286 0.9898 0.0000
vt 0.4282 0.9900 0.0000
vt 0.4287 0.9900 0.0000
vt 0.4283 0.9901 0.0000
vt 0.4289 0.9901 0.0000
vt 0.4285 0.9903 0.0000
vt 0.4291 0.9903 0.0000
vt 0.4287 0.9904 0.0000
vt 0.4293 0.9904 0.0000
vt 0.4289 0.9905 0.0000
vt 0.4295 0.9905 0.0000
vt 0.4292 0.9906 0.0000
vt 0.4298 0.9906 0.0000
vt 0.4295 0.9907 0.0000
vt 0.4300 0.9907 0.0000
vt 0.4298 0.9907 0.0000
vt 0.4303 0.9907 0.0000
vt 0.4301 0.9907 0.0000
vt 0.4306 0.9907 0.0000
vt 0.4304 0.9907 0.0000
vt 0.4310 0.9907 0.0000
vt 0.4308 0.9907 0.0000
vt 0.4313 0.9907 0.0000
vt 0.4311 0.9907 0.0000
vt 0.4316 0.9907 0.0000
vt 0.4314 0.9906 0.0000
vt 0.4319 0.9906 0.0000
vt 0.4317 0.9906 0.0000
vt 0.4322 0.9906 0.0000
vt 0.4319 0.9905 0.0000
vt 0.4325 0.9905 0.0000
vt 0.4322 0.9903 0.0000
vt 0.4327 0.9903 0.0000
vt 0.4324 0.9902 0.0000
vt 0.4329 0.9902 0.0000
vt 0.4326 0.9900 0.0000
vt 0.4331 0.9900 0.0000
vt 0.4327 0.9898 0.0000
vt 0.4333 0.9898 0.0000
vt 0.4328 0.9896 0.0000
vt 0.4334 0.9896 0.0000
vt 0.4329 0.9894 0.0000
vt 0.4335 0.9894 0.0000
vt 0.4330 0.9892 0.0000
vt 0.4336 0.9892 0.0000
vt 0.4331 0.9889 0.0000
vt 0.4336 0.9889 0.0000
vt 0.4331 0.9887 0.0000
vt 0.4336 0.9887 0.0000
vt 0.4364 0.9887 0.0000
vt 0.4370 0.9887 0.0000
vt 0.4364 0.9890 0.0000
vt 0.4369 0.9890 0.0000
vt 0.4364 0.9894 0.0000
vt 0.4369 0.9894 0.0000
vt 0.4363 0.9897 0.0000
vt 0.4368 0.9897 0.0000
vt 0.4362 0.9900 0.0000
vt 0.4367 0.9900 0.0000
vt 0.4360 0.9904 0.0000
vt 0.4366 0.9904 0.0000
vt 0.4359 0.9907 0.0000
vt 0.4364 0.9907 0.0000
vt 0.4357 0.9910 0.0000
vt 0.4362 0.9910 0.0000
vt 0.4354 0.9912 0.0000
vt 0.4360 0.9912 0.0000
vt 0.4352 0.9915 0.0000
vt 0.4357 0.9915 0.0000
vt 0.4349 0.9917 0.0000
vt 0.4355 0.9917 0.0000
vt 0.4346 0.9920 0.0000
vt 0.4352 0.9920 0.0000
vt 0.4343 0.9922 0.0000
vt 0.4348 0.9922 0.0000
vt 0.4339 0.9924 0.0000
vt 0.4345 0.9924 0.0000
vt 0.4336 0.9925 0.0000
vt 0.4341 0.9925 0.0000
vt 0.4332 0.9927 0.0000
vt 0.4337 0.9927 0.0000
vt 0.4327 0.9928 0.0000
vt 0.4333 0.9928 0.0000
vt 0.4323 0.9929 0.0000
vt 0.4329 0.9929 0.0000
vt 0.4319 0.9930 0.0000
vt 0.4324 0.9930 0.0000
vt 0.4314 0.9930 0.0000
vt 0.4320 0.9930 0.0000
vt 0.4309 0.9931 0.0000
vt 0.4315 0.9931 0.0000
vt 0.4305 0.9931 0.0000
vt 0.4310 0.9931 0.0000
vt 0.4300 0.9931 0.0000
vt 0.4295 0.9930 0.0000
vt 0.4301 0.9930 0.0000
vt 0.4290 0.9930 0.0000
vt 0.4296 0.9930 0.0000
vt 0.4286 0.9929 0.0000
vt 0.4292 0.9929 0.0000
vt 0.4282 0.9928 0.0000
vt 0.4287 0.9928 0.0000
vt 0.4278 0.9927 0.0000
vt 0.4283 0.9927 0.0000
vt 0.4274 0.9926 0.0000
vt 0.4279 0.9926 0.0000
vt 0.4270 0.9924 0.0000
vt 0.4276 0.9924 0.0000
vt 0.4266 0.9923 0.0000
vt 0.4272 0.9923 0.0000
vt 0.4263 0.9921 0.0000
vt 0.4269 0.9921 0.0000
vt 0.4260 0.9919 0.0000
vt 0.4266 0.9919 0.0000
vt 0.4257 0.9916 0.0000
vt 0.4263 0.9916 0.0000
vt 0.4255 0.9914 0.0000
vt 0.4261 0.9914 0.0000
vt 0.4252 0.9912 0.0000
vt 0.4258 0.9912 0.0000
vt 0.4250 0.9909 0.0000
vt 0.4256 0.9909 0.0000
vt 0.4249 0.9906 0.0000
vt 0.4255 0.9906 0.0000
vt 0.4247 0.9903 0.0000
vt 0.4253 0.9903 0.0000
vt 0.4246 0.9900 0.0000
vt 0.4252 0.9900 0.0000
vt 0.4246 0.9897 0.0000
vt 0.4252 0.9897 0.0000
vt 0.4245 0.9894 0.0000
vt 0.4251 0.9894 0.0000
vt 0.4245 0.9891 0.0000
vt 0.4251 0.9891 0.0000
vt 0.4246 0.9885 0.0000
vt 0.4252 0.9885 0.0000
vt 0.4247 0.9879 0.0000
vt 0.4253 0.9879 0.0000
vt 0.4250 0.9873 0.0000
vt 0.4256 0.9873 0.0000
vt 0.4254 0.9868 0.0000
vt 0.4260 0.9868 0.0000
vt 0.4259 0.9863 0.0000
vt 0.4265 0.9863 0.0000
vt 0.4265 0.9859 0.0000
vt 0.4271 0.9859 0.0000
vt 0.4273 0.9855 0.0000
vt 0.4278 0.9855 0.0000
vt 0.4276 0.9854 0.0000
vt 0.4281 0.9854 0.0000
vt 0.4279 0.9852 0.0000
vt 0.4285 0.9852 0.0000
vt 0.4282 0.9851 0.0000
vt 0.4288 0.9851 0.0000
vt 0.4286 0.9850 0.0000
vt 0.4292 0.9850 0.0000
vt 0.4291 0.9848 0.0000
vt 0.4296 0.9848 0.0000
vt 0.4295 0.9847 0.0000
vt 0.4301 0.9847 0.0000
vt 0.4300 0.9845 0.0000
vt 0.4306 0.9845 0.0000
vt 0.4305 0.9844 0.0000
vt 0.4310 0.9844 0.0000
vt 0.4309 0.9843 0.0000
vt 0.4315 0.9843 0.0000
vt 0.4313 0.9841 0.0000
vt 0.4318 0.9841 0.0000
vt 0.4316 0.9840 0.0000
vt 0.4322 0.9840 0.0000
vt 0.4319 0.9839 0.0000
vt 0.4325 0.9839 0.0000
vt 0.4322 0.9837 0.0000
vt 0.4327 0.9837 0.0000
vt 0.4324 0.9836 0.0000
vt 0.4330 0.9836 0.0000
vt 0.4326 0.9835 0.0000
vt 0.4331 0.9835 0.0000
vt 0.4327 0.9833 0.0000
vt 0.4333 0.9833 0.0000
vt 0.4328 0.9831 0.0000
vt 0.4334 0.9831 0.0000
vt 0.4329 0.9829 0.0000
vt 0.4335 0.9829 0.0000
vt 0.4330 0.9827 0.0000
vt 0.4336 0.9827 0.0000
vt 0.4330 0.9825 0.0000
vt 0.4336 0.9825 0.0000
vt 0.4331 0.9823 0.0000
vt 0.4336 0.9823 0.0000
vt 0.4377 0.9929 0.0000
vt 0.4510 0.9929 0.0000
vt 0.4515 0.9929 0.0000
vt 0.4382 0.9929 0.0000
vt 0.4377 0.9905 0.0000
vt 0.4382 0.9905 0.0000
vt 0.4426 0.9905 0.0000
vt 0.4431 0.9905 0.0000
vt 0.4426 0.9785 0.0000
vt 0.4431 0.9785 0.0000
vt 0.4460 0.9785 0.0000
vt 0.4465 0.9785 0.0000
vt 0.4460 0.9905 0.0000
vt 0.4465 0.9905 0.0000
vt 0.4510 0.9905 0.0000
vt 0.4515 0.9905 0.0000
vt 0.4670 0.9785 0.0000
vt 0.4634 0.9785 0.0000
vt 0.4638 0.9785 0.0000
vt 0.4674 0.9785 0.0000
vt 0.4608 0.9929 0.0000
vt 0.4613 0.9929 0.0000
vt 0.4577 0.9929 0.0000
vt 0.4581 0.9929 0.0000
vt 0.4515 0.9785 0.0000
vt 0.4520 0.9785 0.0000
vt 0.4551 0.9785 0.0000
vt 0.4556 0.9785 0.0000
vt 0.4563 0.9815 0.0000
vt 0.4567 0.9815 0.0000
vt 0.4622 0.9815 0.0000
vt 0.4627 0.9815 0.0000
vt 0.4613 0.9839 0.0000
vt 0.4592 0.9893 0.0000
vt 0.4597 0.9893 0.0000
vt 0.4618 0.9839 0.0000
vt 0.4572 0.9839 0.0000
vt 0.4576 0.9839 0.0000
vt 0.4758 0.9786 0.0000
vt 0.4750 0.9785 0.0000
vt 0.4754 0.9785 0.0000
vt 0.4762 0.9786 0.0000
vt 0.4766 0.9786 0.0000
vt 0.4769 0.9786 0.0000
vt 0.4772 0.9787 0.0000
vt 0.4776 0.9787 0.0000
vt 0.4779 0.9789 0.0000
vt 0.4782 0.9789 0.0000
vt 0.4784 0.9791 0.0000
vt 0.4788 0.9791 0.0000
vt 0.4790 0.9793 0.0000
vt 0.4793 0.9793 0.0000
vt 0.4794 0.9796 0.0000
vt 0.4798 0.9796 0.0000
vt 0.4798 0.9799 0.0000
vt 0.4802 0.9799 0.0000
vt 0.4802 0.9803 0.0000
vt 0.4805 0.9803 0.0000
vt 0.4805 0.9807 0.0000
vt 0.4808 0.9807 0.0000
vt 0.4807 0.9812 0.0000
vt 0.4811 0.9812 0.0000
vt 0.4808 0.9817 0.0000
vt 0.4812 0.9817 0.0000
vt 0.4809 0.9822 0.0000
vt 0.4813 0.9822 0.0000
vt 0.4810 0.9828 0.0000
vt 0.4813 0.9828 0.0000
vt 0.4810 0.9831 0.0000
vt 0.4813 0.9831 0.0000
vt 0.4809 0.9834 0.0000
vt 0.4813 0.9834 0.0000
vt 0.4808 0.9837 0.0000
vt 0.4812 0.9837 0.0000
vt 0.4807 0.9840 0.0000
vt 0.4811 0.9840 0.0000
vt 0.4806 0.9843 0.0000
vt 0.4810 0.9843 0.0000
vt 0.4804 0.9846 0.0000
vt 0.4808 0.9846 0.0000
vt 0.4802 0.9848 0.0000
vt 0.4806 0.9848 0.0000
vt 0.4800 0.9850 0.0000
vt 0.4804 0.9850 0.0000
vt 0.4798 0.9852 0.0000
vt 0.4801 0.9852 0.0000
vt 0.4795 0.9854 0.0000
vt 0.4799 0.9854 0.0000
vt 0.4792 0.9856 0.0000
vt 0.4796 0.9856 0.0000
vt 0.4789 0.9857 0.0000
vt 0.4793 0.9857 0.0000
vt 0.4786 0.9858 0.0000
vt 0.4789 0.9858 0.0000
vt 0.4782 0.9859 0.0000
vt 0.4786 0.9859 0.0000
vt 0.4785 0.9860 0.0000
vt 0.4789 0.9860 0.0000
vt 0.4788 0.9862 0.0000
vt 0.4792 0.9862 0.0000
vt 0.4791 0.9863 0.0000
vt 0.4794 0.9863 0.0000
vt 0.4793 0.9865 0.0000
vt 0.4797 0.9865 0.0000
vt 0.4796 0.9867 0.0000
vt 0.4799 0.9867 0.0000
vt 0.4798 0.9869 0.0000
vt 0.4801 0.9869 0.0000
vt 0.4800 0.9871 0.0000
vt 0.4803 0.9871 0.0000
vt 0.4801 0.9873 0.0000
vt 0.4805 0.9873 0.0000
vt 0.4803 0.9876 0.0000
vt 0.4806 0.9876 0.0000
vt 0.4804 0.9878 0.0000
vt 0.4807 0.9878 0.0000
vt 0.4805 0.9881 0.0000
vt 0.4808 0.9881 0.0000
vt 0.4805 0.9884 0.0000
vt 0.4809 0.9884 0.0000
vt 0.4806 0.9887 0.0000
vt 0.4809 0.9887 0.0000
vt 0.4806 0.9890 0.0000
vt 0.4810 0.9890 0.0000
vt 0.4806 0.9895 0.0000
vt 0.4809 0.9895 0.0000
vt 0.4805 0.9900 0.0000
vt 0.4808 0.9900 0.0000
vt 0.4803 0.9904 0.0000
vt 0.4807 0.9904 0.0000
vt 0.4801 0.9909 0.0000
vt 0.4804 0.9909 0.0000
vt 0.4798 0.9912 0.0000
vt 0.4802 0.9912 0.0000
vt 0.4794 0.9916 0.0000
vt 0.4798 0.9916 0.0000
vt 0.4790 0.9919 0.0000
vt 0.4794 0.9919 0.0000
vt 0.4785 0.9922 0.0000
vt 0.4789 0.9922 0.0000
vt 0.4780 0.9924 0.0000
vt 0.4784 0.9924 0.0000
vt 0.4774 0.9926 0.0000
vt 0.4778 0.9926 0.0000
vt 0.4767 0.9927 0.0000
vt 0.4771 0.9927 0.0000
vt 0.4760 0.9928 0.0000
vt 0.4764 0.9928 0.0000
vt 0.4752 0.9929 0.0000
vt 0.4756 0.9929 0.0000
vt 0.4744 0.9929 0.0000
vt 0.4748 0.9929 0.0000
vt 0.4686 0.9929 0.0000
vt 0.4690 0.9929 0.0000
vt 0.4686 0.9785 0.0000
vt 0.4690 0.9785 0.0000
vt 0.4758 0.9847 0.0000
vt 0.4752 0.9848 0.0000
vt 0.4755 0.9848 0.0000
vt 0.4762 0.9847 0.0000
vt 0.4763 0.9846 0.0000
vt 0.4767 0.9846 0.0000
vt 0.4768 0.9844 0.0000
vt 0.4771 0.9844 0.0000
vt 0.4771 0.9841 0.0000
vt 0.4775 0.9841 0.0000
vt 0.4773 0.9838 0.0000
vt 0.4777 0.9838 0.0000
vt 0.4775 0.9833 0.0000
vt 0.4779 0.9833 0.0000
vt 0.4775 0.9828 0.0000
vt 0.4779 0.9828 0.0000
vt 0.4775 0.9825 0.0000
vt 0.4779 0.9825 0.0000
vt 0.4775 0.9823 0.0000
vt 0.4778 0.9823 0.0000
vt 0.4774 0.9821 0.0000
vt 0.4778 0.9821 0.0000
vt 0.4773 0.9819 0.0000
vt 0.4777 0.9819 0.0000
vt 0.4772 0.9817 0.0000
vt 0.4776 0.9817 0.0000
vt 0.4770 0.9816 0.0000
vt 0.4774 0.9816 0.0000
vt 0.4768 0.9814 0.0000
vt 0.4772 0.9814 0.0000
vt 0.4766 0.9813 0.0000
vt 0.4770 0.9813 0.0000
vt 0.4764 0.9812 0.0000
vt 0.4768 0.9812 0.0000
vt 0.4762 0.9811 0.0000
vt 0.4765 0.9811 0.0000
vt 0.4759 0.9810 0.0000
vt 0.4763 0.9810 0.0000
vt 0.4756 0.9810 0.0000
vt 0.4760 0.9810 0.0000
vt 0.4753 0.9809 0.0000
vt 0.4757 0.9809 0.0000
vt 0.4749 0.9809 0.0000
vt 0.4720 0.9809 0.0000
vt 0.4724 0.9809 0.0000
vt 0.4720 0.9848 0.0000
vt 0.4724 0.9848 0.0000
vt 0.4744 0.9905 0.0000
vt 0.4720 0.9905 0.0000
vt 0.4724 0.9905 0.0000
vt 0.4748 0.9905 0.0000
vt 0.4752 0.9905 0.0000
vt 0.4755 0.9905 0.0000
vt 0.4755 0.9904 0.0000
vt 0.4759 0.9904 0.0000
vt 0.4758 0.9904 0.0000
vt 0.4762 0.9904 0.0000
vt 0.4760 0.9903 0.0000
vt 0.4764 0.9903 0.0000
vt 0.4763 0.9902 0.0000
vt 0.4767 0.9902 0.0000
vt 0.4765 0.9901 0.0000
vt 0.4769 0.9901 0.0000
vt 0.4767 0.9899 0.0000
vt 0.4770 0.9899 0.0000
vt 0.4768 0.9898 0.0000
vt 0.4772 0.9898 0.0000
vt 0.4769 0.9896 0.0000
vt 0.4773 0.9896 0.0000
vt 0.4770 0.9894 0.0000
vt 0.4774 0.9894 0.0000
vt 0.4771 0.9892 0.0000
vt 0.4775 0.9892 0.0000
vt 0.4771 0.9889 0.0000
vt 0.4775 0.9889 0.0000
vt 0.4771 0.9887 0.0000
vt 0.4775 0.9887 0.0000
vt 0.4771 0.9882 0.0000
vt 0.4775 0.9882 0.0000
vt 0.4769 0.9878 0.0000
vt 0.4773 0.9878 0.0000
vt 0.4767 0.9875 0.0000
vt 0.4770 0.9875 0.0000
vt 0.4763 0.9872 0.0000
vt 0.4767 0.9872 0.0000
vt 0.4758 0.9870 0.0000
vt 0.4762 0.9870 0.0000
vt 0.4752 0.9869 0.0000
vt 0.4756 0.9869 0.0000
vt 0.4745 0.9869 0.0000
vt 0.4749 0.9869 0.0000
vt 0.4720 0.9869 0.0000
vt 0.4724 0.9869 0.0000
vt 0.4836 0.9929 0.0000
vt 0.4870 0.9929 0.0000
vt 0.4874 0.9929 0.0000
vt 0.4839 0.9929 0.0000
vt 0.4836 0.9785 0.0000
vt 0.4839 0.9785 0.0000
vt 0.4944 0.9785 0.0000
vt 0.4947 0.9785 0.0000
vt 0.4944 0.9809 0.0000
vt 0.4947 0.9809 0.0000
vt 0.4870 0.9809 0.0000
vt 0.4874 0.9809 0.0000
vt 0.4998 0.9871 0.0000
vt 0.5065 0.9871 0.0000
vt 0.5068 0.9871 0.0000
vt 0.5001 0.9871 0.0000
vt 0.4998 0.9905 0.0000
vt 0.5001 0.9905 0.0000
vt 0.5077 0.9905 0.0000
vt 0.5079 0.9905 0.0000
vt 0.5077 0.9929 0.0000
vt 0.5079 0.9929 0.0000
vt 0.4964 0.9929 0.0000
vt 0.4967 0.9929 0.0000
vt 0.4964 0.9785 0.0000
vt 0.4967 0.9785 0.0000
vt 0.5077 0.9785 0.0000
vt 0.5079 0.9785 0.0000
vt 0.5077 0.9809 0.0000
vt 0.5079 0.9809 0.0000
vt 0.4998 0.9809 0.0000
vt 0.5001 0.9809 0.0000
vt 0.4998 0.9848 0.0000
vt 0.5001 0.9848 0.0000
vt 0.5065 0.9848 0.0000
vt 0.5068 0.9848 0.0000
vt 0.5171 0.9836 0.0000
vt 0.5163 0.9836 0.0000
vt 0.5165 0.9836 0.0000
vt 0.5174 0.9836 0.0000
vt 0.5179 0.9837 0.0000
vt 0.5181 0.9837 0.0000
vt 0.5187 0.9838 0.0000
vt 0.5189 0.9838 0.0000
vt 0.5193 0.9840 0.0000
vt 0.5195 0.9840 0.0000
vt 0.5200 0.9842 0.0000
vt 0.5202 0.9842 0.0000
vt 0.5205 0.9845 0.0000
vt 0.5207 0.9845 0.0000
vt 0.5210 0.9848 0.0000
vt 0.5212 0.9848 0.0000
vt 0.5215 0.9852 0.0000
vt 0.5217 0.9852 0.0000
vt 0.5219 0.9856 0.0000
vt 0.5221 0.9856 0.0000
vt 0.5222 0.9860 0.0000
vt 0.5224 0.9860 0.0000
vt 0.5224 0.9865 0.0000
vt 0.5226 0.9865 0.0000
vt 0.5226 0.9870 0.0000
vt 0.5228 0.9870 0.0000
vt 0.5227 0.9875 0.0000
vt 0.5229 0.9875 0.0000
vt 0.5228 0.9881 0.0000
vt 0.5229 0.9881 0.0000
vt 0.5227 0.9885 0.0000
vt 0.5229 0.9885 0.0000
vt 0.5227 0.9889 0.0000
vt 0.5229 0.9889 0.0000
vt 0.5226 0.9893 0.0000
vt 0.5228 0.9893 0.0000
vt 0.5225 0.9896 0.0000
vt 0.5227 0.9896 0.0000
vt 0.5224 0.9900 0.0000
vt 0.5225 0.9900 0.0000
vt 0.5222 0.9903 0.0000
vt 0.5224 0.9903 0.0000
vt 0.5220 0.9906 0.0000
vt 0.5222 0.9906 0.0000
vt 0.5217 0.9909 0.0000
vt 0.5219 0.9909 0.0000
vt 0.5215 0.9912 0.0000
vt 0.5217 0.9912 0.0000
vt 0.5212 0.9915 0.0000
vt 0.5214 0.9915 0.0000
vt 0.5209 0.9917 0.0000
vt 0.5211 0.9917 0.0000
vt 0.5205 0.9919 0.0000
vt 0.5207 0.9919 0.0000
vt 0.5201 0.9921 0.0000
vt 0.5203 0.9921 0.0000
vt 0.5197 0.9923 0.0000
vt 0.5199 0.9923 0.0000
vt 0.5193 0.9925 0.0000
vt 0.5195 0.9925 0.0000
vt 0.5189 0.9926 0.0000
vt 0.5191 0.9926 0.0000
vt 0.5184 0.9927 0.0000
vt 0.5186 0.9927 0.0000
vt 0.5179 0.9928 0.0000
vt 0.5181 0.9928 0.0000
vt 0.5174 0.9928 0.0000
vt 0.5176 0.9928 0.0000
vt 0.5169 0.9929 0.0000
vt 0.5171 0.9929 0.0000
vt 0.5164 0.9929 0.0000
vt 0.5166 0.9929 0.0000
vt 0.5098 0.9929 0.0000
vt 0.5100 0.9929 0.0000
vt 0.5098 0.9785 0.0000
vt 0.5100 0.9785 0.0000
vt 0.5132 0.9785 0.0000
vt 0.5135 0.9785 0.0000
vt 0.5132 0.9836 0.0000
vt 0.5135 0.9836 0.0000
vt 0.5164 0.9905 0.0000
vt 0.5132 0.9905 0.0000
vt 0.5135 0.9905 0.0000
vt 0.5167 0.9905 0.0000
vt 0.5168 0.9905 0.0000
vt 0.5170 0.9905 0.0000
vt 0.5171 0.9904 0.0000
vt 0.5174 0.9904 0.0000
vt 0.5175 0.9904 0.0000
vt 0.5177 0.9904 0.0000
vt 0.5177 0.9903 0.0000
vt 0.5180 0.9903 0.0000
vt 0.5180 0.9901 0.0000
vt 0.5182 0.9901 0.0000
vt 0.5183 0.9900 0.0000
vt 0.5185 0.9900 0.0000
vt 0.5185 0.9898 0.0000
vt 0.5187 0.9898 0.0000
vt 0.5187 0.9896 0.0000
vt 0.5189 0.9896 0.0000
vt 0.5188 0.9894 0.0000
vt 0.5190 0.9894 0.0000
vt 0.5190 0.9892 0.0000
vt 0.5192 0.9892 0.0000
vt 0.5191 0.9889 0.0000
vt 0.5193 0.9889 0.0000
vt 0.5192 0.9887 0.0000
vt 0.5194 0.9887 0.0000
vt 0.5192 0.9884 0.0000
vt 0.5194 0.9884 0.0000
vt 0.5192 0.9881 0.0000
vt 0.5194 0.9881 0.0000
vt 0.5192 0.9878 0.0000
vt 0.5194 0.9878 0.0000
vt 0.5192 0.9876 0.0000
vt 0.5194 0.9876 0.0000
vt 0.5191 0.9873 0.0000
vt 0.5193 0.9873 0.0000
vt 0.5190 0.9871 0.0000
vt 0.5192 0.9871 0.0000
vt 0.5188 0.9869 0.0000
vt 0.5190 0.9869 0.0000
vt 0.5187 0.9867 0.0000
vt 0.5189 0.9867 0.0000
vt 0.5185 0.9865 0.0000
vt 0.5187 0.9865 0.0000
vt 0.5183 0.9864 0.0000
vt 0.5185 0.9864 0.0000
vt 0.5180 0.9863 0.0000
vt 0.5182 0.9863 0.0000
vt 0.5177 0.9862 0.0000
vt 0.5180 0.9862 0.0000
vt 0.5174 0.9861 0.0000
vt 0.5176 0.9861 0.0000
vt 0.5171 0.9860 0.0000
vt 0.5173 0.9860 0.0000
vt 0.5168 0.9860 0.0000
vt 0.5170 0.9860 0.0000
vt 0.5164 0.9860 0.0000
vt 0.5166 0.9860 0.0000
vt 0.5132 0.9860 0.0000
vt 0.5135 0.9860 0.0000
vt 0.5384 0.9785 0.0000
vt 0.5347 0.9785 0.0000
vt 0.5348 0.9785 0.0000
vt 0.5386 0.9785 0.0000
vt 0.5384 0.9787 0.0000
vt 0.5386 0.9787 0.0000
vt 0.5347 0.9845 0.0000
vt 0.5349 0.9845 0.0000
vt 0.5352 0.9847 0.0000
vt 0.5353 0.9847 0.0000
vt 0.5356 0.9849 0.0000
vt 0.5357 0.9849 0.0000
vt 0.5359 0.9851 0.0000
vt 0.5361 0.9851 0.0000
vt 0.5362 0.9853 0.0000
vt 0.5364 0.9853 0.0000
vt 0.5365 0.9856 0.0000
vt 0.5367 0.9856 0.0000
vt 0.5368 0.9858 0.0000
vt 0.5369 0.9858 0.0000
vt 0.5370 0.9861 0.0000
vt 0.5372 0.9861 0.0000
vt 0.5372 0.9864 0.0000
vt 0.5374 0.9864 0.0000
vt 0.5374 0.9867 0.0000
vt 0.5375 0.9867 0.0000
vt 0.5375 0.9870 0.0000
vt 0.5377 0.9870 0.0000
vt 0.5377 0.9874 0.0000
vt 0.5378 0.9874 0.0000
vt 0.5377 0.9878 0.0000
vt 0.5379 0.9878 0.0000
vt 0.5378 0.9882 0.0000
vt 0.5379 0.9882 0.0000
vt 0.5378 0.9886 0.0000
vt 0.5379 0.9886 0.0000
vt 0.5378 0.9891 0.0000
vt 0.5379 0.9891 0.0000
vt 0.5377 0.9897 0.0000
vt 0.5378 0.9897 0.0000
vt 0.5375 0.9902 0.0000
vt 0.5376 0.9902 0.0000
vt 0.5373 0.9906 0.0000
vt 0.5374 0.9906 0.0000
vt 0.5370 0.9910 0.0000
vt 0.5371 0.9910 0.0000
vt 0.5366 0.9914 0.0000
vt 0.5367 0.9914 0.0000
vt 0.5362 0.9918 0.0000
vt 0.5363 0.9918 0.0000
vt 0.5357 0.9921 0.0000
vt 0.5358 0.9921 0.0000
vt 0.5351 0.9923 0.0000
vt 0.5352 0.9923 0.0000
vt 0.5345 0.9925 0.0000
vt 0.5346 0.9925 0.0000
vt 0.5338 0.9927 0.0000
vt 0.5340 0.9927 0.0000
vt 0.5331 0.9928 0.0000
vt 0.5333 0.9928 0.0000
vt 0.5323 0.9929 0.0000
vt 0.5325 0.9929 0.0000
vt 0.5315 0.9929 0.0000
vt 0.5316 0.9929 0.0000
vt 0.5252 0.9929 0.0000
vt 0.5253 0.9929 0.0000
vt 0.5252 0.9785 0.0000
vt 0.5253 0.9785 0.0000
vt 0.5287 0.9785 0.0000
vt 0.5288 0.9785 0.0000
vt 0.5287 0.9838 0.0000
vt 0.5288 0.9838 0.0000
vt 0.5315 0.9838 0.0000
vt 0.5316 0.9838 0.0000
vt 0.5315 0.9905 0.0000
vt 0.5287 0.9905 0.0000
vt 0.5288 0.9905 0.0000
vt 0.5316 0.9905 0.0000
vt 0.5319 0.9905 0.0000
vt 0.5320 0.9905 0.0000
vt 0.5322 0.9904 0.0000
vt 0.5324 0.9904 0.0000
vt 0.5326 0.9904 0.0000
vt 0.5327 0.9904 0.0000
vt 0.5329 0.9903 0.0000
vt 0.5330 0.9903 0.0000
vt 0.5331 0.9902 0.0000
vt 0.5333 0.9902 0.0000
vt 0.5334 0.9901 0.0000
vt 0.5335 0.9901 0.0000
vt 0.5336 0.9899 0.0000
vt 0.5337 0.9899 0.0000
vt 0.5338 0.9897 0.0000
vt 0.5339 0.9897 0.0000
vt 0.5339 0.9895 0.0000
vt 0.5341 0.9895 0.0000
vt 0.5341 0.9893 0.0000
vt 0.5342 0.9893 0.0000
vt 0.5342 0.9891 0.0000
vt 0.5343 0.9891 0.0000
vt 0.5342 0.9889 0.0000
vt 0.5344 0.9889 0.0000
vt 0.5343 0.9886 0.0000
vt 0.5344 0.9886 0.0000
vt 0.5343 0.9883 0.0000
vt 0.5344 0.9883 0.0000
vt 0.5343 0.9880 0.0000
vt 0.5344 0.9880 0.0000
vt 0.5342 0.9878 0.0000
vt 0.5344 0.9878 0.0000
vt 0.5341 0.9876 0.0000
vt 0.5343 0.9876 0.0000
vt 0.5340 0.9873 0.0000
vt 0.5342 0.9873 0.0000
vt 0.5339 0.9871 0.0000
vt 0.5341 0.9871 0.0000
vt 0.5337 0.9869 0.0000
vt 0.5339 0.9869 0.0000
vt 0.5336 0.9868 0.0000
vt 0.5337 0.9868 0.0000
vt 0.5333 0.9866 0.0000
vt 0.5335 0.9866 0.0000
vt 0.5331 0.9865 0.0000
vt 0.5332 0.9865 0.0000
vt 0.5328 0.9864 0.0000
vt 0.5330 0.9864 0.0000
vt 0.5325 0.9863 0.0000
vt 0.5327 0.9863 0.0000
vt 0.5322 0.9862 0.0000
vt 0.5324 0.9862 0.0000
vt 0.5319 0.9862 0.0000
vt 0.5320 0.9862 0.0000
vt 0.5315 0.9862 0.0000
vt 0.5317 0.9862 0.0000
vt 0.5287 0.9862 0.0000
vt 0.5288 0.9862 0.0000
vt 0.5545 0.9866 0.0000
vt 0.5545 0.9860 0.0000
vt 0.5546 0.9860 0.0000
vt 0.5546 0.9866 0.0000
vt 0.5544 0.9872 0.0000
vt 0.5545 0.9872 0.0000
vt 0.5543 0.9877 0.0000
vt 0.5544 0.9877 0.0000
vt 0.5542 0.9883 0.0000
vt 0.5543 0.9883 0.0000
vt 0.5540 0.9888 0.0000
vt 0.5541 0.9888 0.0000
vt 0.5538 0.9893 0.0000
vt 0.5539 0.9893 0.0000
vt 0.5536 0.9898 0.0000
vt 0.5537 0.9898 0.0000
vt 0.5533 0.9902 0.0000
vt 0.5534 0.9902 0.0000
vt 0.5530 0.9906 0.0000
vt 0.5531 0.9906 0.0000
vt 0.5527 0.9910 0.0000
vt 0.5528 0.9910 0.0000
vt 0.5523 0.9914 0.0000
vt 0.5524 0.9914 0.0000
vt 0.5519 0.9917 0.0000
vt 0.5520 0.9917 0.0000
vt 0.5515 0.9920 0.0000
vt 0.5516 0.9920 0.0000
vt 0.5510 0.9922 0.0000
vt 0.5511 0.9922 0.0000
vt 0.5505 0.9925 0.0000
vt 0.5506 0.9925 0.0000
vt 0.5500 0.9926 0.0000
vt 0.5501 0.9926 0.0000
vt 0.5495 0.9928 0.0000
vt 0.5496 0.9928 0.0000
vt 0.5490 0.9929 0.0000
vt 0.5491 0.9929 0.0000
vt 0.5484 0.9930 0.0000
vt 0.5485 0.9930 0.0000
vt 0.5478 0.9931 0.0000
vt 0.5479 0.9931 0.0000
vt 0.5472 0.9931 0.0000
vt 0.5473 0.9931 0.0000
vt 0.5466 0.9931 0.0000
vt 0.5467 0.9931 0.0000
vt 0.5460 0.9930 0.0000
vt 0.5461 0.9930 0.0000
vt 0.5455 0.9929 0.0000
vt 0.5456 0.9929 0.0000
vt 0.5449 0.9928 0.0000
vt 0.5450 0.9928 0.0000
vt 0.5444 0.9926 0.0000
vt 0.5445 0.9926 0.0000
vt 0.5439 0.9925 0.0000
vt 0.5440 0.9925 0.0000
vt 0.5434 0.9922 0.0000
vt 0.5435 0.9922 0.0000
vt 0.5430 0.9920 0.0000
vt 0.5431 0.9920 0.0000
vt 0.5425 0.9917 0.0000
vt 0.5427 0.9917 0.0000
vt 0.5421 0.9914 0.0000
vt 0.5423 0.9914 0.0000
vt 0.5418 0.9910 0.0000
vt 0.5419 0.9910 0.0000
vt 0.5414 0.9906 0.0000
vt 0.5416 0.9906 0.0000
vt 0.5411 0.9902 0.0000
vt 0.5413 0.9902 0.0000
vt 0.5409 0.9898 0.0000
vt 0.5410 0.9898 0.0000
vt 0.5406 0.9893 0.0000
vt 0.5407 0.9893 0.0000
vt 0.5404 0.9888 0.0000
vt 0.5405 0.9888 0.0000
vt 0.5403 0.9883 0.0000
vt 0.5404 0.9883 0.0000
vt 0.5401 0.9877 0.0000
vt 0.5402 0.9877 0.0000
vt 0.5400 0.9872 0.0000
vt 0.5401 0.9872 0.0000
vt 0.5400 0.9866 0.0000
vt 0.5401 0.9866 0.0000
vt 0.5400 0.9860 0.0000
vt 0.5401 0.9860 0.0000
vt 0.5400 0.9853 0.0000
vt 0.5401 0.9853 0.0000
vt 0.5400 0.9847 0.0000
vt 0.5401 0.9847 0.0000
vt 0.5400 0.9842 0.0000
vt 0.5402 0.9842 0.0000
vt 0.5401 0.9836 0.0000
vt 0.5403 0.9836 0.0000
vt 0.5403 0.9831 0.0000
vt 0.5404 0.9831 0.0000
vt 0.5404 0.9826 0.0000
vt 0.5406 0.9826 0.0000
vt 0.5406 0.9821 0.0000
vt 0.5408 0.9821 0.0000
vt 0.5409 0.9817 0.0000
vt 0.5410 0.9817 0.0000
vt 0.5412 0.9812 0.0000
vt 0.5413 0.9812 0.0000
vt 0.5415 0.9808 0.0000
vt 0.5416 0.9808 0.0000
vt 0.5418 0.9804 0.0000
vt 0.5419 0.9804 0.0000
vt 0.5422 0.9801 0.0000
vt 0.5423 0.9801 0.0000
vt 0.5426 0.9798 0.0000
vt 0.5427 0.9798 0.0000
vt 0.5430 0.9795 0.0000
vt 0.5431 0.9795 0.0000
vt 0.5435 0.9792 0.0000
vt 0.5436 0.9792 0.0000
vt 0.5439 0.9790 0.0000
vt 0.5441 0.9790 0.0000
vt 0.5445 0.9788 0.0000
vt 0.5446 0.9788 0.0000
vt 0.5450 0.9786 0.0000
vt 0.5451 0.9786 0.0000
vt 0.5455 0.9785 0.0000
vt 0.5456 0.9785 0.0000
vt 0.5461 0.9784 0.0000
vt 0.5462 0.9784 0.0000
vt 0.5467 0.9784 0.0000
vt 0.5473 0.9783 0.0000
vt 0.5479 0.9784 0.0000
vt 0.5484 0.9784 0.0000
vt 0.5485 0.9784 0.0000
vt 0.5490 0.9785 0.0000
vt 0.5491 0.9785 0.0000
vt 0.5495 0.9786 0.0000
vt 0.5496 0.9786 0.0000
vt 0.5501 0.9788 0.0000
vt 0.5502 0.9788 0.0000
vt 0.5506 0.9790 0.0000
vt 0.5507 0.9790 0.0000
vt 0.5511 0.9792 0.0000
vt 0.5515 0.9795 0.0000
vt 0.5516 0.9795 0.0000
vt 0.5519 0.9798 0.0000
vt 0.5520 0.9798 0.0000
vt 0.5523 0.9801 0.0000
vt 0.5524 0.9801 0.0000
vt 0.5527 0.9804 0.0000
vt 0.5528 0.9804 0.0000
vt 0.5530 0.9808 0.0000
vt 0.5531 0.9808 0.0000
vt 0.5533 0.9812 0.0000
vt 0.5534 0.9812 0.0000
vt 0.5536 0.9817 0.0000
vt 0.5537 0.9817 0.0000
vt 0.5539 0.9821 0.0000
vt 0.5541 0.9826 0.0000
vt 0.5542 0.9831 0.0000
vt 0.5543 0.9831 0.0000
vt 0.5543 0.9837 0.0000
vt 0.5544 0.9837 0.0000
vt 0.5544 0.9842 0.0000
vt 0.5545 0.9842 0.0000
vt 0.5545 0.9848 0.0000
vt 0.5546 0.9848 0.0000
vt 0.5545 0.9854 0.0000
vt 0.5546 0.9854 0.0000
vt 0.5509 0.9847 0.0000
vt 0.5509 0.9853 0.0000
vt 0.5510 0.9853 0.0000
vt 0.5510 0.9847 0.0000
vt 0.5509 0.9841 0.0000
vt 0.5508 0.9836 0.0000
vt 0.5506 0.9831 0.0000
vt 0.5507 0.9831 0.0000
vt 0.5504 0.9827 0.0000
vt 0.5505 0.9827 0.0000
vt 0.5502 0.9823 0.0000
vt 0.5503 0.9823 0.0000
vt 0.5500 0.9819 0.0000
vt 0.5501 0.9819 0.0000
vt 0.5497 0.9816 0.0000
vt 0.5498 0.9816 0.0000
vt 0.5494 0.9814 0.0000
vt 0.5490 0.9812 0.0000
vt 0.5491 0.9812 0.0000
vt 0.5486 0.9810 0.0000
vt 0.5487 0.9810 0.0000
vt 0.5482 0.9809 0.0000
vt 0.5483 0.9809 0.0000
vt 0.5477 0.9808 0.0000
vt 0.5478 0.9808 0.0000
vt 0.5473 0.9808 0.0000
vt 0.5468 0.9808 0.0000
vt 0.5463 0.9809 0.0000
vt 0.5464 0.9809 0.0000
vt 0.5459 0.9810 0.0000
vt 0.5460 0.9810 0.0000
vt 0.5455 0.9812 0.0000
vt 0.5456 0.9812 0.0000
vt 0.5451 0.9814 0.0000
vt 0.5452 0.9814 0.0000
vt 0.5448 0.9817 0.0000
vt 0.5449 0.9817 0.0000
vt 0.5445 0.9820 0.0000
vt 0.5446 0.9820 0.0000
vt 0.5442 0.9823 0.0000
vt 0.5443 0.9823 0.0000
vt 0.5440 0.9828 0.0000
vt 0.5441 0.9828 0.0000
vt 0.5438 0.9832 0.0000
vt 0.5439 0.9832 0.0000
vt 0.5437 0.9837 0.0000
vt 0.5438 0.9837 0.0000
vt 0.5436 0.9842 0.0000
vt 0.5437 0.9842 0.0000
vt 0.5435 0.9848 0.0000
vt 0.5436 0.9848 0.0000
vt 0.5435 0.9854 0.0000
vt 0.5436 0.9854 0.0000
vt 0.5435 0.9861 0.0000
vt 0.5436 0.9861 0.0000
vt 0.5435 0.9867 0.0000
vt 0.5436 0.9867 0.0000
vt 0.5436 0.9873 0.0000
vt 0.5437 0.9873 0.0000
vt 0.5437 0.9878 0.0000
vt 0.5438 0.9878 0.0000
vt 0.5438 0.9883 0.0000
vt 0.5439 0.9883 0.0000
vt 0.5440 0.9887 0.0000
vt 0.5441 0.9887 0.0000
vt 0.5442 0.9891 0.0000
vt 0.5443 0.9891 0.0000
vt 0.5445 0.9895 0.0000
vt 0.5446 0.9895 0.0000
vt 0.5448 0.9898 0.0000
vt 0.5449 0.9898 0.0000
vt 0.5451 0.9900 0.0000
vt 0.5452 0.9900 0.0000
vt 0.5455 0.9903 0.0000
vt 0.5456 0.9903 0.0000
vt 0.5459 0.9904 0.0000
vt 0.5460 0.9904 0.0000
vt 0.5463 0.9905 0.0000
vt 0.5464 0.9905 0.0000
vt 0.5467 0.9906 0.0000
vt 0.5468 0.9906 0.0000
vt 0.5472 0.9906 0.0000
vt 0.5473 0.9906 0.0000
vt 0.5477 0.9906 0.0000
vt 0.5478 0.9906 0.0000
vt 0.5482 0.9905 0.0000
vt 0.5483 0.9905 0.0000
vt 0.5486 0.9904 0.0000
vt 0.5487 0.9904 0.0000
vt 0.5490 0.9903 0.0000
vt 0.5491 0.9903 0.0000
vt 0.5494 0.9900 0.0000
vt 0.5497 0.9898 0.0000
vt 0.5498 0.9898 0.0000
vt 0.5500 0.9895 0.0000
vt 0.5501 0.9895 0.0000
vt 0.5502 0.9891 0.0000
vt 0.5503 0.9891 0.0000
vt 0.5504 0.9887 0.0000
vt 0.5505 0.9887 0.0000
vt 0.5506 0.9883 0.0000
vt 0.5507 0.9883 0.0000
vt 0.5508 0.9878 0.0000
vt 0.5509 0.9872 0.0000
vt 0.5509 0.9867 0.0000
vt 0.5510 0.9867 0.0000
vt 0.5509 0.9860 0.0000
vt 0.5510 0.9860 0.0000
vt 0.5640 0.9827 0.0000
vt 0.5640 0.9830 0.0000
vt 0.5639 0.9824 0.0000
vt 0.5639 0.9821 0.0000
vt 0.5638 0.9819 0.0000
vt 0.5637 0.9817 0.0000
vt 0.5635 0.9815 0.0000
vt 0.5634 0.9813 0.0000
vt 0.5632 0.9811 0.0000
vt 0.5630 0.9810 0.0000
vt 0.5628 0.9809 0.0000
vt 0.5625 0.9808 0.0000
vt 0.5626 0.9808 0.0000
vt 0.5623 0.9808 0.0000
vt 0.5620 0.9807 0.0000
vt 0.5621 0.9807 0.0000
vt 0.5618 0.9807 0.0000
vt 0.5614 0.9807 0.0000
vt 0.5615 0.9807 0.0000
vt 0.5612 0.9808 0.0000
vt 0.5609 0.9808 0.0000
vt 0.5607 0.9809 0.0000
vt 0.5604 0.9810 0.0000
vt 0.5605 0.9810 0.0000
vt 0.5602 0.9811 0.0000
vt 0.5603 0.9811 0.0000
vt 0.5601 0.9812 0.0000
vt 0.5599 0.9814 0.0000
vt 0.5600 0.9814 0.0000
vt 0.5598 0.9816 0.0000
vt 0.5599 0.9816 0.0000
vt 0.5597 0.9818 0.0000
vt 0.5598 0.9818 0.0000
vt 0.5597 0.9820 0.0000
vt 0.5596 0.9822 0.0000
vt 0.5596 0.9825 0.0000
vt 0.5596 0.9828 0.0000
vt 0.5560 0.9828 0.0000
vt 0.5561 0.9828 0.0000
vt 0.5560 0.9822 0.0000
vt 0.5561 0.9822 0.0000
vt 0.5561 0.9816 0.0000
vt 0.5562 0.9816 0.0000
vt 0.5563 0.9811 0.0000
vt 0.5565 0.9807 0.0000
vt 0.5566 0.9807 0.0000
vt 0.5568 0.9802 0.0000
vt 0.5571 0.9799 0.0000
vt 0.5572 0.9799 0.0000
vt 0.5575 0.9795 0.0000
vt 0.5576 0.9795 0.0000
vt 0.5580 0.9792 0.0000
vt 0.5585 0.9789 0.0000
vt 0.5590 0.9787 0.0000
vt 0.5591 0.9787 0.0000
vt 0.5596 0.9786 0.0000
vt 0.5597 0.9786 0.0000
vt 0.5603 0.9784 0.0000
vt 0.5610 0.9784 0.0000
vt 0.5618 0.9783 0.0000
vt 0.5622 0.9784 0.0000
vt 0.5623 0.9784 0.0000
vt 0.5627 0.9784 0.0000
vt 0.5631 0.9784 0.0000
vt 0.5635 0.9785 0.0000
vt 0.5636 0.9785 0.0000
vt 0.5639 0.9786 0.0000
vt 0.5640 0.9786 0.0000
vt 0.5643 0.9788 0.0000
vt 0.5644 0.9788 0.0000
vt 0.5647 0.9789 0.0000
vt 0.5651 0.9791 0.0000
vt 0.5654 0.9793 0.0000
vt 0.5657 0.9795 0.0000
vt 0.5658 0.9795 0.0000
vt 0.5660 0.9797 0.0000
vt 0.5661 0.9797 0.0000
vt 0.5663 0.9800 0.0000
vt 0.5665 0.9802 0.0000
vt 0.5666 0.9802 0.0000
vt 0.5668 0.9805 0.0000
vt 0.5670 0.9808 0.0000
vt 0.5671 0.9812 0.0000
vt 0.5673 0.9815 0.0000
vt 0.5674 0.9818 0.0000
vt 0.5674 0.9822 0.0000
vt 0.5675 0.9826 0.0000
vt 0.5675 0.9830 0.0000
vt 0.5675 0.9929 0.0000
vt 0.5640 0.9929 0.0000
vt 0.5740 0.9871 0.0000
vt 0.5808 0.9871 0.0000
vt 0.5740 0.9905 0.0000
vt 0.5820 0.9905 0.0000
vt 0.5819 0.9905 0.0000
vt 0.5820 0.9929 0.0000
vt 0.5819 0.9929 0.0000
vt 0.5705 0.9929 0.0000
vt 0.5705 0.9785 0.0000
vt 0.5820 0.9785 0.0000
vt 0.5819 0.9785 0.0000
vt 0.5820 0.9809 0.0000
vt 0.5819 0.9809 0.0000
vt 0.5740 0.9809 0.0000
vt 0.5740 0.9848 0.0000
vt 0.5808 0.9848 0.0000
vt 0.5939 0.9830 0.0000
vt 0.5940 0.9833 0.0000
vt 0.5939 0.9833 0.0000
vt 0.5938 0.9830 0.0000
vt 0.5938 0.9826 0.0000
vt 0.5937 0.9826 0.0000
vt 0.5937 0.9823 0.0000
vt 0.5936 0.9823 0.0000
vt 0.5936 0.9821 0.0000
vt 0.5935 0.9821 0.0000
vt 0.5934 0.9818 0.0000
vt 0.5933 0.9818 0.0000
vt 0.5933 0.9816 0.0000
vt 0.5932 0.9816 0.0000
vt 0.5930 0.9814 0.0000
vt 0.5929 0.9814 0.0000
vt 0.5928 0.9812 0.0000
vt 0.5927 0.9812 0.0000
vt 0.5925 0.9811 0.0000
vt 0.5924 0.9811 0.0000
vt 0.5922 0.9810 0.0000
vt 0.5921 0.9810 0.0000
vt 0.5918 0.9809 0.0000
vt 0.5915 0.9808 0.0000
vt 0.5914 0.9808 0.0000
vt 0.5910 0.9808 0.0000
vt 0.5906 0.9808 0.0000
vt 0.5905 0.9808 0.0000
vt 0.5901 0.9808 0.0000
vt 0.5900 0.9808 0.0000
vt 0.5896 0.9809 0.0000
vt 0.5892 0.9810 0.0000
vt 0.5891 0.9810 0.0000
vt 0.5888 0.9811 0.0000
vt 0.5885 0.9813 0.0000
vt 0.5884 0.9813 0.0000
vt 0.5882 0.9816 0.0000
vt 0.5881 0.9816 0.0000
vt 0.5880 0.9818 0.0000
vt 0.5879 0.9818 0.0000
vt 0.5877 0.9822 0.0000
vt 0.5875 0.9826 0.0000
vt 0.5874 0.9830 0.0000
vt 0.5873 0.9830 0.0000
vt 0.5873 0.9835 0.0000
vt 0.5872 0.9835 0.0000
vt 0.5872 0.9840 0.0000
vt 0.5871 0.9840 0.0000
vt 0.5871 0.9846 0.0000
vt 0.5871 0.9852 0.0000
vt 0.5870 0.9852 0.0000
vt 0.5871 0.9863 0.0000
vt 0.5870 0.9863 0.0000
vt 0.5871 0.9869 0.0000
vt 0.5872 0.9875 0.0000
vt 0.5871 0.9875 0.0000
vt 0.5873 0.9880 0.0000
vt 0.5872 0.9880 0.0000
vt 0.5874 0.9885 0.0000
vt 0.5873 0.9885 0.0000
vt 0.5876 0.9889 0.0000
vt 0.5875 0.9889 0.0000
vt 0.5878 0.9893 0.0000
vt 0.5877 0.9893 0.0000
vt 0.5880 0.9896 0.0000
vt 0.5879 0.9896 0.0000
vt 0.5883 0.9899 0.0000
vt 0.5882 0.9899 0.0000
vt 0.5886 0.9901 0.0000
vt 0.5885 0.9901 0.0000
vt 0.5889 0.9903 0.0000
vt 0.5888 0.9903 0.0000
vt 0.5893 0.9905 0.0000
vt 0.5892 0.9905 0.0000
vt 0.5897 0.9906 0.0000
vt 0.5896 0.9906 0.0000
vt 0.5902 0.9906 0.0000
vt 0.5901 0.9906 0.0000
vt 0.5906 0.9907 0.0000
vt 0.5911 0.9907 0.0000
vt 0.5910 0.9907 0.0000
vt 0.5915 0.9906 0.0000
vt 0.5914 0.9906 0.0000
vt 0.5919 0.9905 0.0000
vt 0.5918 0.9905 0.0000
vt 0.5922 0.9905 0.0000
vt 0.5921 0.9905 0.0000
vt 0.5925 0.9903 0.0000
vt 0.5924 0.9903 0.0000
vt 0.5928 0.9902 0.0000
vt 0.5927 0.9902 0.0000
vt 0.5931 0.9900 0.0000
vt 0.5930 0.9900 0.0000
vt 0.5933 0.9898 0.0000
vt 0.5932 0.9898 0.0000
vt 0.5935 0.9896 0.0000
vt 0.5934 0.9896 0.0000
vt 0.5936 0.9894 0.0000
vt 0.5935 0.9894 0.0000
vt 0.5937 0.9891 0.0000
vt 0.5939 0.9888 0.0000
vt 0.5938 0.9888 0.0000
vt 0.5939 0.9884 0.0000
vt 0.5938 0.9884 0.0000
vt 0.5940 0.9880 0.0000
vt 0.5939 0.9880 0.0000
vt 0.5975 0.9880 0.0000
vt 0.5974 0.9880 0.0000
vt 0.5974 0.9887 0.0000
vt 0.5973 0.9887 0.0000
vt 0.5972 0.9893 0.0000
vt 0.5971 0.9893 0.0000
vt 0.5970 0.9899 0.0000
vt 0.5969 0.9899 0.0000
vt 0.5967 0.9904 0.0000
vt 0.5966 0.9904 0.0000
vt 0.5963 0.9909 0.0000
vt 0.5962 0.9909 0.0000
vt 0.5959 0.9914 0.0000
vt 0.5958 0.9914 0.0000
vt 0.5954 0.9918 0.0000
vt 0.5953 0.9918 0.0000
vt 0.5949 0.9921 0.0000
vt 0.5948 0.9921 0.0000
vt 0.5943 0.9924 0.0000
vt 0.5942 0.9924 0.0000
vt 0.5937 0.9927 0.0000
vt 0.5936 0.9927 0.0000
vt 0.5930 0.9928 0.0000
vt 0.5929 0.9928 0.0000
vt 0.5922 0.9930 0.0000
vt 0.5915 0.9931 0.0000
vt 0.5914 0.9931 0.0000
vt 0.5906 0.9931 0.0000
vt 0.5900 0.9931 0.0000
vt 0.5895 0.9930 0.0000
vt 0.5894 0.9930 0.0000
vt 0.5889 0.9929 0.0000
vt 0.5888 0.9929 0.0000
vt 0.5884 0.9928 0.0000
vt 0.5883 0.9928 0.0000
vt 0.5879 0.9927 0.0000
vt 0.5878 0.9927 0.0000
vt 0.5874 0.9925 0.0000
vt 0.5873 0.9925 0.0000
vt 0.5869 0.9922 0.0000
vt 0.5868 0.9922 0.0000
vt 0.5864 0.9920 0.0000
vt 0.5860 0.9917 0.0000
vt 0.5856 0.9914 0.0000
vt 0.5853 0.9910 0.0000
vt 0.5852 0.9910 0.0000
vt 0.5850 0.9907 0.0000
vt 0.5849 0.9907 0.0000
vt 0.5847 0.9903 0.0000
vt 0.5846 0.9903 0.0000
vt 0.5844 0.9898 0.0000
vt 0.5842 0.9894 0.0000
vt 0.5841 0.9894 0.0000
vt 0.5840 0.9889 0.0000
vt 0.5839 0.9889 0.0000
vt 0.5838 0.9884 0.0000
vt 0.5837 0.9879 0.0000
vt 0.5836 0.9879 0.0000
vt 0.5836 0.9873 0.0000
vt 0.5836 0.9868 0.0000
vt 0.5835 0.9868 0.0000
vt 0.5835 0.9862 0.0000
vt 0.5835 0.9853 0.0000
vt 0.5836 0.9844 0.0000
vt 0.5835 0.9844 0.0000
vt 0.5837 0.9836 0.0000
vt 0.5836 0.9836 0.0000
vt 0.5839 0.9828 0.0000
vt 0.5838 0.9828 0.0000
vt 0.5842 0.9820 0.0000
vt 0.5841 0.9820 0.0000
vt 0.5845 0.9814 0.0000
vt 0.5844 0.9814 0.0000
vt 0.5849 0.9808 0.0000
vt 0.5854 0.9802 0.0000
vt 0.5860 0.9797 0.0000
vt 0.5859 0.9797 0.0000
vt 0.5866 0.9793 0.0000
vt 0.5873 0.9790 0.0000
vt 0.5872 0.9790 0.0000
vt 0.5880 0.9787 0.0000
vt 0.5888 0.9785 0.0000
vt 0.5897 0.9784 0.0000
vt 0.5896 0.9784 0.0000
vt 0.5906 0.9783 0.0000
vt 0.5905 0.9783 0.0000
vt 0.5914 0.9784 0.0000
vt 0.5913 0.9784 0.0000
vt 0.5922 0.9785 0.0000
vt 0.5921 0.9785 0.0000
vt 0.5930 0.9786 0.0000
vt 0.5929 0.9786 0.0000
vt 0.5937 0.9788 0.0000
vt 0.5936 0.9788 0.0000
vt 0.5943 0.9790 0.0000
vt 0.5942 0.9790 0.0000
vt 0.5949 0.9793 0.0000
vt 0.5948 0.9793 0.0000
vt 0.5954 0.9797 0.0000
vt 0.5953 0.9797 0.0000
vt 0.5959 0.9801 0.0000
vt 0.5958 0.9801 0.0000
vt 0.5964 0.9805 0.0000
vt 0.5962 0.9805 0.0000
vt 0.5967 0.9810 0.0000
vt 0.5966 0.9810 0.0000
vt 0.5970 0.9815 0.0000
vt 0.5969 0.9815 0.0000
vt 0.5972 0.9821 0.0000
vt 0.5971 0.9821 0.0000
vt 0.5974 0.9827 0.0000
vt 0.5973 0.9827 0.0000
vt 0.5975 0.9833 0.0000
vt 0.5974 0.9833 0.0000
vt 0.5987 0.9929 0.0000
vt 0.6126 0.9929 0.0000
vt 0.6124 0.9929 0.0000
vt 0.5986 0.9929 0.0000
vt 0.5987 0.9905 0.0000
vt 0.5986 0.9905 0.0000
vt 0.6039 0.9905 0.0000
vt 0.6038 0.9905 0.0000
vt 0.6039 0.9785 0.0000
vt 0.6038 0.9785 0.0000
vt 0.6074 0.9785 0.0000
vt 0.6073 0.9785 0.0000
vt 0.6074 0.9905 0.0000
vt 0.6073 0.9905 0.0000
vt 0.6126 0.9905 0.0000
vt 0.6124 0.9905 0.0000
vt 0.6285 0.9866 0.0000
vt 0.6286 0.9860 0.0000
vt 0.6283 0.9860 0.0000
vt 0.6283 0.9866 0.0000
vt 0.6285 0.9872 0.0000
vt 0.6283 0.9872 0.0000
vt 0.6284 0.9877 0.0000
vt 0.6282 0.9877 0.0000
vt 0.6283 0.9883 0.0000
vt 0.6280 0.9883 0.0000
vt 0.6281 0.9888 0.0000
vt 0.6279 0.9888 0.0000
vt 0.6279 0.9893 0.0000
vt 0.6277 0.9893 0.0000
vt 0.6277 0.9898 0.0000
vt 0.6274 0.9898 0.0000
vt 0.6274 0.9902 0.0000
vt 0.6272 0.9902 0.0000
vt 0.6271 0.9906 0.0000
vt 0.6269 0.9906 0.0000
vt 0.6268 0.9910 0.0000
vt 0.6265 0.9910 0.0000
vt 0.6264 0.9914 0.0000
vt 0.6262 0.9914 0.0000
vt 0.6260 0.9917 0.0000
vt 0.6258 0.9917 0.0000
vt 0.6256 0.9920 0.0000
vt 0.6253 0.9920 0.0000
vt 0.6251 0.9922 0.0000
vt 0.6249 0.9922 0.0000
vt 0.6246 0.9925 0.0000
vt 0.6244 0.9925 0.0000
vt 0.6241 0.9926 0.0000
vt 0.6239 0.9926 0.0000
vt 0.6236 0.9928 0.0000
vt 0.6234 0.9928 0.0000
vt 0.6231 0.9929 0.0000
vt 0.6229 0.9929 0.0000
vt 0.6225 0.9930 0.0000
vt 0.6223 0.9930 0.0000
vt 0.6219 0.9931 0.0000
vt 0.6217 0.9931 0.0000
vt 0.6213 0.9931 0.0000
vt 0.6211 0.9931 0.0000
vt 0.6207 0.9931 0.0000
vt 0.6205 0.9931 0.0000
vt 0.6202 0.9930 0.0000
vt 0.6200 0.9930 0.0000
vt 0.6196 0.9929 0.0000
vt 0.6194 0.9929 0.0000
vt 0.6191 0.9928 0.0000
vt 0.6189 0.9928 0.0000
vt 0.6185 0.9926 0.0000
vt 0.6183 0.9926 0.0000
vt 0.6180 0.9925 0.0000
vt 0.6178 0.9925 0.0000
vt 0.6176 0.9922 0.0000
vt 0.6174 0.9922 0.0000
vt 0.6171 0.9920 0.0000
vt 0.6169 0.9920 0.0000
vt 0.6167 0.9917 0.0000
vt 0.6165 0.9917 0.0000
vt 0.6163 0.9914 0.0000
vt 0.6161 0.9914 0.0000
vt 0.6159 0.9910 0.0000
vt 0.6157 0.9910 0.0000
vt 0.6156 0.9906 0.0000
vt 0.6154 0.9906 0.0000
vt 0.6153 0.9902 0.0000
vt 0.6151 0.9902 0.0000
vt 0.6150 0.9898 0.0000
vt 0.6148 0.9898 0.0000
vt 0.6148 0.9893 0.0000
vt 0.6146 0.9893 0.0000
vt 0.6146 0.9888 0.0000
vt 0.6144 0.9888 0.0000
vt 0.6144 0.9883 0.0000
vt 0.6142 0.9883 0.0000
vt 0.6143 0.9877 0.0000
vt 0.6141 0.9877 0.0000
vt 0.6142 0.9872 0.0000
vt 0.6140 0.9872 0.0000
vt 0.6141 0.9866 0.0000
vt 0.6139 0.9866 0.0000
vt 0.6141 0.9860 0.0000
vt 0.6139 0.9860 0.0000
vt 0.6141 0.9853 0.0000
vt 0.6139 0.9853 0.0000
vt 0.6141 0.9847 0.0000
vt 0.6139 0.9847 0.0000
vt 0.6142 0.9842 0.0000
vt 0.6140 0.9842 0.0000
vt 0.6143 0.9836 0.0000
vt 0.6141 0.9836 0.0000
vt 0.6144 0.9831 0.0000
vt 0.6142 0.9831 0.0000
vt 0.6146 0.9826 0.0000
vt 0.6144 0.9826 0.0000
vt 0.6148 0.9821 0.0000
vt 0.6146 0.9821 0.0000
vt 0.6150 0.9817 0.0000
vt 0.6148 0.9817 0.0000
vt 0.6153 0.9812 0.0000
vt 0.6151 0.9812 0.0000
vt 0.6156 0.9808 0.0000
vt 0.6154 0.9808 0.0000
vt 0.6159 0.9804 0.0000
vt 0.6158 0.9804 0.0000
vt 0.6163 0.9801 0.0000
vt 0.6161 0.9801 0.0000
vt 0.6167 0.9798 0.0000
vt 0.6165 0.9798 0.0000
vt 0.6171 0.9795 0.0000
vt 0.6169 0.9795 0.0000
vt 0.6176 0.9792 0.0000
vt 0.6174 0.9792 0.0000
vt 0.6181 0.9790 0.0000
vt 0.6179 0.9790 0.0000
vt 0.6186 0.9788 0.0000
vt 0.6184 0.9788 0.0000
vt 0.6191 0.9786 0.0000
vt 0.6189 0.9786 0.0000
vt 0.6196 0.9785 0.0000
vt 0.6194 0.9785 0.0000
vt 0.6202 0.9784 0.0000
vt 0.6200 0.9784 0.0000
vt 0.6208 0.9784 0.0000
vt 0.6206 0.9784 0.0000
vt 0.6214 0.9783 0.0000
vt 0.6212 0.9783 0.0000
vt 0.6220 0.9784 0.0000
vt 0.6217 0.9784 0.0000
vt 0.6225 0.9784 0.0000
vt 0.6223 0.9784 0.0000
vt 0.6231 0.9785 0.0000
vt 0.6229 0.9785 0.0000
vt 0.6236 0.9786 0.0000
vt 0.6234 0.9786 0.0000
vt 0.6242 0.9788 0.0000
vt 0.6239 0.9788 0.0000
vt 0.6247 0.9790 0.0000
vt 0.6244 0.9790 0.0000
vt 0.6251 0.9792 0.0000
vt 0.6249 0.9792 0.0000
vt 0.6256 0.9795 0.0000
vt 0.6254 0.9795 0.0000
vt 0.6260 0.9798 0.0000
vt 0.6258 0.9798 0.0000
vt 0.6264 0.9801 0.0000
vt 0.6262 0.9801 0.0000
vt 0.6268 0.9804 0.0000
vt 0.6265 0.9804 0.0000
vt 0.6271 0.9808 0.0000
vt 0.6269 0.9808 0.0000
vt 0.6274 0.9812 0.0000
vt 0.6272 0.9812 0.0000
vt 0.6277 0.9817 0.0000
vt 0.6274 0.9817 0.0000
vt 0.6279 0.9821 0.0000
vt 0.6277 0.9821 0.0000
vt 0.6281 0.9826 0.0000
vt 0.6279 0.9826 0.0000
vt 0.6283 0.9831 0.0000
vt 0.6280 0.9831 0.0000
vt 0.6284 0.9837 0.0000
vt 0.6282 0.9837 0.0000
vt 0.6285 0.9842 0.0000
vt 0.6283 0.9842 0.0000
vt 0.6285 0.9848 0.0000
vt 0.6283 0.9848 0.0000
vt 0.6286 0.9854 0.0000
vt 0.6283 0.9854 0.0000
vt 0.6250 0.9847 0.0000
vt 0.6250 0.9853 0.0000
vt 0.6248 0.9853 0.0000
vt 0.6248 0.9847 0.0000
vt 0.6249 0.9841 0.0000
vt 0.6247 0.9841 0.0000
vt 0.6248 0.9836 0.0000
vt 0.6246 0.9836 0.0000
vt 0.6247 0.9831 0.0000
vt 0.6245 0.9831 0.0000
vt 0.6245 0.9827 0.0000
vt 0.6243 0.9827 0.0000
vt 0.6243 0.9823 0.0000
vt 0.6241 0.9823 0.0000
vt 0.6241 0.9819 0.0000
vt 0.6238 0.9819 0.0000
vt 0.6238 0.9816 0.0000
vt 0.6236 0.9816 0.0000
vt 0.6235 0.9814 0.0000
vt 0.6232 0.9814 0.0000
vt 0.6231 0.9812 0.0000
vt 0.6229 0.9812 0.0000
vt 0.6227 0.9810 0.0000
vt 0.6225 0.9810 0.0000
vt 0.6223 0.9809 0.0000
vt 0.6221 0.9809 0.0000
vt 0.6218 0.9808 0.0000
vt 0.6216 0.9808 0.0000
vt 0.6214 0.9808 0.0000
vt 0.6212 0.9808 0.0000
vt 0.6209 0.9808 0.0000
vt 0.6207 0.9808 0.0000
vt 0.6204 0.9809 0.0000
vt 0.6202 0.9809 0.0000
vt 0.6200 0.9810 0.0000
vt 0.6198 0.9810 0.0000
vt 0.6196 0.9812 0.0000
vt 0.6194 0.9812 0.0000
vt 0.6192 0.9814 0.0000
vt 0.6190 0.9814 0.0000
vt 0.6189 0.9817 0.0000
vt 0.6187 0.9817 0.0000
vt 0.6186 0.9820 0.0000
vt 0.6184 0.9820 0.0000
vt 0.6184 0.9823 0.0000
vt 0.6182 0.9823 0.0000
vt 0.6181 0.9828 0.0000
vt 0.6179 0.9828 0.0000
vt 0.6180 0.9832 0.0000
vt 0.6178 0.9832 0.0000
vt 0.6178 0.9837 0.0000
vt 0.6176 0.9837 0.0000
vt 0.6177 0.9842 0.0000
vt 0.6175 0.9842 0.0000
vt 0.6177 0.9848 0.0000
vt 0.6175 0.9848 0.0000
vt 0.6176 0.9854 0.0000
vt 0.6175 0.9854 0.0000
vt 0.6176 0.9861 0.0000
vt 0.6175 0.9861 0.0000
vt 0.6177 0.9867 0.0000
vt 0.6175 0.9867 0.0000
vt 0.6177 0.9873 0.0000
vt 0.6175 0.9873 0.0000
vt 0.6178 0.9878 0.0000
vt 0.6176 0.9878 0.0000
vt 0.6180 0.9883 0.0000
vt 0.6178 0.9883 0.0000
vt 0.6181 0.9887 0.0000
vt 0.6180 0.9887 0.0000
vt 0.6184 0.9891 0.0000
vt 0.6182 0.9891 0.0000
vt 0.6186 0.9895 0.0000
vt 0.6184 0.9895 0.0000
vt 0.6189 0.9898 0.0000
vt 0.6187 0.9898 0.0000
vt 0.6192 0.9900 0.0000
vt 0.6190 0.9900 0.0000
vt 0.6196 0.9903 0.0000
vt 0.6194 0.9903 0.0000
vt 0.6200 0.9904 0.0000
vt 0.6198 0.9904 0.0000
vt 0.6204 0.9905 0.0000
vt 0.6202 0.9905 0.0000
vt 0.6209 0.9906 0.0000
vt 0.6206 0.9906 0.0000
vt 0.6213 0.9906 0.0000
vt 0.6211 0.9906 0.0000
vt 0.6218 0.9906 0.0000
vt 0.6216 0.9906 0.0000
vt 0.6223 0.9905 0.0000
vt 0.6221 0.9905 0.0000
vt 0.6227 0.9904 0.0000
vt 0.6225 0.9904 0.0000
vt 0.6231 0.9903 0.0000
vt 0.6229 0.9903 0.0000
vt 0.6235 0.9900 0.0000
vt 0.6232 0.9900 0.0000
vt 0.6238 0.9898 0.0000
vt 0.6236 0.9898 0.0000
vt 0.6241 0.9895 0.0000
vt 0.6238 0.9895 0.0000
vt 0.6243 0.9891 0.0000
vt 0.6241 0.9891 0.0000
vt 0.6245 0.9887 0.0000
vt 0.6243 0.9887 0.0000
vt 0.6247 0.9883 0.0000
vt 0.6245 0.9883 0.0000
vt 0.6248 0.9878 0.0000
vt 0.6246 0.9878 0.0000
vt 0.6249 0.9872 0.0000
vt 0.6247 0.9872 0.0000
vt 0.6250 0.9867 0.0000
vt 0.6248 0.9867 0.0000
vt 0.6250 0.9860 0.0000
vt 0.6248 0.9860 0.0000
vt 0.6443 0.9785 0.0000
vt 0.6405 0.9785 0.0000
vt 0.6402 0.9785 0.0000
vt 0.6440 0.9785 0.0000
vt 0.6443 0.9787 0.0000
vt 0.6440 0.9787 0.0000
vt 0.6406 0.9845 0.0000
vt 0.6403 0.9845 0.0000
vt 0.6410 0.9847 0.0000
vt 0.6407 0.9847 0.0000
vt 0.6414 0.9849 0.0000
vt 0.6411 0.9849 0.0000
vt 0.6418 0.9851 0.0000
vt 0.6415 0.9851 0.0000
vt 0.6421 0.9853 0.0000
vt 0.6418 0.9853 0.0000
vt 0.6424 0.9856 0.0000
vt 0.6421 0.9856 0.0000
vt 0.6427 0.9858 0.0000
vt 0.6424 0.9858 0.0000
vt 0.6429 0.9861 0.0000
vt 0.6426 0.9861 0.0000
vt 0.6431 0.9864 0.0000
vt 0.6428 0.9864 0.0000
vt 0.6432 0.9867 0.0000
vt 0.6429 0.9867 0.0000
vt 0.6434 0.9870 0.0000
vt 0.6431 0.9870 0.0000
vt 0.6435 0.9874 0.0000
vt 0.6432 0.9874 0.0000
vt 0.6436 0.9878 0.0000
vt 0.6433 0.9878 0.0000
vt 0.6436 0.9882 0.0000
vt 0.6433 0.9882 0.0000
vt 0.6436 0.9886 0.0000
vt 0.6433 0.9886 0.0000
vt 0.6436 0.9891 0.0000
vt 0.6433 0.9891 0.0000
vt 0.6435 0.9897 0.0000
vt 0.6432 0.9897 0.0000
vt 0.6433 0.9902 0.0000
vt 0.6430 0.9902 0.0000
vt 0.6431 0.9906 0.0000
vt 0.6428 0.9906 0.0000
vt 0.6428 0.9910 0.0000
vt 0.6425 0.9910 0.0000
vt 0.6424 0.9914 0.0000
vt 0.6421 0.9914 0.0000
vt 0.6420 0.9918 0.0000
vt 0.6417 0.9918 0.0000
vt 0.6415 0.9921 0.0000
vt 0.6412 0.9921 0.0000
vt 0.6410 0.9923 0.0000
vt 0.6407 0.9923 0.0000
vt 0.6404 0.9925 0.0000
vt 0.6401 0.9925 0.0000
vt 0.6397 0.9927 0.0000
vt 0.6394 0.9927 0.0000
vt 0.6390 0.9928 0.0000
vt 0.6387 0.9928 0.0000
vt 0.6382 0.9929 0.0000
vt 0.6379 0.9929 0.0000
vt 0.6374 0.9929 0.0000
vt 0.6371 0.9929 0.0000
vt 0.6311 0.9929 0.0000
vt 0.6309 0.9929 0.0000
vt 0.6311 0.9785 0.0000
vt 0.6309 0.9785 0.0000
vt 0.6346 0.9785 0.0000
vt 0.6343 0.9785 0.0000
vt 0.6346 0.9838 0.0000
vt 0.6343 0.9838 0.0000
vt 0.6374 0.9838 0.0000
vt 0.6371 0.9838 0.0000
vt 0.6374 0.9905 0.0000
vt 0.6346 0.9905 0.0000
vt 0.6343 0.9905 0.0000
vt 0.6371 0.9905 0.0000
vt 0.6378 0.9905 0.0000
vt 0.6375 0.9905 0.0000
vt 0.6381 0.9904 0.0000
vt 0.6379 0.9904 0.0000
vt 0.6385 0.9904 0.0000
vt 0.6382 0.9904 0.0000
vt 0.6388 0.9903 0.0000
vt 0.6385 0.9903 0.0000
vt 0.6390 0.9902 0.0000
vt 0.6387 0.9902 0.0000
vt 0.6393 0.9901 0.0000
vt 0.6390 0.9901 0.0000
vt 0.6395 0.9899 0.0000
vt 0.6392 0.9899 0.0000
vt 0.6397 0.9897 0.0000
vt 0.6394 0.9897 0.0000
vt 0.6398 0.9895 0.0000
vt 0.6395 0.9895 0.0000
vt 0.6399 0.9893 0.0000
vt 0.6396 0.9893 0.0000
vt 0.6400 0.9891 0.0000
vt 0.6397 0.9891 0.0000
vt 0.6401 0.9889 0.0000
vt 0.6398 0.9889 0.0000
vt 0.6401 0.9886 0.0000
vt 0.6399 0.9886 0.0000
vt 0.6402 0.9883 0.0000
vt 0.6399 0.9883 0.0000
vt 0.6401 0.9880 0.0000
vt 0.6399 0.9880 0.0000
vt 0.6401 0.9878 0.0000
vt 0.6398 0.9878 0.0000
vt 0.6400 0.9876 0.0000
vt 0.6397 0.9876 0.0000
vt 0.6399 0.9873 0.0000
vt 0.6396 0.9873 0.0000
vt 0.6398 0.9871 0.0000
vt 0.6395 0.9871 0.0000
vt 0.6396 0.9869 0.0000
vt 0.6393 0.9869 0.0000
vt 0.6394 0.9868 0.0000
vt 0.6392 0.9868 0.0000
vt 0.6392 0.9866 0.0000
vt 0.6389 0.9866 0.0000
vt 0.6390 0.9865 0.0000
vt 0.6387 0.9865 0.0000
vt 0.6387 0.9864 0.0000
vt 0.6384 0.9864 0.0000
vt 0.6384 0.9863 0.0000
vt 0.6381 0.9863 0.0000
vt 0.6381 0.9862 0.0000
vt 0.6378 0.9862 0.0000
vt 0.6375 0.9862 0.0000
vt 0.6374 0.9862 0.0000
vt 0.6371 0.9862 0.0000
vt 0.6346 0.9862 0.0000
vt 0.6343 0.9862 0.0000
vt 0.6582 0.9929 0.0000
vt 0.6582 0.9912 0.0000
vt 0.6579 0.9912 0.0000
vt 0.6579 0.9929 0.0000
vt 0.6456 0.9929 0.0000
vt 0.6453 0.9929 0.0000
vt 0.6456 0.9905 0.0000
vt 0.6453 0.9905 0.0000
vt 0.6539 0.9905 0.0000
vt 0.6536 0.9905 0.0000
vt 0.6456 0.9803 0.0000
vt 0.6453 0.9803 0.0000
vt 0.6456 0.9785 0.0000
vt 0.6453 0.9785 0.0000
vt 0.6584 0.9785 0.0000
vt 0.6580 0.9785 0.0000
vt 0.6584 0.9809 0.0000
vt 0.6580 0.9809 0.0000
vt 0.6499 0.9809 0.0000
vt 0.6496 0.9809 0.0000
vt 0.4244 0.9566 0.0000
vt 0.4243 0.9568 0.0000
vt 0.4240 0.9568 0.0000
vt 0.4240 0.9566 0.0000
vt 0.4244 0.9564 0.0000
vt 0.4240 0.9564 0.0000
vt 0.4245 0.9563 0.0000
vt 0.4241 0.9563 0.0000
vt 0.4246 0.9561 0.0000
vt 0.4242 0.9561 0.0000
vt 0.4247 0.9560 0.0000
vt 0.4243 0.9560 0.0000
vt 0.4248 0.9559 0.0000
vt 0.4245 0.9559 0.0000
vt 0.4250 0.9557 0.0000
vt 0.4246 0.9557 0.0000
vt 0.4252 0.9556 0.0000
vt 0.4248 0.9556 0.0000
vt 0.4253 0.9556 0.0000
vt 0.4250 0.9556 0.0000
vt 0.4255 0.9555 0.0000
vt 0.4252 0.9555 0.0000
vt 0.4257 0.9555 0.0000
vt 0.4254 0.9555 0.0000
vt 0.4260 0.9554 0.0000
vt 0.4256 0.9554 0.0000
vt 0.4262 0.9554 0.0000
vt 0.4258 0.9554 0.0000
vt 0.4264 0.9554 0.0000
vt 0.4266 0.9555 0.0000
vt 0.4263 0.9555 0.0000
vt 0.4268 0.9555 0.0000
vt 0.4265 0.9555 0.0000
vt 0.4270 0.9556 0.0000
vt 0.4267 0.9556 0.0000
vt 0.4272 0.9556 0.0000
vt 0.4268 0.9556 0.0000
vt 0.4274 0.9557 0.0000
vt 0.4270 0.9557 0.0000
vt 0.4275 0.9559 0.0000
vt 0.4272 0.9559 0.0000
vt 0.4277 0.9560 0.0000
vt 0.4273 0.9560 0.0000
vt 0.4278 0.9561 0.0000
vt 0.4274 0.9561 0.0000
vt 0.4279 0.9563 0.0000
vt 0.4275 0.9563 0.0000
vt 0.4280 0.9564 0.0000
vt 0.4276 0.9564 0.0000
vt 0.4280 0.9566 0.0000
vt 0.4276 0.9566 0.0000
vt 0.4281 0.9568 0.0000
vt 0.4277 0.9568 0.0000
vt 0.4281 0.9569 0.0000
vt 0.4277 0.9569 0.0000
vt 0.4281 0.9571 0.0000
vt 0.4277 0.9571 0.0000
vt 0.4280 0.9573 0.0000
vt 0.4276 0.9573 0.0000
vt 0.4280 0.9575 0.0000
vt 0.4276 0.9575 0.0000
vt 0.4279 0.9576 0.0000
vt 0.4275 0.9576 0.0000
vt 0.4278 0.9578 0.0000
vt 0.4274 0.9578 0.0000
vt 0.4277 0.9579 0.0000
vt 0.4273 0.9579 0.0000
vt 0.4275 0.9580 0.0000
vt 0.4272 0.9580 0.0000
vt 0.4274 0.9582 0.0000
vt 0.4270 0.9582 0.0000
vt 0.4272 0.9583 0.0000
vt 0.4268 0.9583 0.0000
vt 0.4270 0.9583 0.0000
vt 0.4266 0.9583 0.0000
vt 0.4268 0.9584 0.0000
vt 0.4265 0.9584 0.0000
vt 0.4266 0.9584 0.0000
vt 0.4262 0.9584 0.0000
vt 0.4264 0.9585 0.0000
vt 0.4260 0.9585 0.0000
vt 0.4262 0.9585 0.0000
vt 0.4258 0.9585 0.0000
vt 0.4256 0.9585 0.0000
vt 0.4257 0.9584 0.0000
vt 0.4254 0.9584 0.0000
vt 0.4255 0.9584 0.0000
vt 0.4252 0.9584 0.0000
vt 0.4254 0.9583 0.0000
vt 0.4250 0.9583 0.0000
vt 0.4252 0.9583 0.0000
vt 0.4248 0.9583 0.0000
vt 0.4250 0.9582 0.0000
vt 0.4246 0.9582 0.0000
vt 0.4248 0.9580 0.0000
vt 0.4245 0.9580 0.0000
vt 0.4247 0.9579 0.0000
vt 0.4243 0.9579 0.0000
vt 0.4246 0.9578 0.0000
vt 0.4242 0.9578 0.0000
vt 0.4245 0.9576 0.0000
vt 0.4241 0.9576 0.0000
vt 0.4244 0.9575 0.0000
vt 0.4240 0.9575 0.0000
vt 0.4244 0.9573 0.0000
vt 0.4240 0.9573 0.0000
vt 0.4243 0.9571 0.0000
vt 0.4240 0.9571 0.0000
vt 0.4243 0.9569 0.0000
vt 0.4239 0.9569 0.0000
vt 0.4408 0.9600 0.0000
vt 0.4408 0.9603 0.0000
vt 0.4404 0.9603 0.0000
vt 0.4403 0.9600 0.0000
vt 0.4407 0.9596 0.0000
vt 0.4402 0.9596 0.0000
vt 0.4406 0.9593 0.0000
vt 0.4401 0.9593 0.0000
vt 0.4405 0.9590 0.0000
vt 0.4400 0.9590 0.0000
vt 0.4403 0.9588 0.0000
vt 0.4399 0.9588 0.0000
vt 0.4401 0.9586 0.0000
vt 0.4397 0.9586 0.0000
vt 0.4399 0.9584 0.0000
vt 0.4395 0.9584 0.0000
vt 0.4397 0.9582 0.0000
vt 0.4392 0.9582 0.0000
vt 0.4394 0.9581 0.0000
vt 0.4390 0.9581 0.0000
vt 0.4391 0.9580 0.0000
vt 0.4387 0.9580 0.0000
vt 0.4388 0.9579 0.0000
vt 0.4383 0.9579 0.0000
vt 0.4384 0.9578 0.0000
vt 0.4380 0.9578 0.0000
vt 0.4376 0.9578 0.0000
vt 0.4375 0.9578 0.0000
vt 0.4371 0.9578 0.0000
vt 0.4366 0.9578 0.0000
vt 0.4366 0.9579 0.0000
vt 0.4362 0.9579 0.0000
vt 0.4362 0.9580 0.0000
vt 0.4358 0.9580 0.0000
vt 0.4358 0.9581 0.0000
vt 0.4354 0.9581 0.0000
vt 0.4355 0.9583 0.0000
vt 0.4351 0.9583 0.0000
vt 0.4352 0.9586 0.0000
vt 0.4348 0.9586 0.0000
vt 0.4350 0.9588 0.0000
vt 0.4346 0.9588 0.0000
vt 0.4348 0.9592 0.0000
vt 0.4343 0.9592 0.0000
vt 0.4346 0.9596 0.0000
vt 0.4342 0.9596 0.0000
vt 0.4344 0.9600 0.0000
vt 0.4340 0.9600 0.0000
vt 0.4343 0.9605 0.0000
vt 0.4339 0.9605 0.0000
vt 0.4342 0.9610 0.0000
vt 0.4338 0.9610 0.0000
vt 0.4342 0.9616 0.0000
vt 0.4338 0.9616 0.0000
vt 0.4342 0.9622 0.0000
vt 0.4337 0.9622 0.0000
vt 0.4342 0.9633 0.0000
vt 0.4337 0.9633 0.0000
vt 0.4342 0.9639 0.0000
vt 0.4338 0.9639 0.0000
vt 0.4342 0.9645 0.0000
vt 0.4338 0.9645 0.0000
vt 0.4343 0.9650 0.0000
vt 0.4339 0.9650 0.0000
vt 0.4344 0.9655 0.0000
vt 0.4340 0.9655 0.0000
vt 0.4346 0.9659 0.0000
vt 0.4342 0.9659 0.0000
vt 0.4348 0.9663 0.0000
vt 0.4344 0.9663 0.0000
vt 0.4350 0.9666 0.0000
vt 0.4346 0.9666 0.0000
vt 0.4353 0.9669 0.0000
vt 0.4349 0.9669 0.0000
vt 0.4356 0.9671 0.0000
vt 0.4352 0.9671 0.0000
vt 0.4359 0.9673 0.0000
vt 0.4355 0.9673 0.0000
vt 0.4363 0.9675 0.0000
vt 0.4359 0.9675 0.0000
vt 0.4367 0.9676 0.0000
vt 0.4363 0.9676 0.0000
vt 0.4371 0.9676 0.0000
vt 0.4376 0.9677 0.0000
vt 0.4372 0.9677 0.0000
vt 0.4380 0.9676 0.0000
vt 0.4376 0.9676 0.0000
vt 0.4384 0.9676 0.0000
vt 0.4388 0.9675 0.0000
vt 0.4384 0.9675 0.0000
vt 0.4391 0.9675 0.0000
vt 0.4387 0.9675 0.0000
vt 0.4394 0.9673 0.0000
vt 0.4390 0.9673 0.0000
vt 0.4397 0.9672 0.0000
vt 0.4393 0.9672 0.0000
vt 0.4399 0.9670 0.0000
vt 0.4395 0.9670 0.0000
vt 0.4401 0.9668 0.0000
vt 0.4397 0.9668 0.0000
vt 0.4403 0.9666 0.0000
vt 0.4399 0.9666 0.0000
vt 0.4405 0.9664 0.0000
vt 0.4400 0.9664 0.0000
vt 0.4406 0.9661 0.0000
vt 0.4402 0.9661 0.0000
vt 0.4407 0.9657 0.0000
vt 0.4403 0.9657 0.0000
vt 0.4408 0.9654 0.0000
vt 0.4403 0.9654 0.0000
vt 0.4408 0.9650 0.0000
vt 0.4404 0.9650 0.0000
vt 0.4442 0.9650 0.0000
vt 0.4438 0.9650 0.0000
vt 0.4441 0.9657 0.0000
vt 0.4437 0.9657 0.0000
vt 0.4440 0.9663 0.0000
vt 0.4435 0.9663 0.0000
vt 0.4437 0.9669 0.0000
vt 0.4433 0.9669 0.0000
vt 0.4434 0.9674 0.0000
vt 0.4430 0.9674 0.0000
vt 0.4431 0.9679 0.0000
vt 0.4426 0.9679 0.0000
vt 0.4427 0.9684 0.0000
vt 0.4422 0.9684 0.0000
vt 0.4422 0.9688 0.0000
vt 0.4418 0.9688 0.0000
vt 0.4417 0.9691 0.0000
vt 0.4412 0.9691 0.0000
vt 0.4411 0.9694 0.0000
vt 0.4407 0.9694 0.0000
vt 0.4405 0.9696 0.0000
vt 0.4401 0.9696 0.0000
vt 0.4398 0.9698 0.0000
vt 0.4394 0.9698 0.0000
vt 0.4391 0.9700 0.0000
vt 0.4387 0.9700 0.0000
vt 0.4384 0.9701 0.0000
vt 0.4380 0.9701 0.0000
vt 0.4376 0.9701 0.0000
vt 0.4372 0.9701 0.0000
vt 0.4370 0.9701 0.0000
vt 0.4366 0.9701 0.0000
vt 0.4364 0.9700 0.0000
vt 0.4360 0.9700 0.0000
vt 0.4359 0.9699 0.0000
vt 0.4355 0.9699 0.0000
vt 0.4354 0.9698 0.0000
vt 0.4350 0.9698 0.0000
vt 0.4349 0.9697 0.0000
vt 0.4345 0.9697 0.0000
vt 0.4344 0.9695 0.0000
vt 0.4340 0.9695 0.0000
vt 0.4339 0.9692 0.0000
vt 0.4335 0.9692 0.0000
vt 0.4335 0.9690 0.0000
vt 0.4331 0.9690 0.0000
vt 0.4331 0.9687 0.0000
vt 0.4327 0.9687 0.0000
vt 0.4327 0.9684 0.0000
vt 0.4323 0.9684 0.0000
vt 0.4324 0.9680 0.0000
vt 0.4320 0.9680 0.0000
vt 0.4321 0.9677 0.0000
vt 0.4317 0.9677 0.0000
vt 0.4318 0.9673 0.0000
vt 0.4314 0.9673 0.0000
vt 0.4315 0.9668 0.0000
vt 0.4311 0.9668 0.0000
vt 0.4313 0.9664 0.0000
vt 0.4309 0.9664 0.0000
vt 0.4311 0.9659 0.0000
vt 0.4307 0.9659 0.0000
vt 0.4310 0.9654 0.0000
vt 0.4306 0.9654 0.0000
vt 0.4308 0.9649 0.0000
vt 0.4304 0.9649 0.0000
vt 0.4307 0.9643 0.0000
vt 0.4304 0.9643 0.0000
vt 0.4307 0.9638 0.0000
vt 0.4303 0.9638 0.0000
vt 0.4307 0.9632 0.0000
vt 0.4303 0.9632 0.0000
vt 0.4307 0.9623 0.0000
vt 0.4303 0.9623 0.0000
vt 0.4307 0.9614 0.0000
vt 0.4303 0.9614 0.0000
vt 0.4308 0.9606 0.0000
vt 0.4304 0.9606 0.0000
vt 0.4310 0.9598 0.0000
vt 0.4306 0.9598 0.0000
vt 0.4313 0.9590 0.0000
vt 0.4309 0.9590 0.0000
vt 0.4316 0.9584 0.0000
vt 0.4312 0.9584 0.0000
vt 0.4320 0.9578 0.0000
vt 0.4316 0.9578 0.0000
vt 0.4325 0.9572 0.0000
vt 0.4321 0.9572 0.0000
vt 0.4331 0.9567 0.0000
vt 0.4327 0.9567 0.0000
vt 0.4337 0.9563 0.0000
vt 0.4333 0.9563 0.0000
vt 0.4343 0.9559 0.0000
vt 0.4339 0.9559 0.0000
vt 0.4351 0.9557 0.0000
vt 0.4346 0.9557 0.0000
vt 0.4358 0.9555 0.0000
vt 0.4354 0.9555 0.0000
vt 0.4367 0.9554 0.0000
vt 0.4362 0.9554 0.0000
vt 0.4375 0.9553 0.0000
vt 0.4371 0.9553 0.0000
vt 0.4384 0.9554 0.0000
vt 0.4379 0.9554 0.0000
vt 0.4391 0.9554 0.0000
vt 0.4387 0.9554 0.0000
vt 0.4398 0.9556 0.0000
vt 0.4394 0.9556 0.0000
vt 0.4405 0.9558 0.0000
vt 0.4401 0.9558 0.0000
vt 0.4411 0.9560 0.0000
vt 0.4407 0.9560 0.0000
vt 0.4417 0.9563 0.0000
vt 0.4413 0.9563 0.0000
vt 0.4422 0.9567 0.0000
vt 0.4418 0.9567 0.0000
vt 0.4427 0.9571 0.0000
vt 0.4423 0.9571 0.0000
vt 0.4431 0.9575 0.0000
vt 0.4427 0.9575 0.0000
vt 0.4435 0.9580 0.0000
vt 0.4430 0.9580 0.0000
vt 0.4438 0.9585 0.0000
vt 0.4433 0.9585 0.0000
vt 0.4440 0.9591 0.0000
vt 0.4435 0.9591 0.0000
vt 0.4441 0.9597 0.0000
vt 0.4437 0.9597 0.0000
vt 0.4442 0.9603 0.0000
vt 0.4438 0.9603 0.0000
vt 0.4599 0.9636 0.0000
vt 0.4599 0.9630 0.0000
vt 0.4594 0.9630 0.0000
vt 0.4594 0.9636 0.0000
vt 0.4599 0.9642 0.0000
vt 0.4594 0.9642 0.0000
vt 0.4598 0.9647 0.0000
vt 0.4593 0.9647 0.0000
vt 0.4596 0.9653 0.0000
vt 0.4591 0.9653 0.0000
vt 0.4595 0.9658 0.0000
vt 0.4590 0.9658 0.0000
vt 0.4593 0.9663 0.0000
vt 0.4588 0.9663 0.0000
vt 0.4591 0.9667 0.0000
vt 0.4586 0.9667 0.0000
vt 0.4588 0.9672 0.0000
vt 0.4583 0.9672 0.0000
vt 0.4585 0.9676 0.0000
vt 0.4580 0.9676 0.0000
vt 0.4582 0.9680 0.0000
vt 0.4577 0.9680 0.0000
vt 0.4578 0.9683 0.0000
vt 0.4573 0.9683 0.0000
vt 0.4575 0.9687 0.0000
vt 0.4570 0.9687 0.0000
vt 0.4570 0.9690 0.0000
vt 0.4565 0.9690 0.0000
vt 0.4566 0.9692 0.0000
vt 0.4561 0.9692 0.0000
vt 0.4561 0.9695 0.0000
vt 0.4556 0.9695 0.0000
vt 0.4557 0.9696 0.0000
vt 0.4552 0.9696 0.0000
vt 0.4552 0.9698 0.0000
vt 0.4547 0.9698 0.0000
vt 0.4546 0.9699 0.0000
vt 0.4541 0.9699 0.0000
vt 0.4541 0.9700 0.0000
vt 0.4536 0.9700 0.0000
vt 0.4535 0.9701 0.0000
vt 0.4530 0.9701 0.0000
vt 0.4525 0.9701 0.0000
vt 0.4524 0.9701 0.0000
vt 0.4519 0.9701 0.0000
vt 0.4518 0.9700 0.0000
vt 0.4513 0.9700 0.0000
vt 0.4513 0.9699 0.0000
vt 0.4508 0.9699 0.0000
vt 0.4508 0.9698 0.0000
vt 0.4503 0.9698 0.0000
vt 0.4503 0.9696 0.0000
vt 0.4498 0.9696 0.0000
vt 0.4498 0.9695 0.0000
vt 0.4493 0.9695 0.0000
vt 0.4493 0.9692 0.0000
vt 0.4488 0.9692 0.0000
vt 0.4489 0.9690 0.0000
vt 0.4484 0.9690 0.0000
vt 0.4484 0.9687 0.0000
vt 0.4480 0.9687 0.0000
vt 0.4481 0.9683 0.0000
vt 0.4476 0.9683 0.0000
vt 0.4477 0.9680 0.0000
vt 0.4472 0.9680 0.0000
vt 0.4474 0.9676 0.0000
vt 0.4469 0.9676 0.0000
vt 0.4471 0.9672 0.0000
vt 0.4466 0.9672 0.0000
vt 0.4468 0.9667 0.0000
vt 0.4464 0.9667 0.0000
vt 0.4466 0.9663 0.0000
vt 0.4461 0.9663 0.0000
vt 0.4464 0.9658 0.0000
vt 0.4459 0.9658 0.0000
vt 0.4462 0.9653 0.0000
vt 0.4458 0.9653 0.0000
vt 0.4461 0.9647 0.0000
vt 0.4456 0.9647 0.0000
vt 0.4460 0.9642 0.0000
vt 0.4456 0.9642 0.0000
vt 0.4460 0.9636 0.0000
vt 0.4455 0.9636 0.0000
vt 0.4459 0.9630 0.0000
vt 0.4455 0.9630 0.0000
vt 0.4459 0.9623 0.0000
vt 0.4455 0.9623 0.0000
vt 0.4460 0.9617 0.0000
vt 0.4455 0.9617 0.0000
vt 0.4460 0.9612 0.0000
vt 0.4456 0.9612 0.0000
vt 0.4461 0.9606 0.0000
vt 0.4457 0.9606 0.0000
vt 0.4462 0.9601 0.0000
vt 0.4458 0.9601 0.0000
vt 0.4464 0.9596 0.0000
vt 0.4459 0.9596 0.0000
vt 0.4466 0.9591 0.0000
vt 0.4461 0.9591 0.0000
vt 0.4468 0.9586 0.0000
vt 0.4464 0.9586 0.0000
vt 0.4471 0.9582 0.0000
vt 0.4466 0.9582 0.0000
vt 0.4474 0.9578 0.0000
vt 0.4469 0.9578 0.0000
vt 0.4477 0.9574 0.0000
vt 0.4473 0.9574 0.0000
vt 0.4481 0.9571 0.0000
vt 0.4476 0.9571 0.0000
vt 0.4485 0.9567 0.0000
vt 0.4480 0.9567 0.0000
vt 0.4489 0.9565 0.0000
vt 0.4484 0.9565 0.0000
vt 0.4493 0.9562 0.0000
vt 0.4489 0.9562 0.0000
vt 0.4498 0.9560 0.0000
vt 0.4493 0.9560 0.0000
vt 0.4503 0.9558 0.0000
vt 0.4498 0.9558 0.0000
vt 0.4508 0.9556 0.0000
vt 0.4503 0.9556 0.0000
vt 0.4513 0.9555 0.0000
vt 0.4508 0.9555 0.0000
vt 0.4518 0.9554 0.0000
vt 0.4514 0.9554 0.0000
vt 0.4524 0.9554 0.0000
vt 0.4519 0.9554 0.0000
vt 0.4530 0.9553 0.0000
vt 0.4525 0.9553 0.0000
vt 0.4536 0.9554 0.0000
vt 0.4531 0.9554 0.0000
vt 0.4541 0.9554 0.0000
vt 0.4547 0.9555 0.0000
vt 0.4542 0.9555 0.0000
vt 0.4552 0.9556 0.0000
vt 0.4547 0.9556 0.0000
vt 0.4557 0.9558 0.0000
vt 0.4552 0.9558 0.0000
vt 0.4562 0.9560 0.0000
vt 0.4557 0.9560 0.0000
vt 0.4566 0.9562 0.0000
vt 0.4561 0.9562 0.0000
vt 0.4571 0.9565 0.0000
vt 0.4566 0.9565 0.0000
vt 0.4575 0.9568 0.0000
vt 0.4570 0.9568 0.0000
vt 0.4579 0.9571 0.0000
vt 0.4574 0.9571 0.0000
vt 0.4582 0.9574 0.0000
vt 0.4577 0.9574 0.0000
vt 0.4585 0.9578 0.0000
vt 0.4580 0.9578 0.0000
vt 0.4588 0.9582 0.0000
vt 0.4583 0.9582 0.0000
vt 0.4591 0.9587 0.0000
vt 0.4586 0.9587 0.0000
vt 0.4593 0.9591 0.0000
vt 0.4588 0.9591 0.0000
vt 0.4595 0.9596 0.0000
vt 0.4590 0.9596 0.0000
vt 0.4597 0.9601 0.0000
vt 0.4591 0.9601 0.0000
vt 0.4598 0.9607 0.0000
vt 0.4593 0.9607 0.0000
vt 0.4599 0.9612 0.0000
vt 0.4594 0.9612 0.0000
vt 0.4599 0.9618 0.0000
vt 0.4594 0.9618 0.0000
vt 0.4599 0.9624 0.0000
vt 0.4594 0.9624 0.0000
vt 0.4565 0.9617 0.0000
vt 0.4565 0.9623 0.0000
vt 0.4560 0.9623 0.0000
vt 0.4560 0.9617 0.0000
vt 0.4564 0.9611 0.0000
vt 0.4559 0.9611 0.0000
vt 0.4563 0.9606 0.0000
vt 0.4558 0.9606 0.0000
vt 0.4562 0.9601 0.0000
vt 0.4557 0.9601 0.0000
vt 0.4560 0.9597 0.0000
vt 0.4555 0.9597 0.0000
vt 0.4558 0.9593 0.0000
vt 0.4553 0.9593 0.0000
vt 0.4556 0.9589 0.0000
vt 0.4551 0.9589 0.0000
vt 0.4553 0.9586 0.0000
vt 0.4548 0.9586 0.0000
vt 0.4550 0.9584 0.0000
vt 0.4545 0.9584 0.0000
vt 0.4547 0.9581 0.0000
vt 0.4542 0.9581 0.0000
vt 0.4543 0.9580 0.0000
vt 0.4538 0.9580 0.0000
vt 0.4539 0.9579 0.0000
vt 0.4534 0.9579 0.0000
vt 0.4534 0.9578 0.0000
vt 0.4530 0.9578 0.0000
vt 0.4525 0.9578 0.0000
vt 0.4520 0.9578 0.0000
vt 0.4521 0.9579 0.0000
vt 0.4516 0.9579 0.0000
vt 0.4516 0.9580 0.0000
vt 0.4512 0.9580 0.0000
vt 0.4513 0.9582 0.0000
vt 0.4508 0.9582 0.0000
vt 0.4509 0.9584 0.0000
vt 0.4504 0.9584 0.0000
vt 0.4506 0.9587 0.0000
vt 0.4501 0.9587 0.0000
vt 0.4503 0.9590 0.0000
vt 0.4498 0.9590 0.0000
vt 0.4501 0.9593 0.0000
vt 0.4496 0.9593 0.0000
vt 0.4499 0.9597 0.0000
vt 0.4494 0.9597 0.0000
vt 0.4497 0.9602 0.0000
vt 0.4492 0.9602 0.0000
vt 0.4496 0.9607 0.0000
vt 0.4491 0.9607 0.0000
vt 0.4495 0.9612 0.0000
vt 0.4490 0.9612 0.0000
vt 0.4494 0.9618 0.0000
vt 0.4489 0.9618 0.0000
vt 0.4494 0.9624 0.0000
vt 0.4489 0.9624 0.0000
vt 0.4494 0.9631 0.0000
vt 0.4489 0.9631 0.0000
vt 0.4494 0.9637 0.0000
vt 0.4489 0.9637 0.0000
vt 0.4495 0.9643 0.0000
vt 0.4490 0.9643 0.0000
vt 0.4496 0.9648 0.0000
vt 0.4491 0.9648 0.0000
vt 0.4497 0.9653 0.0000
vt 0.4492 0.9653 0.0000
vt 0.4499 0.9657 0.0000
vt 0.4494 0.9657 0.0000
vt 0.4501 0.9661 0.0000
vt 0.4496 0.9661 0.0000
vt 0.4503 0.9665 0.0000
vt 0.4499 0.9665 0.0000
vt 0.4506 0.9668 0.0000
vt 0.4501 0.9668 0.0000
vt 0.4509 0.9670 0.0000
vt 0.4504 0.9670 0.0000
vt 0.4513 0.9673 0.0000
vt 0.4508 0.9673 0.0000
vt 0.4516 0.9674 0.0000
vt 0.4512 0.9674 0.0000
vt 0.4520 0.9675 0.0000
vt 0.4516 0.9675 0.0000
vt 0.4525 0.9676 0.0000
vt 0.4520 0.9676 0.0000
vt 0.4530 0.9676 0.0000
vt 0.4534 0.9676 0.0000
vt 0.4529 0.9676 0.0000
vt 0.4539 0.9675 0.0000
vt 0.4534 0.9675 0.0000
vt 0.4543 0.9674 0.0000
vt 0.4538 0.9674 0.0000
vt 0.4547 0.9673 0.0000
vt 0.4542 0.9673 0.0000
vt 0.4550 0.9670 0.0000
vt 0.4545 0.9670 0.0000
vt 0.4553 0.9668 0.0000
vt 0.4548 0.9668 0.0000
vt 0.4556 0.9665 0.0000
vt 0.4551 0.9665 0.0000
vt 0.4558 0.9661 0.0000
vt 0.4553 0.9661 0.0000
vt 0.4560 0.9657 0.0000
vt 0.4555 0.9657 0.0000
vt 0.4562 0.9653 0.0000
vt 0.4557 0.9653 0.0000
vt 0.4563 0.9648 0.0000
vt 0.4558 0.9648 0.0000
vt 0.4564 0.9642 0.0000
vt 0.4559 0.9642 0.0000
vt 0.4565 0.9637 0.0000
vt 0.4560 0.9637 0.0000
vt 0.4565 0.9630 0.0000
vt 0.4560 0.9630 0.0000
vt 0.4624 0.9555 0.0000
vt 0.4624 0.9699 0.0000
vt 0.4619 0.9699 0.0000
vt 0.4619 0.9555 0.0000
vt 0.4657 0.9555 0.0000
vt 0.4652 0.9555 0.0000
vt 0.4657 0.9595 0.0000
vt 0.4652 0.9595 0.0000
vt 0.4654 0.9662 0.0000
vt 0.4649 0.9662 0.0000
vt 0.4698 0.9555 0.0000
vt 0.4692 0.9555 0.0000
vt 0.4721 0.9555 0.0000
vt 0.4715 0.9555 0.0000
vt 0.4764 0.9662 0.0000
vt 0.4758 0.9662 0.0000
vt 0.4761 0.9595 0.0000
vt 0.4755 0.9595 0.0000
vt 0.4761 0.9555 0.0000
vt 0.4755 0.9555 0.0000
vt 0.4794 0.9555 0.0000
vt 0.4788 0.9555 0.0000
vt 0.4794 0.9699 0.0000
vt 0.4788 0.9699 0.0000
vt 0.4751 0.9699 0.0000
vt 0.4745 0.9699 0.0000
vt 0.4709 0.9595 0.0000
vt 0.4704 0.9595 0.0000
vt 0.4668 0.9699 0.0000
vt 0.4662 0.9699 0.0000
# 2654 texture coords

o Text001
g Text001
f 1/1/1 2/2/1 3/3/1 4/4/1 
f 5/5/1 1/1/1 4/4/1 6/6/1 
f 7/7/1 5/5/1 6/6/1 8/8/1 
f 9/9/1 7/7/1 8/8/1 10/10/1 
f 11/11/1 9/9/1 10/10/1 12/12/1 
f 13/13/1 11/11/1 12/12/1 14/14/1 
f 15/15/1 13/13/1 14/14/1 16/16/1 
f 17/17/1 15/15/1 16/16/1 18/18/1 
f 19/19/1 17/17/1 18/18/1 20/20/1 
f 21/21/1 19/19/1 20/20/1 22/22/1 
f 23/23/1 21/21/1 22/22/1 24/24/1 
f 25/25/1 23/23/1 24/24/1 26/26/1 
f 27/27/1 25/25/1 26/26/1 28/28/1 
f 29/29/1 27/27/1 28/28/1 30/30/1 
f 31/31/1 29/29/1 30/30/1 32/32/1 
f 33/33/1 31/31/1 32/32/1 34/34/1 
f 35/35/1 33/33/1 34/34/1 36/36/1 
f 37/37/1 35/35/1 36/36/1 38/38/1 
f 39/39/1 37/37/1 38/38/1 40/40/1 
f 41/41/1 39/39/1 40/40/1 42/42/1 
f 43/43/1 41/41/1 42/42/1 44/44/1 
f 45/45/1 43/43/1 44/44/1 46/46/1 
f 47/47/1 45/45/1 46/46/1 48/48/1 
f 49/49/1 47/47/1 48/48/1 50/50/1 
f 51/51/1 49/49/1 50/50/1 52/52/1 
f 53/53/1 51/51/1 52/52/1 54/54/1 
f 55/55/1 53/53/1 54/54/1 56/56/1 
f 57/57/1 55/55/1 56/56/1 58/58/1 
f 59/59/1 57/57/1 58/58/1 60/60/1 
f 61/61/1 59/59/1 60/60/1 62/62/1 
f 63/63/1 61/61/1 62/62/1 64/64/1 
f 65/65/1 63/63/1 64/64/1 66/66/1 
f 67/67/1 65/65/1 66/66/1 68/68/1 
f 69/69/1 67/67/1 68/68/1 70/70/1 
f 71/71/1 69/69/1 70/70/1 72/72/1 
f 73/73/1 71/71/1 72/72/1 74/74/1 
f 75/75/1 73/73/1 74/74/1 76/76/1 
f 77/77/1 75/75/1 76/76/1 78/78/1 
f 79/79/1 77/77/1 78/78/1 80/80/1 
f 81/81/1 79/79/1 80/80/1 82/82/1 
f 83/83/1 81/81/1 82/82/1 84/84/1 
f 85/85/1 83/83/1 84/84/1 86/86/1 
f 87/87/1 85/85/1 86/86/1 88/88/1 
f 89/89/1 87/87/1 88/88/1 90/90/1 
f 91/91/1 89/89/1 90/90/1 92/92/1 
f 93/93/1 91/91/1 92/92/1 94/94/1 
f 95/95/1 93/93/1 94/94/1 96/96/1 
f 97/97/1 95/95/1 96/96/1 98/98/1 
f 99/99/1 97/97/1 98/98/1 100/100/1 
f 101/101/1 99/99/1 100/100/1 102/102/1 
f 103/103/1 101/101/1 102/102/1 104/104/1 
f 105/105/1 103/103/1 104/104/1 106/106/1 
f 107/107/1 105/105/1 106/106/1 108/108/1 
f 109/109/1 107/107/1 108/108/1 110/110/1 
f 111/111/1 109/109/1 110/110/1 112/112/1 
f 113/113/1 111/111/1 112/112/1 114/114/1 
f 115/115/1 113/113/1 114/114/1 116/116/1 
f 117/117/1 115/115/1 116/116/1 118/118/1 
f 119/119/1 117/117/1 118/118/1 120/120/1 
f 121/121/1 119/119/1 120/120/1 122/122/1 
f 123/123/1 121/121/1 122/122/1 124/124/1 
f 125/125/1 123/123/1 124/124/1 126/126/1 
f 127/127/1 125/125/1 126/126/1 128/128/1 
f 129/129/1 127/127/1 128/128/1 130/130/1 
f 131/131/1 129/129/1 130/130/1 132/132/1 
f 133/133/1 131/131/1 132/132/1 134/134/1 
f 135/135/1 133/133/1 134/134/1 136/136/1 
f 137/137/1 135/135/1 136/136/1 138/138/1 
f 139/139/1 137/137/1 138/138/1 140/140/1 
f 141/141/1 139/139/1 140/140/1 142/142/1 
f 143/143/1 141/141/1 142/142/1 144/144/1 
f 145/145/1 143/143/1 144/144/1 146/146/1 
f 147/147/1 145/145/1 146/146/1 148/148/1 
f 149/149/1 147/147/1 148/148/1 150/150/1 
f 151/151/1 149/149/1 150/150/1 152/152/1 
f 153/153/1 151/151/1 152/152/1 154/154/1 
f 155/155/1 153/153/1 154/154/1 156/156/1 
f 157/157/1 155/155/1 156/156/1 158/158/1 
f 159/159/1 157/157/1 158/158/1 160/160/1 
f 161/161/1 159/159/1 160/160/1 162/162/1 
f 163/163/1 161/161/1 162/162/1 164/164/1 
f 165/165/1 163/163/1 164/164/1 166/166/1 
f 167/167/1 165/165/1 166/166/1 168/168/1 
f 169/169/1 167/167/1 168/168/1 170/170/1 
f 171/171/1 169/169/1 170/170/1 172/172/1 
f 173/173/1 171/171/1 172/172/1 174/174/1 
f 175/175/1 173/173/1 174/174/1 176/176/1 
f 177/177/1 175/175/1 176/176/1 178/178/1 
f 179/179/1 177/177/1 178/178/1 180/180/1 
f 181/181/1 179/179/1 180/180/1 182/182/1 
f 183/183/1 181/181/1 182/182/1 184/184/1 
f 185/185/1 183/183/1 184/184/1 186/186/1 
f 187/187/1 185/185/1 186/186/1 188/188/1 
f 189/189/1 187/187/1 188/188/1 190/190/1 
f 191/191/1 189/189/1 190/190/1 192/192/1 
f 193/193/1 191/191/1 192/192/1 194/194/1 
f 195/195/1 193/193/1 194/194/1 196/196/1 
f 197/197/1 195/195/1 196/196/1 198/198/1 
f 199/199/1 197/197/1 198/198/1 200/200/1 
f 201/201/1 199/199/1 200/200/1 202/202/1 
f 203/203/1 201/201/1 202/202/1 204/204/1 
f 205/205/1 203/203/1 204/204/1 206/206/1 
f 207/207/1 205/205/1 206/206/1 208/208/1 
f 209/209/1 207/207/1 208/208/1 210/210/1 
f 211/211/1 209/209/1 210/210/1 212/212/1 
f 213/213/1 211/211/1 212/212/1 214/214/1 
f 215/215/1 213/213/1 214/214/1 216/216/1 
f 217/217/1 215/215/1 216/216/1 218/218/1 
f 219/219/1 217/217/1 218/218/1 220/220/1 
f 221/221/1 219/219/1 220/220/1 222/222/1 
f 223/223/1 221/221/1 222/222/1 224/224/1 
f 225/225/1 223/223/1 224/224/1 226/226/1 
f 227/227/1 225/225/1 226/226/1 228/228/1 
f 229/229/1 227/227/1 228/228/1 230/230/1 
f 231/231/1 229/229/1 230/230/1 232/232/1 
f 233/233/1 231/231/1 232/232/1 234/234/1 
f 235/235/1 233/233/1 234/234/1 236/236/1 
f 237/237/1 235/235/1 236/236/1 238/238/1 
f 239/239/1 237/237/1 238/238/1 240/240/1 
f 241/241/1 239/239/1 240/240/1 242/242/1 
f 243/243/1 241/241/1 242/242/1 244/244/1 
f 245/245/1 243/243/1 244/244/1 246/246/1 
f 247/247/1 245/245/1 246/246/1 248/248/1 
f 249/249/1 247/247/1 248/248/1 250/250/1 
f 251/251/1 249/249/1 250/250/1 252/252/1 
f 253/253/1 251/251/1 252/252/1 254/254/1 
f 255/255/1 253/253/1 254/254/1 256/256/1 
f 257/257/1 255/255/1 256/256/1 258/258/1 
f 259/259/1 257/257/1 258/258/1 260/260/1 
f 261/261/1 259/259/1 260/260/1 262/262/1 
f 263/263/1 261/261/1 262/262/1 264/264/1 
f 265/265/1 263/263/1 264/264/1 266/266/1 
f 267/267/1 265/265/1 266/266/1 268/268/1 
f 269/269/1 267/267/1 268/268/1 270/270/1 
f 271/271/1 269/269/1 270/270/1 272/269/1 
f 273/272/1 271/271/1 272/269/1 274/273/1 
f 275/274/1 273/272/1 274/273/1 276/275/1 
f 277/276/1 275/274/1 276/275/1 278/277/1 
f 279/278/1 277/276/1 278/277/1 280/279/1 
f 281/280/1 279/278/1 280/279/1 282/281/1 
f 283/282/1 281/280/1 282/281/1 284/283/1 
f 285/284/1 283/282/1 284/283/1 286/285/1 
f 287/286/1 285/284/1 286/285/1 288/287/1 
f 289/288/1 287/286/1 288/287/1 290/289/1 
f 291/290/1 289/288/1 290/289/1 292/291/1 
f 293/292/1 291/290/1 292/291/1 294/293/1 
f 295/294/1 293/292/1 294/293/1 296/295/1 
f 297/296/1 295/294/1 296/295/1 298/297/1 
f 299/298/1 297/296/1 298/297/1 300/299/1 
f 301/300/1 299/298/1 300/299/1 302/301/1 
f 303/302/1 301/300/1 302/301/1 304/303/1 
f 305/304/1 303/302/1 304/303/1 306/305/1 
f 307/306/1 305/304/1 306/305/1 308/307/1 
f 309/308/1 307/306/1 308/307/1 310/309/1 
f 311/310/1 309/308/1 310/309/1 312/311/1 
f 313/312/1 311/310/1 312/311/1 314/313/1 
f 315/314/1 313/312/1 314/313/1 316/315/1 
f 317/316/1 315/314/1 316/315/1 318/317/1 
f 319/318/1 317/316/1 318/317/1 320/319/1 
f 321/320/1 319/318/1 320/319/1 322/321/1 
f 323/322/1 321/320/1 322/321/1 324/323/1 
f 325/324/1 323/322/1 324/323/1 326/325/1 
f 327/326/1 325/324/1 326/325/1 328/327/1 
f 329/328/1 327/326/1 328/327/1 330/329/1 
f 331/330/1 329/328/1 330/329/1 332/331/1 
f 333/332/1 331/330/1 332/331/1 334/333/1 
f 335/334/1 333/332/1 334/333/1 336/335/1 
f 337/336/1 335/334/1 336/335/1 338/337/1 
f 339/338/1 337/336/1 338/337/1 340/339/1 
f 341/340/1 339/338/1 340/339/1 342/341/1 
f 343/342/1 341/340/1 342/341/1 344/343/1 
f 345/344/1 343/342/1 344/343/1 346/345/1 
f 347/346/1 345/344/1 346/345/1 348/347/1 
f 349/348/1 347/346/1 348/347/1 350/349/1 
f 351/350/1 349/348/1 350/349/1 352/351/1 
f 353/352/1 351/350/1 352/351/1 354/353/1 
f 355/354/1 353/352/1 354/353/1 356/355/1 
f 357/356/1 355/354/1 356/355/1 358/357/1 
f 359/358/1 357/356/1 358/357/1 360/359/1 
f 361/360/1 359/358/1 360/359/1 362/361/1 
f 363/362/1 361/360/1 362/361/1 364/363/1 
f 365/364/1 363/362/1 364/363/1 366/365/1 
f 367/366/1 365/364/1 366/365/1 368/367/1 
f 2/2/1 367/366/1 368/367/1 3/3/1 
f 369/368/1 370/369/1 371/370/1 372/371/1 
f 373/372/1 369/368/1 372/371/1 374/373/1 
f 375/374/1 373/372/1 374/373/1 376/375/1 
f 377/376/1 375/374/1 376/375/1 378/377/1 
f 379/378/1 377/376/1 378/377/1 380/379/1 
f 381/380/1 379/378/1 380/379/1 382/381/1 
f 383/382/1 381/380/1 382/381/1 384/383/1 
f 370/369/1 383/382/1 384/383/1 371/370/1 
f 385/384/1 386/385/1 387/386/1 388/387/1 
f 389/388/1 385/384/1 388/387/1 390/389/1 
f 391/390/1 389/388/1 390/389/1 392/391/1 
f 393/392/1 391/390/1 392/391/1 394/393/1 
f 395/394/1 393/392/1 394/393/1 396/395/1 
f 397/396/1 395/394/1 396/395/1 398/397/1 
f 399/398/1 397/396/1 398/397/1 400/399/1 
f 386/385/1 399/398/1 400/399/1 387/386/1 
f 401/400/1 402/401/1 403/402/1 404/403/1 
f 405/404/1 401/400/1 404/403/1 406/405/1 
f 402/401/1 405/404/1 406/405/1 403/402/1 
f 407/406/1 408/407/1 409/408/1 410/409/1 
f 411/410/1 407/406/1 410/409/1 412/411/1 
f 413/412/1 411/410/1 412/411/1 414/413/1 
f 415/414/1 413/412/1 414/413/1 416/415/1 
f 417/416/1 415/414/1 416/415/1 418/417/1 
f 419/418/1 417/416/1 418/417/1 420/419/1 
f 421/420/1 419/418/1 420/419/1 422/421/1 
f 423/422/1 421/420/1 422/421/1 424/423/1 
f 425/424/1 423/422/1 424/423/1 426/425/1 
f 427/426/1 425/424/1 426/425/1 428/427/1 
f 429/428/1 427/426/1 428/427/1 430/429/1 
f 431/430/1 429/428/1 430/429/1 432/431/1 
f 433/432/1 431/430/1 432/431/1 434/433/1 
f 435/434/1 433/432/1 434/433/1 436/435/1 
f 437/436/1 435/434/1 436/435/1 438/437/1 
f 439/438/1 437/436/1 438/437/1 440/439/1 
f 441/440/1 439/438/1 440/439/1 442/441/1 
f 443/442/1 441/440/1 442/441/1 444/443/1 
f 445/444/1 443/442/1 444/443/1 446/445/1 
f 447/446/1 445/444/1 446/445/1 448/447/1 
f 449/448/1 447/446/1 448/447/1 450/449/1 
f 451/450/1 449/448/1 450/449/1 452/451/1 
f 453/452/1 451/450/1 452/451/1 454/453/1 
f 455/454/1 453/452/1 454/453/1 456/455/1 
f 457/456/1 455/454/1 456/455/1 458/457/1 
f 459/458/1 457/456/1 458/457/1 460/459/1 
f 461/460/1 459/458/1 460/459/1 462/461/1 
f 463/462/1 461/460/1 462/461/1 464/463/1 
f 465/464/1 463/462/1 464/463/1 466/465/1 
f 467/466/1 465/464/1 466/465/1 468/467/1 
f 469/468/1 467/466/1 468/467/1 470/469/1 
f 471/470/1 469/468/1 470/469/1 472/471/1 
f 473/472/1 471/470/1 472/471/1 474/473/1 
f 475/474/1 473/472/1 474/473/1 476/475/1 
f 477/476/1 475/474/1 476/475/1 478/477/1 
f 479/478/1 477/476/1 478/477/1 480/479/1 
f 481/480/1 479/478/1 480/479/1 482/481/1 
f 483/482/1 481/480/1 482/481/1 484/483/1 
f 485/484/1 483/482/1 484/483/1 486/485/1 
f 487/486/1 485/484/1 486/485/1 488/487/1 
f 489/488/1 487/486/1 488/487/1 490/489/1 
f 491/490/1 489/488/1 490/489/1 492/491/1 
f 493/492/1 491/490/1 492/491/1 494/493/1 
f 495/494/1 493/492/1 494/493/1 496/495/1 
f 497/496/1 495/494/1 496/495/1 498/497/1 
f 499/498/1 497/496/1 498/497/1 500/499/1 
f 501/500/1 499/498/1 500/499/1 502/501/1 
f 503/502/1 501/500/1 502/501/1 504/503/1 
f 505/504/1 503/502/1 504/503/1 506/505/1 
f 507/506/1 505/504/1 506/505/1 508/507/1 
f 509/508/1 507/506/1 508/507/1 510/509/1 
f 511/510/1 509/508/1 510/509/1 512/511/1 
f 513/512/1 511/510/1 512/511/1 514/513/1 
f 515/514/1 513/512/1 514/513/1 516/515/1 
f 517/516/1 515/514/1 516/515/1 518/517/1 
f 519/518/1 517/516/1 518/517/1 520/519/1 
f 521/520/1 519/518/1 520/519/1 522/521/1 
f 523/522/1 521/520/1 522/521/1 524/523/1 
f 408/407/1 523/522/1 524/523/1 409/408/1 
f 525/524/1 526/525/1 527/526/1 528/527/1 
f 529/528/1 525/524/1 528/527/1 530/529/1 
f 531/530/1 529/528/1 530/529/1 532/531/1 
f 533/532/1 531/530/1 532/531/1 534/533/1 
f 535/534/1 533/532/1 534/533/1 536/535/1 
f 537/536/1 535/534/1 536/535/1 538/537/1 
f 539/538/1 537/536/1 538/537/1 540/539/1 
f 541/540/1 539/538/1 540/539/1 542/541/1 
f 543/542/1 541/540/1 542/541/1 544/543/1 
f 545/544/1 543/542/1 544/543/1 546/545/1 
f 547/546/1 545/544/1 546/545/1 548/547/1 
f 549/548/1 547/546/1 548/547/1 550/549/1 
f 551/550/1 549/548/1 550/549/1 552/551/1 
f 553/552/1 551/550/1 552/551/1 554/553/1 
f 555/554/1 553/552/1 554/553/1 556/555/1 
f 557/556/1 555/554/1 556/555/1 558/557/1 
f 559/558/1 557/556/1 558/557/1 560/559/1 
f 561/560/1 559/558/1 560/559/1 562/561/1 
f 563/562/1 561/560/1 562/561/1 564/563/1 
f 565/564/1 563/562/1 564/563/1 566/565/1 
f 567/566/1 565/564/1 566/565/1 568/564/1 
f 569/567/1 567/566/1 568/564/1 570/568/1 
f 571/569/1 569/567/1 570/568/1 572/570/1 
f 526/525/1 571/569/1 572/570/1 527/526/1 
f 573/571/1 574/572/1 575/573/1 576/574/1 
f 577/574/1 573/571/1 576/574/1 578/575/1 
f 579/575/1 577/574/1 578/575/1 580/576/1 
f 581/577/1 579/575/1 580/576/1 582/578/1 
f 583/579/1 581/577/1 582/578/1 584/580/1 
f 585/581/1 583/579/1 584/580/1 586/582/1 
f 587/583/1 585/581/1 586/582/1 588/584/1 
f 589/585/1 587/583/1 588/584/1 590/586/1 
f 591/587/1 589/585/1 590/586/1 592/588/1 
f 593/589/1 591/587/1 592/588/1 594/590/1 
f 595/591/1 593/589/1 594/590/1 596/592/1 
f 597/593/1 595/591/1 596/592/1 598/594/1 
f 599/595/1 597/593/1 598/594/1 600/596/1 
f 601/597/1 599/595/1 600/596/1 602/598/1 
f 603/599/1 601/597/1 602/598/1 604/600/1 
f 605/601/1 603/599/1 604/600/1 606/602/1 
f 607/603/1 605/601/1 606/602/1 608/604/1 
f 609/605/1 607/603/1 608/604/1 610/606/1 
f 611/607/1 609/605/1 610/606/1 612/608/1 
f 613/609/1 611/607/1 612/608/1 614/610/1 
f 615/611/1 613/609/1 614/610/1 616/612/1 
f 617/613/1 615/611/1 616/612/1 618/614/1 
f 619/615/1 617/613/1 618/614/1 620/616/1 
f 574/572/1 619/615/1 620/616/1 575/573/1 
f 621/617/1 622/618/1 623/619/1 624/620/1 
f 625/621/1 621/617/1 624/620/1 626/622/1 
f 627/623/1 625/621/1 626/622/1 628/624/1 
f 629/625/1 627/623/1 628/624/1 630/626/1 
f 631/627/1 629/625/1 630/626/1 632/628/1 
f 622/618/1 631/627/1 632/628/1 623/619/1 
f 633/629/1 634/630/1 635/631/1 636/632/1 
f 637/633/1 633/629/1 636/632/1 638/634/1 
f 639/635/1 637/633/1 638/634/1 640/636/1 
f 641/637/1 639/635/1 640/636/1 642/638/1 
f 643/639/1 641/637/1 642/638/1 644/640/1 
f 645/641/1 643/639/1 644/640/1 646/642/1 
f 647/643/1 645/641/1 646/642/1 648/644/1 
f 649/645/1 647/643/1 648/644/1 650/646/1 
f 651/647/1 649/645/1 650/646/1 652/648/1 
f 653/649/1 651/647/1 652/648/1 654/650/1 
f 655/651/1 653/649/1 654/650/1 656/652/1 
f 634/630/1 655/651/1 656/652/1 635/631/1 
f 657/653/1 658/654/1 659/655/1 660/656/1 
f 661/657/1 657/653/1 660/656/1 662/658/1 
f 663/659/1 661/657/1 662/658/1 664/660/1 
f 665/661/1 663/659/1 664/660/1 666/662/1 
f 667/663/1 665/661/1 666/662/1 668/664/1 
f 669/665/1 667/663/1 668/664/1 670/666/1 
f 671/667/1 669/665/1 670/666/1 672/668/1 
f 673/669/1 671/667/1 672/668/1 674/670/1 
f 675/671/1 673/669/1 674/670/1 676/672/1 
f 677/673/1 675/671/1 676/672/1 678/674/1 
f 679/675/1 677/673/1 678/674/1 680/676/1 
f 681/677/1 679/675/1 680/676/1 682/678/1 
f 683/679/1 681/677/1 682/678/1 684/680/1 
f 685/681/1 683/679/1 684/680/1 686/682/1 
f 687/683/1 685/681/1 686/682/1 688/684/1 
f 689/685/1 687/683/1 688/684/1 690/686/1 
f 691/687/1 689/685/1 690/686/1 692/688/1 
f 693/689/1 691/687/1 692/688/1 694/690/1 
f 695/691/1 693/689/1 694/690/1 696/692/1 
f 697/693/1 695/691/1 696/692/1 698/694/1 
f 699/695/1 697/693/1 698/694/1 700/696/1 
f 701/697/1 699/695/1 700/696/1 702/698/1 
f 703/699/1 701/697/1 702/698/1 704/700/1 
f 705/701/1 703/699/1 704/700/1 706/702/1 
f 707/703/1 705/701/1 706/702/1 708/704/1 
f 709/705/1 707/703/1 708/704/1 710/706/1 
f 711/707/1 709/705/1 710/706/1 712/708/1 
f 713/709/1 711/707/1 712/708/1 714/710/1 
f 715/711/1 713/709/1 714/710/1 716/712/1 
f 717/713/1 715/711/1 716/712/1 718/714/1 
f 719/715/1 717/713/1 718/714/1 720/716/1 
f 721/717/1 719/715/1 720/716/1 722/718/1 
f 723/719/1 721/717/1 722/718/1 724/720/1 
f 725/721/1 723/719/1 724/720/1 726/722/1 
f 727/723/1 725/721/1 726/722/1 728/724/1 
f 729/725/1 727/723/1 728/724/1 730/726/1 
f 731/727/1 729/725/1 730/726/1 732/728/1 
f 733/729/1 731/727/1 732/728/1 734/730/1 
f 735/731/1 733/729/1 734/730/1 736/732/1 
f 658/654/1 735/731/1 736/732/1 659/655/1 
f 737/733/1 738/734/1 739/735/1 740/736/1 
f 741/737/1 737/733/1 740/736/1 742/738/1 
f 743/739/1 741/737/1 742/738/1 744/740/1 
f 745/741/1 743/739/1 744/740/1 746/742/1 
f 747/743/1 745/741/1 746/742/1 748/744/1 
f 749/745/1 747/743/1 748/744/1 750/746/1 
f 751/747/1 749/745/1 750/746/1 752/748/1 
f 753/749/1 751/747/1 752/748/1 754/750/1 
f 755/751/1 753/749/1 754/750/1 756/752/1 
f 757/753/1 755/751/1 756/752/1 758/754/1 
f 759/755/1 757/753/1 758/754/1 760/756/1 
f 761/757/1 759/755/1 760/756/1 762/758/1 
f 763/759/1 761/757/1 762/758/1 764/760/1 
f 765/761/1 763/759/1 764/760/1 766/762/1 
f 767/763/1 765/761/1 766/762/1 768/764/1 
f 769/765/1 767/763/1 768/764/1 770/766/1 
f 771/767/1 769/765/1 770/766/1 772/768/1 
f 773/769/1 771/767/1 772/768/1 774/770/1 
f 775/771/1 773/769/1 774/770/1 776/772/1 
f 777/773/1 775/771/1 776/772/1 778/774/1 
f 779/775/1 777/773/1 778/774/1 780/776/1 
f 781/777/1 779/775/1 780/776/1 782/778/1 
f 783/779/1 781/777/1 782/778/1 784/780/1 
f 785/781/1 783/779/1 784/780/1 786/782/1 
f 787/783/1 785/781/1 786/782/1 788/784/1 
f 789/785/1 787/783/1 788/784/1 790/786/1 
f 791/787/1 789/785/1 790/786/1 792/788/1 
f 793/789/1 791/787/1 792/788/1 794/790/1 
f 795/791/1 793/789/1 794/790/1 796/792/1 
f 797/793/1 795/791/1 796/792/1 798/794/1 
f 738/734/1 797/793/1 798/794/1 739/735/1 
f 799/795/1 800/796/1 801/797/1 802/798/1 
f 803/799/1 799/795/1 802/798/1 804/800/1 
f 805/801/1 803/799/1 804/800/1 806/802/1 
f 807/803/1 805/801/1 806/802/1 808/804/1 
f 809/805/1 807/803/1 808/804/1 810/806/1 
f 811/807/1 809/805/1 810/806/1 812/808/1 
f 813/809/1 811/807/1 812/808/1 814/810/1 
f 815/811/1 813/809/1 814/810/1 816/812/1 
f 817/813/1 815/811/1 816/812/1 818/814/1 
f 819/815/1 817/813/1 818/814/1 820/816/1 
f 821/817/1 819/815/1 820/816/1 822/818/1 
f 823/819/1 821/817/1 822/818/1 824/820/1 
f 825/821/1 823/819/1 824/820/1 826/822/1 
f 827/823/1 825/821/1 826/822/1 828/824/1 
f 829/825/1 827/823/1 828/824/1 830/826/1 
f 831/827/1 829/825/1 830/826/1 832/828/1 
f 833/829/1 831/827/1 832/828/1 834/830/1 
f 835/831/1 833/829/1 834/830/1 836/832/1 
f 837/833/1 835/831/1 836/832/1 838/834/1 
f 839/835/1 837/833/1 838/834/1 840/836/1 
f 841/837/1 839/835/1 840/836/1 842/838/1 
f 843/839/1 841/837/1 842/838/1 844/840/1 
f 845/841/1 843/839/1 844/840/1 846/842/1 
f 847/843/1 845/841/1 846/842/1 848/844/1 
f 849/845/1 847/843/1 848/844/1 850/846/1 
f 851/847/1 849/845/1 850/846/1 852/848/1 
f 853/849/1 851/847/1 852/848/1 854/850/1 
f 855/851/1 853/849/1 854/850/1 856/852/1 
f 857/853/1 855/851/1 856/852/1 858/854/1 
f 859/855/1 857/853/1 858/854/1 860/856/1 
f 861/857/1 859/855/1 860/856/1 862/858/1 
f 863/859/1 861/857/1 862/858/1 864/860/1 
f 865/861/1 863/859/1 864/860/1 866/862/1 
f 867/863/1 865/861/1 866/862/1 868/864/1 
f 869/865/1 867/863/1 868/864/1 870/866/1 
f 871/867/1 869/865/1 870/866/1 872/868/1 
f 800/796/1 871/867/1 872/868/1 801/797/1 
f 873/869/1 874/870/1 875/871/1 876/872/1 
f 877/873/1 873/869/1 876/872/1 878/874/1 
f 879/875/1 877/873/1 878/874/1 880/876/1 
f 881/877/1 879/875/1 880/876/1 882/878/1 
f 883/879/1 881/877/1 882/878/1 884/880/1 
f 885/881/1 883/879/1 884/880/1 886/882/1 
f 887/883/1 885/881/1 886/882/1 888/884/1 
f 889/885/1 887/883/1 888/884/1 890/886/1 
f 891/887/1 889/885/1 890/886/1 892/888/1 
f 893/889/1 891/887/1 892/888/1 894/890/1 
f 895/891/1 893/889/1 894/890/1 896/892/1 
f 897/893/1 895/891/1 896/892/1 898/894/1 
f 899/895/1 897/893/1 898/894/1 900/896/1 
f 901/897/1 899/895/1 900/896/1 902/898/1 
f 903/899/1 901/897/1 902/898/1 904/900/1 
f 905/901/1 903/899/1 904/900/1 906/902/1 
f 907/903/1 905/901/1 906/902/1 908/904/1 
f 909/905/1 907/903/1 908/904/1 910/906/1 
f 911/907/1 909/905/1 910/906/1 912/908/1 
f 913/909/1 911/907/1 912/908/1 914/910/1 
f 915/911/1 913/909/1 914/910/1 916/912/1 
f 917/913/1 915/911/1 916/912/1 918/914/1 
f 919/915/1 917/913/1 918/914/1 920/916/1 
f 921/917/1 919/915/1 920/916/1 922/918/1 
f 923/919/1 921/917/1 922/918/1 924/920/1 
f 925/921/1 923/919/1 924/920/1 926/922/1 
f 927/923/1 925/921/1 926/922/1 928/924/1 
f 929/925/1 927/923/1 928/924/1 930/926/1 
f 931/927/1 929/925/1 930/926/1 932/928/1 
f 933/929/1 931/927/1 932/928/1 934/930/1 
f 874/870/1 933/929/1 934/930/1 875/871/1 
f 935/931/1 936/932/1 937/933/1 938/934/1 
f 939/935/1 935/931/1 938/934/1 940/936/1 
f 941/937/1 939/935/1 940/936/1 942/938/1 
f 943/939/1 941/937/1 942/938/1 944/940/1 
f 945/941/1 943/939/1 944/940/1 946/942/1 
f 947/943/1 945/941/1 946/942/1 948/944/1 
f 949/945/1 947/943/1 948/944/1 950/946/1 
f 951/947/1 949/945/1 950/946/1 952/948/1 
f 953/949/1 951/947/1 952/948/1 954/950/1 
f 955/951/1 953/949/1 954/950/1 956/952/1 
f 957/953/1 955/951/1 956/952/1 958/954/1 
f 959/955/1 957/953/1 958/954/1 960/956/1 
f 961/957/1 959/955/1 960/956/1 962/958/1 
f 963/959/1 961/957/1 962/958/1 964/960/1 
f 965/961/1 963/959/1 964/960/1 966/962/1 
f 967/963/1 965/961/1 966/962/1 968/964/1 
f 969/965/1 967/963/1 968/964/1 970/966/1 
f 971/967/1 969/965/1 970/966/1 972/968/1 
f 973/969/1 971/967/1 972/968/1 974/970/1 
f 975/971/1 973/969/1 974/970/1 976/972/1 
f 977/973/1 975/971/1 976/972/1 978/974/1 
f 979/975/1 977/973/1 978/974/1 980/976/1 
f 981/977/1 979/975/1 980/976/1 982/978/1 
f 983/979/1 981/977/1 982/978/1 984/980/1 
f 985/981/1 983/979/1 984/980/1 986/982/1 
f 987/983/1 985/981/1 986/982/1 988/984/1 
f 989/985/1 987/983/1 988/984/1 990/986/1 
f 991/987/1 989/985/1 990/986/1 992/988/1 
f 993/989/1 991/987/1 992/988/1 994/990/1 
f 995/991/1 993/989/1 994/990/1 996/992/1 
f 997/993/1 995/991/1 996/992/1 998/994/1 
f 999/995/1 997/993/1 998/994/1 1000/996/1 
f 1001/997/1 999/995/1 1000/996/1 1002/998/1 
f 1003/999/1 1001/997/1 1002/998/1 1004/1000/1 
f 1005/1001/1 1003/999/1 1004/1000/1 1006/1002/1 
f 1007/1003/1 1005/1001/1 1006/1002/1 1008/1004/1 
f 1009/1005/1 1007/1003/1 1008/1004/1 1010/1006/1 
f 1011/1007/1 1009/1005/1 1010/1006/1 1012/1008/1 
f 1013/1009/1 1011/1007/1 1012/1008/1 1014/1010/1 
f 1015/1011/1 1013/1009/1 1014/1010/1 1016/1012/1 
f 1017/1013/1 1015/1011/1 1016/1012/1 1018/1014/1 
f 1019/1015/1 1017/1013/1 1018/1014/1 1020/1016/1 
f 1021/1017/1 1019/1015/1 1020/1016/1 1022/1018/1 
f 1023/1019/1 1021/1017/1 1022/1018/1 1024/1020/1 
f 1025/1021/1 1023/1019/1 1024/1020/1 1026/1022/1 
f 1027/1023/1 1025/1021/1 1026/1022/1 1028/1024/1 
f 1029/1025/1 1027/1023/1 1028/1024/1 1030/1026/1 
f 1031/1027/1 1029/1025/1 1030/1026/1 1032/1028/1 
f 1033/1029/1 1031/1027/1 1032/1028/1 1034/1030/1 
f 1035/1031/1 1033/1029/1 1034/1030/1 1036/1032/1 
f 1037/1033/1 1035/1031/1 1036/1032/1 1038/1034/1 
f 1039/1035/1 1037/1033/1 1038/1034/1 1040/1036/1 
f 1041/1037/1 1039/1035/1 1040/1036/1 1042/1038/1 
f 1043/1039/1 1041/1037/1 1042/1038/1 1044/1040/1 
f 1045/1041/1 1043/1039/1 1044/1040/1 1046/1042/1 
f 1047/1043/1 1045/1041/1 1046/1042/1 1048/1044/1 
f 1049/1045/1 1047/1043/1 1048/1044/1 1050/1046/1 
f 1051/1047/1 1049/1045/1 1050/1046/1 1052/1048/1 
f 1053/1049/1 1051/1047/1 1052/1048/1 1054/1050/1 
f 1055/1051/1 1053/1049/1 1054/1050/1 1056/1052/1 
f 1057/1053/1 1055/1051/1 1056/1052/1 1058/1054/1 
f 1059/1055/1 1057/1053/1 1058/1054/1 1060/1056/1 
f 1061/1057/1 1059/1055/1 1060/1056/1 1062/1057/1 
f 1063/1058/1 1061/1057/1 1062/1057/1 1064/1058/1 
f 1065/1059/1 1063/1058/1 1064/1058/1 1066/1059/1 
f 1067/1060/1 1065/1059/1 1066/1059/1 1068/1061/1 
f 1069/1062/1 1067/1060/1 1068/1061/1 1070/1063/1 
f 1071/1064/1 1069/1062/1 1070/1063/1 1072/1065/1 
f 1073/1066/1 1071/1064/1 1072/1065/1 1074/1067/1 
f 1075/1068/1 1073/1066/1 1074/1067/1 1076/1069/1 
f 1077/1070/1 1075/1068/1 1076/1069/1 1078/1070/1 
f 1079/1071/1 1077/1070/1 1078/1070/1 1080/1072/1 
f 1081/1073/1 1079/1071/1 1080/1072/1 1082/1074/1 
f 1083/1075/1 1081/1073/1 1082/1074/1 1084/1076/1 
f 1085/1077/1 1083/1075/1 1084/1076/1 1086/1078/1 
f 1087/1079/1 1085/1077/1 1086/1078/1 1088/1080/1 
f 1089/1081/1 1087/1079/1 1088/1080/1 1090/1082/1 
f 1091/1083/1 1089/1081/1 1090/1082/1 1092/1084/1 
f 1093/1085/1 1091/1083/1 1092/1084/1 1094/1085/1 
f 1095/1086/1 1093/1085/1 1094/1085/1 1096/1086/1 
f 1097/1087/1 1095/1086/1 1096/1086/1 1098/1088/1 
f 1099/1089/1 1097/1087/1 1098/1088/1 1100/1090/1 
f 1101/1091/1 1099/1089/1 1100/1090/1 1102/1092/1 
f 1103/1093/1 1101/1091/1 1102/1092/1 1104/1094/1 
f 1105/1095/1 1103/1093/1 1104/1094/1 1106/1096/1 
f 936/932/1 1105/1095/1 1106/1096/1 937/933/1 
f 1107/1097/1 1108/1098/1 1109/1099/1 1110/1100/1 
f 1111/1101/1 1107/1097/1 1110/1100/1 1112/1101/1 
f 1113/1102/1 1111/1101/1 1112/1101/1 1114/1102/1 
f 1115/1103/1 1113/1102/1 1114/1102/1 1116/1104/1 
f 1117/1105/1 1115/1103/1 1116/1104/1 1118/1106/1 
f 1119/1107/1 1117/1105/1 1118/1106/1 1120/1108/1 
f 1121/1109/1 1119/1107/1 1120/1108/1 1122/1110/1 
f 1123/1111/1 1121/1109/1 1122/1110/1 1124/1112/1 
f 1125/1113/1 1123/1111/1 1124/1112/1 1126/1113/1 
f 1127/1114/1 1125/1113/1 1126/1113/1 1128/1115/1 
f 1129/1116/1 1127/1114/1 1128/1115/1 1130/1117/1 
f 1131/1118/1 1129/1116/1 1130/1117/1 1132/1119/1 
f 1133/1120/1 1131/1118/1 1132/1119/1 1134/1121/1 
f 1135/1122/1 1133/1120/1 1134/1121/1 1136/1122/1 
f 1137/1123/1 1135/1122/1 1136/1122/1 1138/1123/1 
f 1139/1124/1 1137/1123/1 1138/1123/1 1140/1125/1 
f 1141/1126/1 1139/1124/1 1140/1125/1 1142/1127/1 
f 1143/1128/1 1141/1126/1 1142/1127/1 1144/1129/1 
f 1145/1130/1 1143/1128/1 1144/1129/1 1146/1131/1 
f 1147/1132/1 1145/1130/1 1146/1131/1 1148/1133/1 
f 1149/1134/1 1147/1132/1 1148/1133/1 1150/1135/1 
f 1151/1136/1 1149/1134/1 1150/1135/1 1152/1137/1 
f 1153/1138/1 1151/1136/1 1152/1137/1 1154/1139/1 
f 1155/1140/1 1153/1138/1 1154/1139/1 1156/1141/1 
f 1157/1142/1 1155/1140/1 1156/1141/1 1158/1143/1 
f 1159/1144/1 1157/1142/1 1158/1143/1 1160/1145/1 
f 1161/1146/1 1159/1144/1 1160/1145/1 1162/1147/1 
f 1163/1148/1 1161/1146/1 1162/1147/1 1164/1149/1 
f 1165/1150/1 1163/1148/1 1164/1149/1 1166/1151/1 
f 1167/1152/1 1165/1150/1 1166/1151/1 1168/1153/1 
f 1169/1154/1 1167/1152/1 1168/1153/1 1170/1155/1 
f 1171/1156/1 1169/1154/1 1170/1155/1 1172/1157/1 
f 1173/1158/1 1171/1156/1 1172/1157/1 1174/1159/1 
f 1175/1160/1 1173/1158/1 1174/1159/1 1176/1161/1 
f 1177/1162/1 1175/1160/1 1176/1161/1 1178/1163/1 
f 1179/1164/1 1177/1162/1 1178/1163/1 1180/1165/1 
f 1181/1166/1 1179/1164/1 1180/1165/1 1182/1167/1 
f 1183/1168/1 1181/1166/1 1182/1167/1 1184/1169/1 
f 1185/1170/1 1183/1168/1 1184/1169/1 1186/1171/1 
f 1187/1172/1 1185/1170/1 1186/1171/1 1188/1173/1 
f 1189/1174/1 1187/1172/1 1188/1173/1 1190/1175/1 
f 1191/1176/1 1189/1174/1 1190/1175/1 1192/1177/1 
f 1193/1178/1 1191/1176/1 1192/1177/1 1194/1179/1 
f 1195/1180/1 1193/1178/1 1194/1179/1 1196/1181/1 
f 1197/1182/1 1195/1180/1 1196/1181/1 1198/1183/1 
f 1199/1184/1 1197/1182/1 1198/1183/1 1200/1185/1 
f 1201/1186/1 1199/1184/1 1200/1185/1 1202/1187/1 
f 1203/1188/1 1201/1186/1 1202/1187/1 1204/1188/1 
f 1205/1189/1 1203/1188/1 1204/1188/1 1206/1190/1 
f 1207/1191/1 1205/1189/1 1206/1190/1 1208/1192/1 
f 1209/1193/1 1207/1191/1 1208/1192/1 1210/1194/1 
f 1211/1195/1 1209/1193/1 1210/1194/1 1212/1196/1 
f 1213/1197/1 1211/1195/1 1212/1196/1 1214/1198/1 
f 1215/1199/1 1213/1197/1 1214/1198/1 1216/1199/1 
f 1217/1200/1 1215/1199/1 1216/1199/1 1218/1200/1 
f 1219/1201/1 1217/1200/1 1218/1200/1 1220/1202/1 
f 1221/1203/1 1219/1201/1 1220/1202/1 1222/1204/1 
f 1108/1098/1 1221/1203/1 1222/1204/1 1109/1099/1 
f 1223/1205/1 1224/1206/1 1225/1206/1 1226/1205/1 
f 1227/1207/1 1223/1205/1 1226/1205/1 1228/1207/1 
f 1229/1208/1 1227/1207/1 1228/1207/1 1230/1208/1 
f 1231/1209/1 1229/1208/1 1230/1208/1 1232/1209/1 
f 1233/1210/1 1231/1209/1 1232/1209/1 1234/1210/1 
f 1235/1211/1 1233/1210/1 1234/1210/1 1236/1211/1 
f 1237/1212/1 1235/1211/1 1236/1211/1 1238/1212/1 
f 1239/1213/1 1237/1212/1 1238/1212/1 1240/1213/1 
f 1241/1214/1 1239/1213/1 1240/1213/1 1242/1214/1 
f 1243/1215/1 1241/1214/1 1242/1214/1 1244/1215/1 
f 1245/1216/1 1243/1215/1 1244/1215/1 1246/1217/1 
f 1247/1218/1 1245/1216/1 1246/1217/1 1248/1218/1 
f 1249/1219/1 1247/1218/1 1248/1218/1 1250/1220/1 
f 1251/1221/1 1249/1219/1 1250/1220/1 1252/1221/1 
f 1253/1222/1 1251/1221/1 1252/1221/1 1254/1223/1 
f 1255/1224/1 1253/1222/1 1254/1223/1 1256/1224/1 
f 1257/1225/1 1255/1224/1 1256/1224/1 1258/1225/1 
f 1259/1226/1 1257/1225/1 1258/1225/1 1260/1226/1 
f 1261/1227/1 1259/1226/1 1260/1226/1 1262/1228/1 
f 1263/1229/1 1261/1227/1 1262/1228/1 1264/1230/1 
f 1265/1231/1 1263/1229/1 1264/1230/1 1266/1231/1 
f 1267/1232/1 1265/1231/1 1266/1231/1 1268/1233/1 
f 1269/1234/1 1267/1232/1 1268/1233/1 1270/1235/1 
f 1271/1236/1 1269/1234/1 1270/1235/1 1272/1237/1 
f 1273/1238/1 1271/1236/1 1272/1237/1 1274/1238/1 
f 1275/1239/1 1273/1238/1 1274/1238/1 1276/1239/1 
f 1277/1240/1 1275/1239/1 1276/1239/1 1278/1240/1 
f 1279/1241/1 1277/1240/1 1278/1240/1 1280/1241/1 
f 1281/1242/1 1279/1241/1 1280/1241/1 1282/1243/1 
f 1283/1244/1 1281/1242/1 1282/1243/1 1284/1245/1 
f 1285/1246/1 1283/1244/1 1284/1245/1 1286/1247/1 
f 1287/1248/1 1285/1246/1 1286/1247/1 1288/1248/1 
f 1289/1249/1 1287/1248/1 1288/1248/1 1290/1250/1 
f 1291/1251/1 1289/1249/1 1290/1250/1 1292/1251/1 
f 1293/1252/1 1291/1251/1 1292/1251/1 1294/1253/1 
f 1295/1254/1 1293/1252/1 1294/1253/1 1296/1255/1 
f 1297/1256/1 1295/1254/1 1296/1255/1 1298/1256/1 
f 1299/1257/1 1297/1256/1 1298/1256/1 1300/1257/1 
f 1301/1258/1 1299/1257/1 1300/1257/1 1302/1259/1 
f 1303/1260/1 1301/1258/1 1302/1259/1 1304/1261/1 
f 1305/1262/1 1303/1260/1 1304/1261/1 1306/1262/1 
f 1307/1263/1 1305/1262/1 1306/1262/1 1308/1263/1 
f 1309/1264/1 1307/1263/1 1308/1263/1 1310/1264/1 
f 1311/1265/1 1309/1264/1 1310/1264/1 1312/1266/1 
f 1313/1267/1 1311/1265/1 1312/1266/1 1314/1267/1 
f 1315/1268/1 1313/1267/1 1314/1267/1 1316/1268/1 
f 1317/1269/1 1315/1268/1 1316/1268/1 1318/1270/1 
f 1319/1271/1 1317/1269/1 1318/1270/1 1320/1272/1 
f 1321/1273/1 1319/1271/1 1320/1272/1 1322/1274/1 
f 1323/1275/1 1321/1273/1 1322/1274/1 1324/1275/1 
f 1325/1276/1 1323/1275/1 1324/1275/1 1326/1276/1 
f 1327/1277/1 1325/1276/1 1326/1276/1 1328/1277/1 
f 1329/1278/1 1327/1277/1 1328/1277/1 1330/1279/1 
f 1331/1280/1 1329/1278/1 1330/1279/1 1332/1281/1 
f 1333/1282/1 1331/1280/1 1332/1281/1 1334/1282/1 
f 1335/1283/1 1333/1282/1 1334/1282/1 1336/1284/1 
f 1337/1285/1 1335/1283/1 1336/1284/1 1338/1285/1 
f 1339/1286/1 1337/1285/1 1338/1285/1 1340/1286/1 
f 1341/1287/1 1339/1286/1 1340/1286/1 1342/1287/1 
f 1343/1288/1 1341/1287/1 1342/1287/1 1344/1288/1 
f 1345/1289/1 1343/1288/1 1344/1288/1 1346/1289/1 
f 1347/1290/1 1345/1289/1 1346/1289/1 1348/1290/1 
f 1349/1291/1 1347/1290/1 1348/1290/1 1350/1291/1 
f 1351/1292/1 1349/1291/1 1350/1291/1 1352/1292/1 
f 1353/1293/1 1351/1292/1 1352/1292/1 1354/1293/1 
f 1355/1294/1 1353/1293/1 1354/1293/1 1356/1294/1 
f 1224/1206/1 1355/1294/1 1356/1294/1 1225/1206/1 
f 1357/1295/1 1358/1296/1 1359/1296/1 1360/1295/1 
f 1361/1297/1 1357/1295/1 1360/1295/1 1362/1297/1 
f 1363/1298/1 1361/1297/1 1362/1297/1 1364/1299/1 
f 1365/1300/1 1363/1298/1 1364/1299/1 1366/1301/1 
f 1367/1302/1 1365/1300/1 1366/1301/1 1368/1302/1 
f 1369/1303/1 1367/1302/1 1368/1302/1 1370/1303/1 
f 1371/1304/1 1369/1303/1 1370/1303/1 1372/1305/1 
f 1373/1306/1 1371/1304/1 1372/1305/1 1374/1307/1 
f 1375/1308/1 1373/1306/1 1374/1307/1 1376/1308/1 
f 1377/1309/1 1375/1308/1 1376/1308/1 1378/1309/1 
f 1379/1310/1 1377/1309/1 1378/1309/1 1380/1310/1 
f 1358/1296/1 1379/1310/1 1380/1310/1 1359/1296/1 
f 1381/1311/1 1382/1312/1 1383/1313/1 1384/1314/1 
f 1385/1315/1 1381/1311/1 1384/1314/1 1386/1316/1 
f 1387/1317/1 1385/1315/1 1386/1316/1 1388/1318/1 
f 1389/1319/1 1387/1317/1 1388/1318/1 1390/1320/1 
f 1391/1321/1 1389/1319/1 1390/1320/1 1392/1322/1 
f 1393/1323/1 1391/1321/1 1392/1322/1 1394/1324/1 
f 1395/1325/1 1393/1323/1 1394/1324/1 1396/1326/1 
f 1397/1327/1 1395/1325/1 1396/1326/1 1398/1328/1 
f 1399/1329/1 1397/1327/1 1398/1328/1 1400/1330/1 
f 1401/1331/1 1399/1329/1 1400/1330/1 1402/1332/1 
f 1403/1333/1 1401/1331/1 1402/1332/1 1404/1333/1 
f 1405/1334/1 1403/1333/1 1404/1333/1 1406/1335/1 
f 1407/1336/1 1405/1334/1 1406/1335/1 1408/1336/1 
f 1409/1337/1 1407/1336/1 1408/1336/1 1410/1338/1 
f 1411/1339/1 1409/1337/1 1410/1338/1 1412/1340/1 
f 1413/1341/1 1411/1339/1 1412/1340/1 1414/1341/1 
f 1415/1342/1 1413/1341/1 1414/1341/1 1416/1343/1 
f 1417/1344/1 1415/1342/1 1416/1343/1 1418/1344/1 
f 1419/1345/1 1417/1344/1 1418/1344/1 1420/1346/1 
f 1421/1347/1 1419/1345/1 1420/1346/1 1422/1348/1 
f 1423/1349/1 1421/1347/1 1422/1348/1 1424/1350/1 
f 1425/1351/1 1423/1349/1 1424/1350/1 1426/1351/1 
f 1427/1352/1 1425/1351/1 1426/1351/1 1428/1352/1 
f 1429/1353/1 1427/1352/1 1428/1352/1 1430/1354/1 
f 1431/1355/1 1429/1353/1 1430/1354/1 1432/1356/1 
f 1433/1357/1 1431/1355/1 1432/1356/1 1434/1358/1 
f 1435/1359/1 1433/1357/1 1434/1358/1 1436/1359/1 
f 1437/1360/1 1435/1359/1 1436/1359/1 1438/1361/1 
f 1439/1362/1 1437/1360/1 1438/1361/1 1440/1363/1 
f 1441/1364/1 1439/1362/1 1440/1363/1 1442/1364/1 
f 1443/1365/1 1441/1364/1 1442/1364/1 1444/1366/1 
f 1445/1367/1 1443/1365/1 1444/1366/1 1446/1368/1 
f 1447/1369/1 1445/1367/1 1446/1368/1 1448/1370/1 
f 1449/1371/1 1447/1369/1 1448/1370/1 1450/1372/1 
f 1451/1373/1 1449/1371/1 1450/1372/1 1452/1374/1 
f 1453/1375/1 1451/1373/1 1452/1374/1 1454/1376/1 
f 1455/1377/1 1453/1375/1 1454/1376/1 1456/1378/1 
f 1457/1379/1 1455/1377/1 1456/1378/1 1458/1380/1 
f 1459/1381/1 1457/1379/1 1458/1380/1 1460/1382/1 
f 1461/1383/1 1459/1381/1 1460/1382/1 1462/1384/1 
f 1463/1385/1 1461/1383/1 1462/1384/1 1464/1386/1 
f 1465/1387/1 1463/1385/1 1464/1386/1 1466/1388/1 
f 1467/1389/1 1465/1387/1 1466/1388/1 1468/1389/1 
f 1469/1390/1 1467/1389/1 1468/1389/1 1470/1391/1 
f 1471/1392/1 1469/1390/1 1470/1391/1 1472/1393/1 
f 1473/1394/1 1471/1392/1 1472/1393/1 1474/1395/1 
f 1475/1396/1 1473/1394/1 1474/1395/1 1476/1397/1 
f 1477/1398/1 1475/1396/1 1476/1397/1 1478/1399/1 
f 1479/1400/1 1477/1398/1 1478/1399/1 1480/1401/1 
f 1481/1402/1 1479/1400/1 1480/1401/1 1482/1403/1 
f 1483/1404/1 1481/1402/1 1482/1403/1 1484/1405/1 
f 1485/1406/1 1483/1404/1 1484/1405/1 1486/1407/1 
f 1487/1408/1 1485/1406/1 1486/1407/1 1488/1409/1 
f 1489/1410/1 1487/1408/1 1488/1409/1 1490/1410/1 
f 1491/1411/1 1489/1410/1 1490/1410/1 1492/1412/1 
f 1493/1413/1 1491/1411/1 1492/1412/1 1494/1414/1 
f 1495/1415/1 1493/1413/1 1494/1414/1 1496/1416/1 
f 1497/1417/1 1495/1415/1 1496/1416/1 1498/1418/1 
f 1499/1419/1 1497/1417/1 1498/1418/1 1500/1420/1 
f 1501/1421/1 1499/1419/1 1500/1420/1 1502/1422/1 
f 1503/1423/1 1501/1421/1 1502/1422/1 1504/1424/1 
f 1505/1425/1 1503/1423/1 1504/1424/1 1506/1426/1 
f 1507/1427/1 1505/1425/1 1506/1426/1 1508/1428/1 
f 1509/1429/1 1507/1427/1 1508/1428/1 1510/1430/1 
f 1511/1431/1 1509/1429/1 1510/1430/1 1512/1432/1 
f 1513/1433/1 1511/1431/1 1512/1432/1 1514/1434/1 
f 1515/1435/1 1513/1433/1 1514/1434/1 1516/1436/1 
f 1517/1437/1 1515/1435/1 1516/1436/1 1518/1438/1 
f 1519/1439/1 1517/1437/1 1518/1438/1 1520/1440/1 
f 1521/1441/1 1519/1439/1 1520/1440/1 1522/1441/1 
f 1523/1442/1 1521/1441/1 1522/1441/1 1524/1443/1 
f 1525/1444/1 1523/1442/1 1524/1443/1 1526/1444/1 
f 1527/1445/1 1525/1444/1 1526/1444/1 1528/1445/1 
f 1529/1446/1 1527/1445/1 1528/1445/1 1530/1447/1 
f 1531/1448/1 1529/1446/1 1530/1447/1 1532/1449/1 
f 1533/1450/1 1531/1448/1 1532/1449/1 1534/1451/1 
f 1535/1452/1 1533/1450/1 1534/1451/1 1536/1453/1 
f 1537/1454/1 1535/1452/1 1536/1453/1 1538/1455/1 
f 1539/1456/1 1537/1454/1 1538/1455/1 1540/1457/1 
f 1541/1458/1 1539/1456/1 1540/1457/1 1542/1458/1 
f 1543/1459/1 1541/1458/1 1542/1458/1 1544/1459/1 
f 1545/1460/1 1543/1459/1 1544/1459/1 1546/1460/1 
f 1547/1461/1 1545/1460/1 1546/1460/1 1548/1462/1 
f 1549/1463/1 1547/1461/1 1548/1462/1 1550/1464/1 
f 1551/1465/1 1549/1463/1 1550/1464/1 1552/1466/1 
f 1553/1467/1 1551/1465/1 1552/1466/1 1554/1467/1 
f 1555/1468/1 1553/1467/1 1554/1467/1 1556/1469/1 
f 1557/1470/1 1555/1468/1 1556/1469/1 1558/1471/1 
f 1559/1472/1 1557/1470/1 1558/1471/1 1560/1472/1 
f 1561/1473/1 1559/1472/1 1560/1472/1 1562/1474/1 
f 1563/1475/1 1561/1473/1 1562/1474/1 1564/1475/1 
f 1565/1476/1 1563/1475/1 1564/1475/1 1566/1477/1 
f 1567/1478/1 1565/1476/1 1566/1477/1 1568/1478/1 
f 1569/1479/1 1567/1478/1 1568/1478/1 1570/1479/1 
f 1571/1480/1 1569/1479/1 1570/1479/1 1572/1481/1 
f 1573/1482/1 1571/1480/1 1572/1481/1 1574/1483/1 
f 1575/1484/1 1573/1482/1 1574/1483/1 1576/1485/1 
f 1577/1486/1 1575/1484/1 1576/1485/1 1578/1487/1 
f 1579/1488/1 1577/1486/1 1578/1487/1 1580/1489/1 
f 1581/1490/1 1579/1488/1 1580/1489/1 1582/1490/1 
f 1583/1491/1 1581/1490/1 1582/1490/1 1584/1491/1 
f 1585/1492/1 1583/1491/1 1584/1491/1 1586/1493/1 
f 1587/1494/1 1585/1492/1 1586/1493/1 1588/1494/1 
f 1589/1495/1 1587/1494/1 1588/1494/1 1590/1496/1 
f 1591/1497/1 1589/1495/1 1590/1496/1 1592/1497/1 
f 1593/1498/1 1591/1497/1 1592/1497/1 1594/1498/1 
f 1595/1499/1 1593/1498/1 1594/1498/1 1596/1500/1 
f 1597/1501/1 1595/1499/1 1596/1500/1 1598/1502/1 
f 1599/1503/1 1597/1501/1 1598/1502/1 1600/1504/1 
f 1601/1505/1 1599/1503/1 1600/1504/1 1602/1506/1 
f 1603/1507/1 1601/1505/1 1602/1506/1 1604/1508/1 
f 1605/1509/1 1603/1507/1 1604/1508/1 1606/1510/1 
f 1607/1511/1 1605/1509/1 1606/1510/1 1608/1512/1 
f 1609/1513/1 1607/1511/1 1608/1512/1 1610/1514/1 
f 1611/1515/1 1609/1513/1 1610/1514/1 1612/1516/1 
f 1613/1517/1 1611/1515/1 1612/1516/1 1614/1518/1 
f 1615/1519/1 1613/1517/1 1614/1518/1 1616/1520/1 
f 1617/1521/1 1615/1519/1 1616/1520/1 1618/1522/1 
f 1619/1523/1 1617/1521/1 1618/1522/1 1620/1524/1 
f 1621/1525/1 1619/1523/1 1620/1524/1 1622/1526/1 
f 1623/1527/1 1621/1525/1 1622/1526/1 1624/1528/1 
f 1625/1529/1 1623/1527/1 1624/1528/1 1626/1530/1 
f 1382/1312/1 1625/1529/1 1626/1530/1 1383/1313/1 
f 1627/1531/1 1628/1532/1 1629/1533/1 1630/1534/1 
f 1631/1535/1 1627/1531/1 1630/1534/1 1632/1536/1 
f 1633/1537/1 1631/1535/1 1632/1536/1 1634/1538/1 
f 1635/1539/1 1633/1537/1 1634/1538/1 1636/1540/1 
f 1637/1541/1 1635/1539/1 1636/1540/1 1638/1542/1 
f 1639/1543/1 1637/1541/1 1638/1542/1 1640/1544/1 
f 1641/1545/1 1639/1543/1 1640/1544/1 1642/1546/1 
f 1628/1532/1 1641/1545/1 1642/1546/1 1629/1533/1 
f 1643/1547/1 1644/1548/1 1645/1549/1 1646/1550/1 
f 1647/1551/1 1643/1547/1 1646/1550/1 1648/1552/1 
f 1649/1553/1 1647/1551/1 1648/1552/1 1650/1554/1 
f 1651/1555/1 1649/1553/1 1650/1554/1 1652/1556/1 
f 1653/1557/1 1651/1555/1 1652/1556/1 1654/1558/1 
f 1655/1559/1 1653/1557/1 1654/1558/1 1656/1560/1 
f 1657/1561/1 1655/1559/1 1656/1560/1 1658/1562/1 
f 1659/1563/1 1657/1561/1 1658/1562/1 1660/1564/1 
f 1661/1565/1 1659/1563/1 1660/1564/1 1662/1566/1 
f 1663/1567/1 1661/1565/1 1662/1566/1 1664/1568/1 
f 1665/1569/1 1663/1567/1 1664/1568/1 1666/1570/1 
f 1667/1571/1 1665/1569/1 1666/1570/1 1668/1572/1 
f 1669/1573/1 1667/1571/1 1668/1572/1 1670/1574/1 
f 1671/1575/1 1669/1573/1 1670/1574/1 1672/1576/1 
f 1673/1577/1 1671/1575/1 1672/1576/1 1674/1578/1 
f 1675/1579/1 1673/1577/1 1674/1578/1 1676/1580/1 
f 1677/1581/1 1675/1579/1 1676/1580/1 1678/1582/1 
f 1679/1583/1 1677/1581/1 1678/1582/1 1680/1584/1 
f 1681/1585/1 1679/1583/1 1680/1584/1 1682/1586/1 
f 1683/1587/1 1681/1585/1 1682/1586/1 1684/1588/1 
f 1685/1589/1 1683/1587/1 1684/1588/1 1686/1590/1 
f 1687/1591/1 1685/1589/1 1686/1590/1 1688/1592/1 
f 1689/1593/1 1687/1591/1 1688/1592/1 1690/1594/1 
f 1691/1595/1 1689/1593/1 1690/1594/1 1692/1596/1 
f 1693/1597/1 1691/1595/1 1692/1596/1 1694/1598/1 
f 1695/1599/1 1693/1597/1 1694/1598/1 1696/1600/1 
f 1697/1601/1 1695/1599/1 1696/1600/1 1698/1602/1 
f 1699/1603/1 1697/1601/1 1698/1602/1 1700/1604/1 
f 1701/1605/1 1699/1603/1 1700/1604/1 1702/1606/1 
f 1703/1607/1 1701/1605/1 1702/1606/1 1704/1608/1 
f 1705/1609/1 1703/1607/1 1704/1608/1 1706/1610/1 
f 1707/1611/1 1705/1609/1 1706/1610/1 1708/1612/1 
f 1709/1613/1 1707/1611/1 1708/1612/1 1710/1614/1 
f 1711/1615/1 1709/1613/1 1710/1614/1 1712/1616/1 
f 1713/1617/1 1711/1615/1 1712/1616/1 1714/1618/1 
f 1715/1619/1 1713/1617/1 1714/1618/1 1716/1620/1 
f 1717/1621/1 1715/1619/1 1716/1620/1 1718/1622/1 
f 1719/1623/1 1717/1621/1 1718/1622/1 1720/1624/1 
f 1721/1625/1 1719/1623/1 1720/1624/1 1722/1626/1 
f 1723/1627/1 1721/1625/1 1722/1626/1 1724/1628/1 
f 1725/1629/1 1723/1627/1 1724/1628/1 1726/1630/1 
f 1727/1631/1 1725/1629/1 1726/1630/1 1728/1632/1 
f 1729/1633/1 1727/1631/1 1728/1632/1 1730/1634/1 
f 1731/1635/1 1729/1633/1 1730/1634/1 1732/1636/1 
f 1733/1637/1 1731/1635/1 1732/1636/1 1734/1638/1 
f 1735/1639/1 1733/1637/1 1734/1638/1 1736/1640/1 
f 1737/1641/1 1735/1639/1 1736/1640/1 1738/1642/1 
f 1739/1643/1 1737/1641/1 1738/1642/1 1740/1644/1 
f 1741/1645/1 1739/1643/1 1740/1644/1 1742/1646/1 
f 1743/1647/1 1741/1645/1 1742/1646/1 1744/1648/1 
f 1745/1649/1 1743/1647/1 1744/1648/1 1746/1650/1 
f 1747/1651/1 1745/1649/1 1746/1650/1 1748/1652/1 
f 1749/1653/1 1747/1651/1 1748/1652/1 1750/1654/1 
f 1751/1655/1 1749/1653/1 1750/1654/1 1752/1656/1 
f 1753/1657/1 1751/1655/1 1752/1656/1 1754/1658/1 
f 1755/1659/1 1753/1657/1 1754/1658/1 1756/1660/1 
f 1757/1661/1 1755/1659/1 1756/1660/1 1758/1662/1 
f 1759/1663/1 1757/1661/1 1758/1662/1 1760/1664/1 
f 1761/1665/1 1759/1663/1 1760/1664/1 1762/1666/1 
f 1763/1667/1 1761/1665/1 1762/1666/1 1764/1668/1 
f 1765/1669/1 1763/1667/1 1764/1668/1 1766/1670/1 
f 1767/1671/1 1765/1669/1 1766/1670/1 1768/1672/1 
f 1769/1673/1 1767/1671/1 1768/1672/1 1770/1674/1 
f 1771/1675/1 1769/1673/1 1770/1674/1 1772/1676/1 
f 1773/1677/1 1771/1675/1 1772/1676/1 1774/1678/1 
f 1775/1679/1 1773/1677/1 1774/1678/1 1776/1680/1 
f 1777/1681/1 1775/1679/1 1776/1680/1 1778/1682/1 
f 1779/1683/1 1777/1681/1 1778/1682/1 1780/1684/1 
f 1781/1685/1 1779/1683/1 1780/1684/1 1782/1686/1 
f 1783/1687/1 1781/1685/1 1782/1686/1 1784/1688/1 
f 1785/1689/1 1783/1687/1 1784/1688/1 1786/1690/1 
f 1787/1691/1 1785/1689/1 1786/1690/1 1788/1692/1 
f 1789/1693/1 1787/1691/1 1788/1692/1 1790/1694/1 
f 1791/1695/1 1789/1693/1 1790/1694/1 1792/1696/1 
f 1793/1697/1 1791/1695/1 1792/1696/1 1794/1698/1 
f 1795/1699/1 1793/1697/1 1794/1698/1 1796/1700/1 
f 1797/1701/1 1795/1699/1 1796/1700/1 1798/1702/1 
f 1799/1703/1 1797/1701/1 1798/1702/1 1800/1704/1 
f 1801/1705/1 1799/1703/1 1800/1704/1 1802/1706/1 
f 1803/1707/1 1801/1705/1 1802/1706/1 1804/1708/1 
f 1805/1709/1 1803/1707/1 1804/1708/1 1806/1710/1 
f 1807/1711/1 1805/1709/1 1806/1710/1 1808/1712/1 
f 1809/1713/1 1807/1711/1 1808/1712/1 1810/1714/1 
f 1811/1715/1 1809/1713/1 1810/1714/1 1812/1716/1 
f 1813/1717/1 1811/1715/1 1812/1716/1 1814/1718/1 
f 1644/1548/1 1813/1717/1 1814/1718/1 1645/1549/1 
f 1815/1719/1 1816/1720/1 1817/1721/1 1818/1722/1 
f 1819/1723/1 1815/1719/1 1818/1722/1 1820/1724/1 
f 1821/1725/1 1819/1723/1 1820/1724/1 1822/1726/1 
f 1823/1727/1 1821/1725/1 1822/1726/1 1824/1728/1 
f 1825/1729/1 1823/1727/1 1824/1728/1 1826/1730/1 
f 1827/1731/1 1825/1729/1 1826/1730/1 1828/1732/1 
f 1829/1733/1 1827/1731/1 1828/1732/1 1830/1734/1 
f 1831/1735/1 1829/1733/1 1830/1734/1 1832/1736/1 
f 1833/1737/1 1831/1735/1 1832/1736/1 1834/1738/1 
f 1835/1739/1 1833/1737/1 1834/1738/1 1836/1740/1 
f 1837/1741/1 1835/1739/1 1836/1740/1 1838/1742/1 
f 1839/1743/1 1837/1741/1 1838/1742/1 1840/1744/1 
f 1841/1745/1 1839/1743/1 1840/1744/1 1842/1746/1 
f 1843/1747/1 1841/1745/1 1842/1746/1 1844/1748/1 
f 1845/1749/1 1843/1747/1 1844/1748/1 1846/1750/1 
f 1847/1751/1 1845/1749/1 1846/1750/1 1848/1752/1 
f 1849/1753/1 1847/1751/1 1848/1752/1 1850/1754/1 
f 1851/1755/1 1849/1753/1 1850/1754/1 1852/1756/1 
f 1853/1757/1 1851/1755/1 1852/1756/1 1854/1758/1 
f 1855/1759/1 1853/1757/1 1854/1758/1 1856/1760/1 
f 1857/1761/1 1855/1759/1 1856/1760/1 1858/1762/1 
f 1859/1763/1 1857/1761/1 1858/1762/1 1860/1764/1 
f 1861/1765/1 1859/1763/1 1860/1764/1 1862/1766/1 
f 1863/1767/1 1861/1765/1 1862/1766/1 1864/1768/1 
f 1865/1769/1 1863/1767/1 1864/1768/1 1866/1770/1 
f 1867/1771/1 1865/1769/1 1866/1770/1 1868/1772/1 
f 1869/1773/1 1867/1771/1 1868/1772/1 1870/1774/1 
f 1871/1775/1 1869/1773/1 1870/1774/1 1872/1776/1 
f 1873/1777/1 1871/1775/1 1872/1776/1 1874/1778/1 
f 1875/1779/1 1873/1777/1 1874/1778/1 1876/1780/1 
f 1877/1781/1 1875/1779/1 1876/1780/1 1878/1782/1 
f 1879/1783/1 1877/1781/1 1878/1782/1 1880/1784/1 
f 1881/1785/1 1879/1783/1 1880/1784/1 1882/1786/1 
f 1883/1787/1 1881/1785/1 1882/1786/1 1884/1788/1 
f 1885/1789/1 1883/1787/1 1884/1788/1 1886/1790/1 
f 1887/1791/1 1885/1789/1 1886/1790/1 1888/1792/1 
f 1889/1793/1 1887/1791/1 1888/1792/1 1890/1794/1 
f 1891/1795/1 1889/1793/1 1890/1794/1 1892/1796/1 
f 1893/1797/1 1891/1795/1 1892/1796/1 1894/1798/1 
f 1895/1799/1 1893/1797/1 1894/1798/1 1896/1800/1 
f 1897/1801/1 1895/1799/1 1896/1800/1 1898/1802/1 
f 1899/1803/1 1897/1801/1 1898/1802/1 1900/1804/1 
f 1901/1805/1 1899/1803/1 1900/1804/1 1902/1806/1 
f 1903/1807/1 1901/1805/1 1902/1806/1 1904/1808/1 
f 1905/1809/1 1903/1807/1 1904/1808/1 1906/1810/1 
f 1907/1811/1 1905/1809/1 1906/1810/1 1908/1812/1 
f 1909/1813/1 1907/1811/1 1908/1812/1 1910/1814/1 
f 1911/1815/1 1909/1813/1 1910/1814/1 1912/1816/1 
f 1913/1817/1 1911/1815/1 1912/1816/1 1914/1818/1 
f 1915/1819/1 1913/1817/1 1914/1818/1 1916/1820/1 
f 1917/1821/1 1915/1819/1 1916/1820/1 1918/1822/1 
f 1919/1823/1 1917/1821/1 1918/1822/1 1920/1824/1 
f 1921/1825/1 1919/1823/1 1920/1824/1 1922/1826/1 
f 1923/1827/1 1921/1825/1 1922/1826/1 1924/1828/1 
f 1925/1829/1 1923/1827/1 1924/1828/1 1926/1830/1 
f 1927/1831/1 1925/1829/1 1926/1830/1 1928/1832/1 
f 1929/1833/1 1927/1831/1 1928/1832/1 1930/1834/1 
f 1816/1720/1 1929/1833/1 1930/1834/1 1817/1721/1 
f 1931/1835/1 1932/1836/1 1933/1837/1 1934/1838/1 
f 1935/1839/1 1931/1835/1 1934/1838/1 1936/1840/1 
f 1937/1841/1 1935/1839/1 1936/1840/1 1938/1842/1 
f 1939/1843/1 1937/1841/1 1938/1842/1 1940/1844/1 
f 1941/1845/1 1939/1843/1 1940/1844/1 1942/1846/1 
f 1943/1847/1 1941/1845/1 1942/1846/1 1944/1848/1 
f 1945/1849/1 1943/1847/1 1944/1848/1 1946/1850/1 
f 1947/1851/1 1945/1849/1 1946/1850/1 1948/1852/1 
f 1949/1853/1 1947/1851/1 1948/1852/1 1950/1854/1 
f 1951/1855/1 1949/1853/1 1950/1854/1 1952/1856/1 
f 1953/1857/1 1951/1855/1 1952/1856/1 1954/1858/1 
f 1955/1859/1 1953/1857/1 1954/1858/1 1956/1860/1 
f 1957/1861/1 1955/1859/1 1956/1860/1 1958/1862/1 
f 1959/1863/1 1957/1861/1 1958/1862/1 1960/1864/1 
f 1961/1865/1 1959/1863/1 1960/1864/1 1962/1866/1 
f 1963/1867/1 1961/1865/1 1962/1866/1 1964/1868/1 
f 1965/1869/1 1963/1867/1 1964/1868/1 1966/1870/1 
f 1967/1871/1 1965/1869/1 1966/1870/1 1968/1872/1 
f 1969/1873/1 1967/1871/1 1968/1872/1 1970/1874/1 
f 1971/1875/1 1969/1873/1 1970/1874/1 1972/1876/1 
f 1973/1877/1 1971/1875/1 1972/1876/1 1974/1878/1 
f 1975/1879/1 1973/1877/1 1974/1878/1 1976/1880/1 
f 1977/1881/1 1975/1879/1 1976/1880/1 1978/1882/1 
f 1979/1883/1 1977/1881/1 1978/1882/1 1980/1884/1 
f 1981/1885/1 1979/1883/1 1980/1884/1 1982/1886/1 
f 1983/1887/1 1981/1885/1 1982/1886/1 1984/1888/1 
f 1985/1889/1 1983/1887/1 1984/1888/1 1986/1890/1 
f 1987/1891/1 1985/1889/1 1986/1890/1 1988/1892/1 
f 1989/1893/1 1987/1891/1 1988/1892/1 1990/1894/1 
f 1991/1895/1 1989/1893/1 1990/1894/1 1992/1896/1 
f 1993/1897/1 1991/1895/1 1992/1896/1 1994/1898/1 
f 1995/1899/1 1993/1897/1 1994/1898/1 1996/1900/1 
f 1997/1901/1 1995/1899/1 1996/1900/1 1998/1902/1 
f 1999/1903/1 1997/1901/1 1998/1902/1 2000/1904/1 
f 2001/1905/1 1999/1903/1 2000/1904/1 2002/1906/1 
f 2003/1907/1 2001/1905/1 2002/1906/1 2004/1908/1 
f 1932/1836/1 2003/1907/1 2004/1908/1 1933/1837/1 
f 2005/1909/1 2006/1910/1 2007/1911/1 2008/1912/1 
f 2009/1913/1 2005/1909/1 2008/1912/1 2010/1914/1 
f 2011/1915/1 2009/1913/1 2010/1914/1 2012/1916/1 
f 2013/1917/1 2011/1915/1 2012/1916/1 2014/1918/1 
f 2015/1919/1 2013/1917/1 2014/1918/1 2016/1920/1 
f 2017/1921/1 2015/1919/1 2016/1920/1 2018/1922/1 
f 2019/1923/1 2017/1921/1 2018/1922/1 2020/1924/1 
f 2021/1925/1 2019/1923/1 2020/1924/1 2022/1926/1 
f 2023/1927/1 2021/1925/1 2022/1926/1 2024/1928/1 
f 2025/1929/1 2023/1927/1 2024/1928/1 2026/1930/1 
f 2027/1931/1 2025/1929/1 2026/1930/1 2028/1932/1 
f 2029/1933/1 2027/1931/1 2028/1932/1 2030/1934/1 
f 2031/1935/1 2029/1933/1 2030/1934/1 2032/1936/1 
f 2033/1937/1 2031/1935/1 2032/1936/1 2034/1938/1 
f 2035/1939/1 2033/1937/1 2034/1938/1 2036/1940/1 
f 2037/1941/1 2035/1939/1 2036/1940/1 2038/1942/1 
f 2039/1943/1 2037/1941/1 2038/1942/1 2040/1944/1 
f 2041/1945/1 2039/1943/1 2040/1944/1 2042/1946/1 
f 2043/1947/1 2041/1945/1 2042/1946/1 2044/1948/1 
f 2045/1949/1 2043/1947/1 2044/1948/1 2046/1950/1 
f 2047/1951/1 2045/1949/1 2046/1950/1 2048/1952/1 
f 2049/1953/1 2047/1951/1 2048/1952/1 2050/1954/1 
f 2051/1955/1 2049/1953/1 2050/1954/1 2052/1956/1 
f 2053/1957/1 2051/1955/1 2052/1956/1 2054/1958/1 
f 2055/1959/1 2053/1957/1 2054/1958/1 2056/1960/1 
f 2057/1961/1 2055/1959/1 2056/1960/1 2058/1962/1 
f 2059/1963/1 2057/1961/1 2058/1962/1 2060/1964/1 
f 2061/1964/1 2059/1963/1 2060/1964/1 2062/1965/1 
f 2063/1966/1 2061/1964/1 2062/1965/1 2064/1967/1 
f 2065/1968/1 2063/1966/1 2064/1967/1 2066/1969/1 
f 2006/1910/1 2065/1968/1 2066/1969/1 2007/1911/1 
f 2067/1970/1 2068/1971/1 2069/1972/1 2070/1973/1 
f 2071/1974/1 2067/1970/1 2070/1973/1 2072/1975/1 
f 2073/1976/1 2071/1974/1 2072/1975/1 2074/1977/1 
f 2075/1978/1 2073/1976/1 2074/1977/1 2076/1979/1 
f 2077/1980/1 2075/1978/1 2076/1979/1 2078/1981/1 
f 2079/1982/1 2077/1980/1 2078/1981/1 2080/1983/1 
f 2081/1984/1 2079/1982/1 2080/1983/1 2082/1985/1 
f 2083/1986/1 2081/1984/1 2082/1985/1 2084/1987/1 
f 2085/1988/1 2083/1986/1 2084/1987/1 2086/1989/1 
f 2068/1971/1 2085/1988/1 2086/1989/1 2069/1972/1 
f 2087/1990/1 2088/1991/1 2089/1992/1 2090/1993/1 
f 2091/1994/1 2087/1990/1 2090/1993/1 2092/1995/1 
f 2093/1996/1 2091/1994/1 2092/1995/1 2094/1997/1 
f 2095/1998/1 2093/1996/1 2094/1997/1 2096/1999/1 
f 2097/2000/1 2095/1998/1 2096/1999/1 2098/2001/1 
f 2099/2002/1 2097/2000/1 2098/2001/1 2100/2003/1 
f 2101/2004/1 2099/2002/1 2100/2003/1 2102/2005/1 
f 2103/2006/1 2101/2004/1 2102/2005/1 2104/2007/1 
f 2105/2008/1 2103/2006/1 2104/2007/1 2106/2009/1 
f 2107/2010/1 2105/2008/1 2106/2009/1 2108/2011/1 
f 2109/2012/1 2107/2010/1 2108/2011/1 2110/2013/1 
f 2111/2014/1 2109/2012/1 2110/2013/1 2112/2015/1 
f 2113/2016/1 2111/2014/1 2112/2015/1 2114/2017/1 
f 2115/2018/1 2113/2016/1 2114/2017/1 2116/2014/1 
f 2117/2019/1 2115/2018/1 2116/2014/1 2118/2020/1 
f 2119/2021/1 2117/2019/1 2118/2020/1 2120/2022/1 
f 2121/2023/1 2119/2021/1 2120/2022/1 2122/2024/1 
f 2123/2025/1 2121/2023/1 2122/2024/1 2124/2026/1 
f 2125/2027/1 2123/2025/1 2124/2026/1 2126/2028/1 
f 2127/2029/1 2125/2027/1 2126/2028/1 2128/2030/1 
f 2129/2031/1 2127/2029/1 2128/2030/1 2130/2032/1 
f 2131/2033/1 2129/2031/1 2130/2032/1 2132/2034/1 
f 2133/2035/1 2131/2033/1 2132/2034/1 2134/2036/1 
f 2135/2037/1 2133/2035/1 2134/2036/1 2136/2038/1 
f 2137/2039/1 2135/2037/1 2136/2038/1 2138/2040/1 
f 2139/2041/1 2137/2039/1 2138/2040/1 2140/2042/1 
f 2141/2043/1 2139/2041/1 2140/2042/1 2142/2044/1 
f 2143/2045/1 2141/2043/1 2142/2044/1 2144/2046/1 
f 2145/2047/1 2143/2045/1 2144/2046/1 2146/2048/1 
f 2147/2049/1 2145/2047/1 2146/2048/1 2148/2050/1 
f 2149/2051/1 2147/2049/1 2148/2050/1 2150/2052/1 
f 2151/2053/1 2149/2051/1 2150/2052/1 2152/2054/1 
f 2153/2055/1 2151/2053/1 2152/2054/1 2154/2056/1 
f 2155/2057/1 2153/2055/1 2154/2056/1 2156/2058/1 
f 2157/2059/1 2155/2057/1 2156/2058/1 2158/2060/1 
f 2159/2061/1 2157/2059/1 2158/2060/1 2160/2062/1 
f 2161/2063/1 2159/2061/1 2160/2062/1 2162/2064/1 
f 2163/2065/1 2161/2063/1 2162/2064/1 2164/2066/1 
f 2165/2067/1 2163/2065/1 2164/2066/1 2166/2068/1 
f 2167/2069/1 2165/2067/1 2166/2068/1 2168/2070/1 
f 2169/2071/1 2167/2069/1 2168/2070/1 2170/2072/1 
f 2171/2070/1 2169/2071/1 2170/2072/1 2172/2073/1 
f 2173/2074/1 2171/2070/1 2172/2073/1 2174/2075/1 
f 2175/2076/1 2173/2074/1 2174/2075/1 2176/2077/1 
f 2177/2078/1 2175/2076/1 2176/2077/1 2178/2079/1 
f 2179/2080/1 2177/2078/1 2178/2079/1 2180/2081/1 
f 2181/2082/1 2179/2080/1 2180/2081/1 2182/2083/1 
f 2183/2084/1 2181/2082/1 2182/2083/1 2184/2085/1 
f 2185/2086/1 2183/2084/1 2184/2085/1 2186/2087/1 
f 2187/2088/1 2185/2086/1 2186/2087/1 2188/2089/1 
f 2189/2090/1 2187/2088/1 2188/2089/1 2190/2091/1 
f 2191/2092/1 2189/2090/1 2190/2091/1 2192/2093/1 
f 2193/2094/1 2191/2092/1 2192/2093/1 2194/2095/1 
f 2195/2096/1 2193/2094/1 2194/2095/1 2196/2097/1 
f 2197/2098/1 2195/2096/1 2196/2097/1 2198/2099/1 
f 2088/1991/1 2197/2098/1 2198/2099/1 2089/1992/1 
f 2199/2100/1 2200/2101/1 2201/2102/1 2202/2103/1 
f 2203/2104/1 2199/2100/1 2202/2103/1 2204/2105/1 
f 2205/2106/1 2203/2104/1 2204/2105/1 2206/2107/1 
f 2207/2108/1 2205/2106/1 2206/2107/1 2208/2109/1 
f 2209/2110/1 2207/2108/1 2208/2109/1 2210/2111/1 
f 2211/2112/1 2209/2110/1 2210/2111/1 2212/2113/1 
f 2213/2114/1 2211/2112/1 2212/2113/1 2214/2115/1 
f 2215/2116/1 2213/2114/1 2214/2115/1 2216/2117/1 
f 2217/2118/1 2215/2116/1 2216/2117/1 2218/2119/1 
f 2219/2120/1 2217/2118/1 2218/2119/1 2220/2121/1 
f 2221/2122/1 2219/2120/1 2220/2121/1 2222/2123/1 
f 2223/2124/1 2221/2122/1 2222/2123/1 2224/2125/1 
f 2225/2125/1 2223/2124/1 2224/2125/1 2226/2126/1 
f 2227/2127/1 2225/2125/1 2226/2126/1 2228/2128/1 
f 2229/2128/1 2227/2127/1 2228/2128/1 2230/2129/1 
f 2231/2130/1 2229/2128/1 2230/2129/1 2232/2131/1 
f 2233/2132/1 2231/2130/1 2232/2131/1 2234/2133/1 
f 2235/2134/1 2233/2132/1 2234/2133/1 2236/2135/1 
f 2237/2136/1 2235/2134/1 2236/2135/1 2238/2137/1 
f 2239/2138/1 2237/2136/1 2238/2137/1 2240/2139/1 
f 2241/2140/1 2239/2138/1 2240/2139/1 2242/2141/1 
f 2243/2142/1 2241/2140/1 2242/2141/1 2244/2143/1 
f 2245/2144/1 2243/2142/1 2244/2143/1 2246/2145/1 
f 2247/2146/1 2245/2144/1 2246/2145/1 2248/2147/1 
f 2249/2148/1 2247/2146/1 2248/2147/1 2250/2149/1 
f 2251/2150/1 2249/2148/1 2250/2149/1 2252/2151/1 
f 2253/2152/1 2251/2150/1 2252/2151/1 2254/2153/1 
f 2255/2154/1 2253/2152/1 2254/2153/1 2256/2155/1 
f 2257/2156/1 2255/2154/1 2256/2155/1 2258/2157/1 
f 2259/2158/1 2257/2156/1 2258/2157/1 2260/2159/1 
f 2261/2160/1 2259/2158/1 2260/2159/1 2262/2161/1 
f 2263/2162/1 2261/2160/1 2262/2161/1 2264/2163/1 
f 2265/2164/1 2263/2162/1 2264/2163/1 2266/2165/1 
f 2267/2166/1 2265/2164/1 2266/2165/1 2268/2167/1 
f 2269/2168/1 2267/2166/1 2268/2167/1 2270/2169/1 
f 2271/2170/1 2269/2168/1 2270/2169/1 2272/2171/1 
f 2273/2172/1 2271/2170/1 2272/2171/1 2274/2173/1 
f 2275/2174/1 2273/2172/1 2274/2173/1 2276/2175/1 
f 2277/2176/1 2275/2174/1 2276/2175/1 2278/2177/1 
f 2279/2178/1 2277/2176/1 2278/2177/1 2280/2179/1 
f 2281/2180/1 2279/2178/1 2280/2179/1 2282/2181/1 
f 2283/2182/1 2281/2180/1 2282/2181/1 2284/2180/1 
f 2285/2183/1 2283/2182/1 2284/2180/1 2286/2184/1 
f 2287/2185/1 2285/2183/1 2286/2184/1 2288/2186/1 
f 2289/2187/1 2287/2185/1 2288/2186/1 2290/2185/1 
f 2291/2188/1 2289/2187/1 2290/2185/1 2292/2189/1 
f 2293/2190/1 2291/2188/1 2292/2189/1 2294/2191/1 
f 2295/2192/1 2293/2190/1 2294/2191/1 2296/2193/1 
f 2297/2194/1 2295/2192/1 2296/2193/1 2298/2195/1 
f 2299/2196/1 2297/2194/1 2298/2195/1 2300/2197/1 
f 2301/2198/1 2299/2196/1 2300/2197/1 2302/2199/1 
f 2303/2200/1 2301/2198/1 2302/2199/1 2304/2201/1 
f 2305/2202/1 2303/2200/1 2304/2201/1 2306/2203/1 
f 2307/2204/1 2305/2202/1 2306/2203/1 2308/2205/1 
f 2309/2206/1 2307/2204/1 2308/2205/1 2310/2207/1 
f 2311/2208/1 2309/2206/1 2310/2207/1 2312/2209/1 
f 2313/2210/1 2311/2208/1 2312/2209/1 2314/2211/1 
f 2315/2212/1 2313/2210/1 2314/2211/1 2316/2213/1 
f 2317/2214/1 2315/2212/1 2316/2213/1 2318/2215/1 
f 2319/2216/1 2317/2214/1 2318/2215/1 2320/2217/1 
f 2321/2218/1 2319/2216/1 2320/2217/1 2322/2219/1 
f 2323/2220/1 2321/2218/1 2322/2219/1 2324/2221/1 
f 2325/2222/1 2323/2220/1 2324/2221/1 2326/2223/1 
f 2327/2224/1 2325/2222/1 2326/2223/1 2328/2225/1 
f 2329/2226/1 2327/2224/1 2328/2225/1 2330/2227/1 
f 2331/2228/1 2329/2226/1 2330/2227/1 2332/2229/1 
f 2333/2230/1 2331/2228/1 2332/2229/1 2334/2231/1 
f 2335/2232/1 2333/2230/1 2334/2231/1 2336/2233/1 
f 2337/2234/1 2335/2232/1 2336/2233/1 2338/2235/1 
f 2339/2236/1 2337/2234/1 2338/2235/1 2340/2237/1 
f 2341/2238/1 2339/2236/1 2340/2237/1 2342/2239/1 
f 2343/2240/1 2341/2238/1 2342/2239/1 2344/2241/1 
f 2345/2242/1 2343/2240/1 2344/2241/1 2346/2243/1 
f 2347/2244/1 2345/2242/1 2346/2243/1 2348/2245/1 
f 2349/2246/1 2347/2244/1 2348/2245/1 2350/2247/1 
f 2351/2248/1 2349/2246/1 2350/2247/1 2352/2249/1 
f 2353/2250/1 2351/2248/1 2352/2249/1 2354/2251/1 
f 2355/2252/1 2353/2250/1 2354/2251/1 2356/2253/1 
f 2357/2254/1 2355/2252/1 2356/2253/1 2358/2255/1 
f 2359/2256/1 2357/2254/1 2358/2255/1 2360/2257/1 
f 2361/2258/1 2359/2256/1 2360/2257/1 2362/2259/1 
f 2363/2260/1 2361/2258/1 2362/2259/1 2364/2261/1 
f 2365/2262/1 2363/2260/1 2364/2261/1 2366/2263/1 
f 2367/2264/1 2365/2262/1 2366/2263/1 2368/2265/1 
f 2369/2266/1 2367/2264/1 2368/2265/1 2370/2267/1 
f 2371/2268/1 2369/2266/1 2370/2267/1 2372/2269/1 
f 2373/2270/1 2371/2268/1 2372/2269/1 2374/2271/1 
f 2375/2272/1 2373/2270/1 2374/2271/1 2376/2273/1 
f 2377/2274/1 2375/2272/1 2376/2273/1 2378/2275/1 
f 2379/2276/1 2377/2274/1 2378/2275/1 2380/2277/1 
f 2381/2278/1 2379/2276/1 2380/2277/1 2382/2279/1 
f 2383/2280/1 2381/2278/1 2382/2279/1 2384/2281/1 
f 2385/2282/1 2383/2280/1 2384/2281/1 2386/2283/1 
f 2387/2284/1 2385/2282/1 2386/2283/1 2388/2285/1 
f 2389/2286/1 2387/2284/1 2388/2285/1 2390/2287/1 
f 2391/2288/1 2389/2286/1 2390/2287/1 2392/2289/1 
f 2393/2290/1 2391/2288/1 2392/2289/1 2394/2291/1 
f 2395/2292/1 2393/2290/1 2394/2291/1 2396/2293/1 
f 2397/2294/1 2395/2292/1 2396/2293/1 2398/2295/1 
f 2399/2296/1 2397/2294/1 2398/2295/1 2400/2297/1 
f 2401/2298/1 2399/2296/1 2400/2297/1 2402/2299/1 
f 2403/2300/1 2401/2298/1 2402/2299/1 2404/2301/1 
f 2405/2302/1 2403/2300/1 2404/2301/1 2406/2303/1 
f 2407/2304/1 2405/2302/1 2406/2303/1 2408/2305/1 
f 2409/2306/1 2407/2304/1 2408/2305/1 2410/2307/1 
f 2411/2308/1 2409/2306/1 2410/2307/1 2412/2309/1 
f 2413/2310/1 2411/2308/1 2412/2309/1 2414/2311/1 
f 2415/2312/1 2413/2310/1 2414/2311/1 2416/2313/1 
f 2417/2314/1 2415/2312/1 2416/2313/1 2418/2315/1 
f 2419/2316/1 2417/2314/1 2418/2315/1 2420/2317/1 
f 2421/2318/1 2419/2316/1 2420/2317/1 2422/2319/1 
f 2423/2320/1 2421/2318/1 2422/2319/1 2424/2321/1 
f 2425/2322/1 2423/2320/1 2424/2321/1 2426/2323/1 
f 2427/2324/1 2425/2322/1 2426/2323/1 2428/2325/1 
f 2429/2326/1 2427/2324/1 2428/2325/1 2430/2327/1 
f 2431/2328/1 2429/2326/1 2430/2327/1 2432/2329/1 
f 2433/2330/1 2431/2328/1 2432/2329/1 2434/2331/1 
f 2435/2332/1 2433/2330/1 2434/2331/1 2436/2333/1 
f 2437/2334/1 2435/2332/1 2436/2333/1 2438/2335/1 
f 2439/2336/1 2437/2334/1 2438/2335/1 2440/2337/1 
f 2441/2338/1 2439/2336/1 2440/2337/1 2442/2339/1 
f 2443/2340/1 2441/2338/1 2442/2339/1 2444/2341/1 
f 2200/2101/1 2443/2340/1 2444/2341/1 2201/2102/1 
f 2445/2342/1 2446/2343/1 2447/2344/1 2448/2345/1 
f 2449/2346/1 2445/2342/1 2448/2345/1 2450/2347/1 
f 2451/2348/1 2449/2346/1 2450/2347/1 2452/2349/1 
f 2453/2350/1 2451/2348/1 2452/2349/1 2454/2351/1 
f 2455/2352/1 2453/2350/1 2454/2351/1 2456/2353/1 
f 2457/2354/1 2455/2352/1 2456/2353/1 2458/2355/1 
f 2459/2356/1 2457/2354/1 2458/2355/1 2460/2357/1 
f 2461/2358/1 2459/2356/1 2460/2357/1 2462/2359/1 
f 2463/2360/1 2461/2358/1 2462/2359/1 2464/2361/1 
f 2465/2362/1 2463/2360/1 2464/2361/1 2466/2363/1 
f 2467/2364/1 2465/2362/1 2466/2363/1 2468/2365/1 
f 2469/2366/1 2467/2364/1 2468/2365/1 2470/2367/1 
f 2471/2368/1 2469/2366/1 2470/2367/1 2472/2369/1 
f 2473/2370/1 2471/2368/1 2472/2369/1 2474/2371/1 
f 2475/2372/1 2473/2370/1 2474/2371/1 2476/2373/1 
f 2477/2374/1 2475/2372/1 2476/2373/1 2478/2375/1 
f 2479/2376/1 2477/2374/1 2478/2375/1 2480/2377/1 
f 2481/2378/1 2479/2376/1 2480/2377/1 2482/2379/1 
f 2483/2380/1 2481/2378/1 2482/2379/1 2484/2381/1 
f 2485/2382/1 2483/2380/1 2484/2381/1 2486/2383/1 
f 2487/2383/1 2485/2382/1 2486/2383/1 2488/2384/1 
f 2489/2385/1 2487/2383/1 2488/2384/1 2490/2386/1 
f 2491/2387/1 2489/2385/1 2490/2386/1 2492/2388/1 
f 2493/2389/1 2491/2387/1 2492/2388/1 2494/2390/1 
f 2495/2391/1 2493/2389/1 2494/2390/1 2496/2392/1 
f 2497/2393/1 2495/2391/1 2496/2392/1 2498/2394/1 
f 2499/2395/1 2497/2393/1 2498/2394/1 2500/2396/1 
f 2501/2397/1 2499/2395/1 2500/2396/1 2502/2398/1 
f 2503/2399/1 2501/2397/1 2502/2398/1 2504/2400/1 
f 2505/2401/1 2503/2399/1 2504/2400/1 2506/2402/1 
f 2507/2403/1 2505/2401/1 2506/2402/1 2508/2404/1 
f 2509/2405/1 2507/2403/1 2508/2404/1 2510/2406/1 
f 2511/2407/1 2509/2405/1 2510/2406/1 2512/2408/1 
f 2513/2409/1 2511/2407/1 2512/2408/1 2514/2410/1 
f 2515/2411/1 2513/2409/1 2514/2410/1 2516/2412/1 
f 2517/2413/1 2515/2411/1 2516/2412/1 2518/2414/1 
f 2519/2415/1 2517/2413/1 2518/2414/1 2520/2416/1 
f 2521/2417/1 2519/2415/1 2520/2416/1 2522/2418/1 
f 2523/2419/1 2521/2417/1 2522/2418/1 2524/2420/1 
f 2525/2421/1 2523/2419/1 2524/2420/1 2526/2422/1 
f 2527/2423/1 2525/2421/1 2526/2422/1 2528/2424/1 
f 2529/2425/1 2527/2423/1 2528/2424/1 2530/2426/1 
f 2531/2427/1 2529/2425/1 2530/2426/1 2532/2428/1 
f 2533/2429/1 2531/2427/1 2532/2428/1 2534/2430/1 
f 2535/2431/1 2533/2429/1 2534/2430/1 2536/2432/1 
f 2537/2433/1 2535/2431/1 2536/2432/1 2538/2434/1 
f 2539/2435/1 2537/2433/1 2538/2434/1 2540/2436/1 
f 2541/2437/1 2539/2435/1 2540/2436/1 2542/2438/1 
f 2543/2439/1 2541/2437/1 2542/2438/1 2544/2440/1 
f 2545/2441/1 2543/2439/1 2544/2440/1 2546/2442/1 
f 2547/2443/1 2545/2441/1 2546/2442/1 2548/2444/1 
f 2549/2445/1 2547/2443/1 2548/2444/1 2550/2446/1 
f 2551/2447/1 2549/2445/1 2550/2446/1 2552/2448/1 
f 2553/2449/1 2551/2447/1 2552/2448/1 2554/2450/1 
f 2555/2451/1 2553/2449/1 2554/2450/1 2556/2452/1 
f 2557/2453/1 2555/2451/1 2556/2452/1 2558/2454/1 
f 2559/2455/1 2557/2453/1 2558/2454/1 2560/2456/1 
f 2561/2457/1 2559/2455/1 2560/2456/1 2562/2458/1 
f 2563/2459/1 2561/2457/1 2562/2458/1 2564/2460/1 
f 2565/2461/1 2563/2459/1 2564/2460/1 2566/2462/1 
f 2567/2463/1 2565/2461/1 2566/2462/1 2568/2464/1 
f 2569/2465/1 2567/2463/1 2568/2464/1 2570/2466/1 
f 2571/2467/1 2569/2465/1 2570/2466/1 2572/2468/1 
f 2573/2469/1 2571/2467/1 2572/2468/1 2574/2470/1 
f 2575/2471/1 2573/2469/1 2574/2470/1 2576/2472/1 
f 2577/2473/1 2575/2471/1 2576/2472/1 2578/2471/1 
f 2579/2474/1 2577/2473/1 2578/2471/1 2580/2475/1 
f 2581/2476/1 2579/2474/1 2580/2475/1 2582/2477/1 
f 2583/2478/1 2581/2476/1 2582/2477/1 2584/2479/1 
f 2585/2480/1 2583/2478/1 2584/2479/1 2586/2481/1 
f 2587/2482/1 2585/2480/1 2586/2481/1 2588/2483/1 
f 2589/2484/1 2587/2482/1 2588/2483/1 2590/2485/1 
f 2591/2486/1 2589/2484/1 2590/2485/1 2592/2487/1 
f 2593/2488/1 2591/2486/1 2592/2487/1 2594/2489/1 
f 2595/2490/1 2593/2488/1 2594/2489/1 2596/2491/1 
f 2597/2492/1 2595/2490/1 2596/2491/1 2598/2493/1 
f 2599/2494/1 2597/2492/1 2598/2493/1 2600/2495/1 
f 2601/2496/1 2599/2494/1 2600/2495/1 2602/2497/1 
f 2603/2498/1 2601/2496/1 2602/2497/1 2604/2499/1 
f 2605/2500/1 2603/2498/1 2604/2499/1 2606/2501/1 
f 2607/2502/1 2605/2500/1 2606/2501/1 2608/2503/1 
f 2609/2504/1 2607/2502/1 2608/2503/1 2610/2505/1 
f 2611/2506/1 2609/2504/1 2610/2505/1 2612/2507/1 
f 2613/2508/1 2611/2506/1 2612/2507/1 2614/2509/1 
f 2615/2510/1 2613/2508/1 2614/2509/1 2616/2511/1 
f 2446/2343/1 2615/2510/1 2616/2511/1 2447/2344/1 
f 2617/2512/1 2618/2513/1 2619/2514/1 2620/2515/1 
f 2621/2516/1 2617/2512/1 2620/2515/1 2622/2517/1 
f 2623/2518/1 2621/2516/1 2622/2517/1 2624/2519/1 
f 2625/2520/1 2623/2518/1 2624/2519/1 2626/2521/1 
f 2627/2522/1 2625/2520/1 2626/2521/1 2628/2523/1 
f 2629/2524/1 2627/2522/1 2628/2523/1 2630/2525/1 
f 2631/2526/1 2629/2524/1 2630/2525/1 2632/2527/1 
f 2633/2528/1 2631/2526/1 2632/2527/1 2634/2529/1 
f 2635/2530/1 2633/2528/1 2634/2529/1 2636/2531/1 
f 2637/2532/1 2635/2530/1 2636/2531/1 2638/2533/1 
f 2639/2534/1 2637/2532/1 2638/2533/1 2640/2535/1 
f 2641/2536/1 2639/2534/1 2640/2535/1 2642/2537/1 
f 2643/2538/1 2641/2536/1 2642/2537/1 2644/2539/1 
f 2645/2539/1 2643/2538/1 2644/2539/1 2646/2540/1 
f 2647/2540/1 2645/2539/1 2646/2540/1 2648/2541/1 
f 2649/2542/1 2647/2540/1 2648/2541/1 2650/2543/1 
f 2651/2544/1 2649/2542/1 2650/2543/1 2652/2545/1 
f 2653/2546/1 2651/2544/1 2652/2545/1 2654/2547/1 
f 2655/2548/1 2653/2546/1 2654/2547/1 2656/2549/1 
f 2657/2550/1 2655/2548/1 2656/2549/1 2658/2551/1 
f 2659/2552/1 2657/2550/1 2658/2551/1 2660/2553/1 
f 2661/2554/1 2659/2552/1 2660/2553/1 2662/2555/1 
f 2663/2556/1 2661/2554/1 2662/2555/1 2664/2557/1 
f 2665/2558/1 2663/2556/1 2664/2557/1 2666/2559/1 
f 2667/2560/1 2665/2558/1 2666/2559/1 2668/2561/1 
f 2669/2562/1 2667/2560/1 2668/2561/1 2670/2563/1 
f 2671/2564/1 2669/2562/1 2670/2563/1 2672/2565/1 
f 2673/2566/1 2671/2564/1 2672/2565/1 2674/2567/1 
f 2675/2568/1 2673/2566/1 2674/2567/1 2676/2569/1 
f 2677/2570/1 2675/2568/1 2676/2569/1 2678/2571/1 
f 2679/2572/1 2677/2570/1 2678/2571/1 2680/2573/1 
f 2681/2574/1 2679/2572/1 2680/2573/1 2682/2575/1 
f 2683/2576/1 2681/2574/1 2682/2575/1 2684/2577/1 
f 2685/2578/1 2683/2576/1 2684/2577/1 2686/2579/1 
f 2687/2580/1 2685/2578/1 2686/2579/1 2688/2581/1 
f 2689/2582/1 2687/2580/1 2688/2581/1 2690/2583/1 
f 2691/2584/1 2689/2582/1 2690/2583/1 2692/2585/1 
f 2693/2586/1 2691/2584/1 2692/2585/1 2694/2587/1 
f 2695/2588/1 2693/2586/1 2694/2587/1 2696/2589/1 
f 2697/2590/1 2695/2588/1 2696/2589/1 2698/2591/1 
f 2699/2592/1 2697/2590/1 2698/2591/1 2700/2593/1 
f 2701/2594/1 2699/2592/1 2700/2593/1 2702/2595/1 
f 2703/2596/1 2701/2594/1 2702/2595/1 2704/2594/1 
f 2705/2597/1 2703/2596/1 2704/2594/1 2706/2598/1 
f 2707/2599/1 2705/2597/1 2706/2598/1 2708/2600/1 
f 2709/2601/1 2707/2599/1 2708/2600/1 2710/2602/1 
f 2711/2603/1 2709/2601/1 2710/2602/1 2712/2604/1 
f 2713/2605/1 2711/2603/1 2712/2604/1 2714/2606/1 
f 2715/2607/1 2713/2605/1 2714/2606/1 2716/2608/1 
f 2717/2609/1 2715/2607/1 2716/2608/1 2718/2610/1 
f 2719/2611/1 2717/2609/1 2718/2610/1 2720/2612/1 
f 2721/2613/1 2719/2611/1 2720/2612/1 2722/2614/1 
f 2723/2615/1 2721/2613/1 2722/2614/1 2724/2616/1 
f 2725/2617/1 2723/2615/1 2724/2616/1 2726/2618/1 
f 2727/2619/1 2725/2617/1 2726/2618/1 2728/2620/1 
f 2729/2621/1 2727/2619/1 2728/2620/1 2730/2622/1 
f 2731/2623/1 2729/2621/1 2730/2622/1 2732/2624/1 
f 2618/2513/1 2731/2623/1 2732/2624/1 2619/2514/1 
f 2733/2625/1 2734/2626/1 2735/2627/1 2736/2628/1 
f 2737/2629/1 2733/2625/1 2736/2628/1 2738/2630/1 
f 2739/2631/1 2737/2629/1 2738/2630/1 2740/2632/1 
f 2741/2633/1 2739/2631/1 2740/2632/1 2742/2634/1 
f 2743/2635/1 2741/2633/1 2742/2634/1 2744/2636/1 
f 2745/2637/1 2743/2635/1 2744/2636/1 2746/2638/1 
f 2747/2639/1 2745/2637/1 2746/2638/1 2748/2640/1 
f 2749/2641/1 2747/2639/1 2748/2640/1 2750/2642/1 
f 2751/2643/1 2749/2641/1 2750/2642/1 2752/2644/1 
f 2753/2645/1 2751/2643/1 2752/2644/1 2754/2646/1 
f 2755/2647/1 2753/2645/1 2754/2646/1 2756/2648/1 
f 2757/2649/1 2755/2647/1 2756/2648/1 2758/2650/1 
f 2759/2651/1 2757/2649/1 2758/2650/1 2760/2652/1 
f 2761/2653/1 2759/2651/1 2760/2652/1 2762/2654/1 
f 2734/2626/1 2761/2653/1 2762/2654/1 2735/2627/1 
f 230/230/1 228/228/1 226/226/1 224/224/1 
f 232/232/1 230/230/1 224/224/1 234/234/1 
f 234/234/1 224/224/1 222/222/1 236/236/1 
f 238/238/1 236/236/1 222/222/1 220/220/1 
f 240/240/1 238/238/1 220/220/1 242/242/1 
f 242/242/1 220/220/1 218/218/1 244/244/1 
f 246/246/1 244/244/1 218/218/1 216/216/1 
f 248/248/1 246/246/1 216/216/1 214/214/1 
f 250/250/1 248/248/1 214/214/1 252/252/1 
f 252/252/1 214/214/1 212/212/1 254/254/1 
f 256/256/1 254/254/1 212/212/1 210/210/1 
f 258/258/1 256/256/1 210/210/1 208/208/1 
f 260/260/1 258/258/1 208/208/1 206/206/1 
f 262/262/1 260/260/1 206/206/1 204/204/1 
f 264/264/1 262/262/1 204/204/1 266/266/1 
f 266/266/1 204/204/1 202/202/1 268/268/1 
f 268/268/1 202/202/1 200/200/1 270/270/1 
f 270/270/1 200/200/1 198/198/1 272/269/1 
f 272/269/1 198/198/1 196/196/1 274/273/1 
f 274/273/1 196/196/1 194/194/1 276/275/1 
f 276/275/1 194/194/1 192/192/1 278/277/1 
f 278/277/1 192/192/1 190/190/1 280/279/1 
f 280/279/1 190/190/1 188/188/1 282/281/1 
f 282/281/1 188/188/1 186/186/1 284/283/1 
f 284/283/1 186/186/1 184/184/1 286/285/1 
f 286/285/1 184/184/1 182/182/1 288/287/1 
f 290/289/1 288/287/1 182/182/1 180/180/1 
f 292/291/1 290/289/1 180/180/1 178/178/1 
f 294/293/1 292/291/1 178/178/1 296/295/1 
f 296/295/1 178/178/1 176/176/1 298/297/1 
f 300/299/1 298/297/1 176/176/1 174/174/1 
f 302/301/1 300/299/1 174/174/1 304/303/1 
f 306/305/1 304/303/1 174/174/1 172/172/1 
f 308/307/1 306/305/1 172/172/1 310/309/1 
f 310/309/1 172/172/1 170/170/1 312/311/1 
f 312/311/1 170/170/1 168/168/1 314/313/1 
f 314/313/1 168/168/1 166/166/1 316/315/1 
f 316/315/1 166/166/1 164/164/1 318/317/1 
f 320/319/1 318/317/1 164/164/1 162/162/1 
f 320/319/1 162/162/1 160/160/1 322/321/1 
f 322/321/1 160/160/1 158/158/1 324/323/1 
f 324/323/1 158/158/1 156/156/1 326/325/1 
f 326/325/1 156/156/1 154/154/1 328/327/1 
f 328/327/1 154/154/1 152/152/1 330/329/1 
f 330/329/1 152/152/1 150/150/1 332/331/1 
f 334/333/1 332/331/1 150/150/1 148/148/1 
f 336/335/1 334/333/1 148/148/1 146/146/1 
f 338/337/1 336/335/1 146/146/1 144/144/1 
f 340/339/1 338/337/1 144/144/1 142/142/1 
f 342/341/1 340/339/1 142/142/1 140/140/1 
f 344/343/1 342/341/1 140/140/1 346/345/1 
f 346/345/1 140/140/1 138/138/1 348/347/1 
f 348/347/1 138/138/1 136/136/1 350/349/1 
f 352/351/1 350/349/1 136/136/1 134/134/1 
f 354/353/1 352/351/1 134/134/1 132/132/1 
f 356/355/1 354/353/1 132/132/1 130/130/1 
f 358/357/1 356/355/1 130/130/1 128/128/1 
f 360/359/1 358/357/1 128/128/1 126/126/1 
f 360/359/1 126/126/1 124/124/1 362/361/1 
f 362/361/1 124/124/1 122/122/1 364/363/1 
f 364/363/1 122/122/1 120/120/1 118/118/1 
f 366/365/1 364/363/1 118/118/1 116/116/1 
f 368/367/1 366/365/1 116/116/1 114/114/1 
f 3/3/1 368/367/1 114/114/1 112/112/1 
f 4/4/1 3/3/1 112/112/1 110/110/1 
f 4/4/1 110/110/1 108/108/1 6/6/1 
f 6/6/1 108/108/1 106/106/1 8/8/1 
f 8/8/1 106/106/1 104/104/1 102/102/1 
f 10/10/1 8/8/1 102/102/1 100/100/1 
f 12/12/1 10/10/1 100/100/1 98/98/1 
f 14/14/1 12/12/1 98/98/1 96/96/1 
f 16/16/1 14/14/1 96/96/1 94/94/1 
f 18/18/1 16/16/1 94/94/1 92/92/1 
f 20/20/1 18/18/1 92/92/1 22/22/1 
f 22/22/1 92/92/1 90/90/1 24/24/1 
f 24/24/1 90/90/1 88/88/1 26/26/1 
f 28/28/1 26/26/1 88/88/1 86/86/1 
f 28/28/1 86/86/1 84/84/1 82/82/1 
f 30/30/1 28/28/1 82/82/1 80/80/1 
f 30/30/1 80/80/1 78/78/1 32/32/1 
f 32/32/1 78/78/1 76/76/1 74/74/1 
f 34/34/1 32/32/1 74/74/1 72/72/1 
f 34/34/1 72/72/1 70/70/1 68/68/1 
f 36/36/1 34/34/1 68/68/1 66/66/1 
f 36/36/1 66/66/1 64/64/1 62/62/1 
f 38/38/1 36/36/1 62/62/1 60/60/1 
f 38/38/1 60/60/1 58/58/1 56/56/1 
f 38/38/1 56/56/1 54/54/1 40/40/1 
f 40/40/1 54/54/1 52/52/1 50/50/1 
f 40/40/1 50/50/1 48/48/1 46/46/1 
f 42/42/1 40/40/1 46/46/1 44/44/1 
f 376/375/1 374/373/1 372/371/1 382/381/1 
f 371/370/1 384/383/1 382/381/1 372/371/1 
f 378/377/1 376/375/1 382/381/1 380/379/1 
f 406/405/2 404/403/3 400/399/4 398/397/5 
f 406/405/1 398/397/1 396/395/1 394/393/1 
f 403/402/1 406/405/1 394/393/1 392/391/1 
f 403/402/1 392/391/1 390/389/1 388/387/1 
f 387/386/1 400/399/1 404/403/1 388/387/1 
f 403/402/6 388/387/7 404/403/3 
f 464/463/8 532/531/9 612/608/10 610/606/11 
f 466/465/1 464/463/1 610/606/1 608/604/1 
f 468/467/1 466/465/1 608/604/1 470/469/1 
f 472/471/1 470/469/1 608/604/1 474/473/1 
f 474/473/1 608/604/1 606/602/1 476/475/1 
f 478/477/1 476/475/1 606/602/1 480/479/1 
f 482/481/1 480/479/1 606/602/1 484/483/1 
f 486/485/1 484/483/1 606/602/1 604/600/1 
f 488/487/1 486/485/1 604/600/1 490/489/1 
f 490/489/1 604/600/1 602/598/1 492/491/1 
f 492/491/1 602/598/1 600/596/1 494/493/1 
f 496/495/1 494/493/1 600/596/1 598/594/1 
f 498/497/1 496/495/1 598/594/1 596/592/1 
f 500/499/1 498/497/1 596/592/1 502/501/1 
f 502/501/1 596/592/1 594/590/1 504/503/1 
f 506/505/1 504/503/1 594/590/1 592/588/1 
f 508/507/1 506/505/1 592/588/1 590/586/1 
f 510/509/1 508/507/1 590/586/1 588/584/1 
f 512/511/1 510/509/1 588/584/1 586/582/1 
f 514/513/1 512/511/1 586/582/1 584/580/1 
f 514/513/1 584/580/1 582/578/1 516/515/1 
f 516/515/1 582/578/1 580/576/1 518/517/1 
f 518/517/1 580/576/1 578/575/1 576/574/1 
f 520/519/1 518/517/1 576/574/1 575/573/1 
f 522/521/1 520/519/1 575/573/1 620/616/1 
f 614/610/12 612/608/10 530/529/13 528/527/14 
f 616/612/1 614/610/1 528/527/1 527/526/1 
f 618/614/1 616/612/1 527/526/1 572/570/1 
f 620/616/1 618/614/1 572/570/1 522/521/1 
f 522/521/1 572/570/1 570/568/1 524/523/1 
f 524/523/1 570/568/1 568/564/1 409/408/1 
f 409/408/1 568/564/1 566/565/1 564/563/1 
f 409/408/1 564/563/1 562/561/1 560/559/1 
f 409/408/1 560/559/1 558/557/1 556/555/1 
f 409/408/1 556/555/1 554/553/1 410/409/1 
f 532/531/9 530/529/13 612/608/10 
f 534/533/1 532/531/1 464/463/1 462/461/1 
f 534/533/1 462/461/1 460/459/1 458/457/1 
f 536/535/1 534/533/1 458/457/1 456/455/1 
f 536/535/1 456/455/1 454/453/1 452/451/1 
f 536/535/1 452/451/1 450/449/1 448/447/1 
f 538/537/1 536/535/1 448/447/1 446/445/1 
f 538/537/1 446/445/1 444/443/1 442/441/1 
f 538/537/1 442/441/1 440/439/1 438/437/1 
f 540/539/1 538/537/1 438/437/1 436/435/1 
f 542/541/1 540/539/1 436/435/1 434/433/1 
f 544/543/1 542/541/1 434/433/1 432/431/1 
f 546/545/1 544/543/1 432/431/1 430/429/1 
f 548/547/1 546/545/1 430/429/1 428/427/1 
f 548/547/1 428/427/1 426/425/1 550/549/1 
f 550/549/1 426/425/1 424/423/1 552/551/1 
f 552/551/1 424/423/1 422/421/1 420/419/1 
f 554/553/1 552/551/1 420/419/1 418/417/1 
f 554/553/1 418/417/1 416/415/1 414/413/1 
f 554/553/1 414/413/1 412/411/1 410/409/1 
f 624/620/1 623/619/1 632/628/1 626/622/1 
f 628/624/1 626/622/1 632/628/1 630/626/1 
f 642/638/1 640/636/1 638/634/1 644/640/1 
f 644/640/1 638/634/1 636/632/1 654/650/1 
f 635/631/1 656/652/1 654/650/1 636/632/1 
f 644/640/1 654/650/1 652/648/1 646/642/1 
f 648/644/1 646/642/1 652/648/1 650/646/1 
f 712/708/15 710/706/16 754/750/17 752/748/18 
f 714/710/1 712/708/1 752/748/1 750/746/1 
f 716/712/1 714/710/1 750/746/1 748/744/1 
f 718/714/1 716/712/1 748/744/1 720/716/1 
f 720/716/1 748/744/1 746/742/1 722/718/1 
f 722/718/1 746/742/1 744/740/1 724/720/1 
f 724/720/1 744/740/1 742/738/1 726/722/1 
f 726/722/1 742/738/1 740/736/1 728/724/1 
f 728/724/1 740/736/1 739/735/1 730/726/1 
f 730/726/1 739/735/1 798/794/1 736/732/1 
f 754/750/1 710/706/1 708/704/1 756/752/1 
f 756/752/1 708/704/1 706/702/1 704/700/1 
f 758/754/1 756/752/1 704/700/1 702/698/1 
f 760/756/1 758/754/1 702/698/1 700/696/1 
f 760/756/1 700/696/1 698/694/1 762/758/1 
f 762/758/1 698/694/1 696/692/1 694/690/1 
f 764/760/1 762/758/1 694/690/1 692/688/1 
f 764/760/1 692/688/1 690/686/1 766/762/1 
f 766/762/1 690/686/1 688/684/1 768/764/1 
f 768/764/1 688/684/1 686/682/1 770/766/1 
f 770/766/1 686/682/1 684/680/1 772/768/1 
f 772/768/1 684/680/1 682/678/1 774/770/1 
f 774/770/1 682/678/1 680/676/1 678/674/1 
f 776/772/1 774/770/1 678/674/1 676/672/1 
f 778/774/1 776/772/1 676/672/1 674/670/1 
f 780/776/1 778/774/1 674/670/1 672/668/1 
f 782/778/1 780/776/1 672/668/1 670/666/1 
f 782/778/1 670/666/1 668/664/1 666/662/1 
f 782/778/1 666/662/1 664/660/1 662/658/1 
f 782/778/1 662/658/1 660/656/1 659/655/1 
f 784/780/1 782/778/1 659/655/1 786/782/1 
f 788/784/1 786/782/1 659/655/1 790/786/1 
f 792/788/1 790/786/1 659/655/1 794/790/1 
f 796/792/1 794/790/1 659/655/1 798/794/1 
f 798/794/19 659/655/20 736/732/21 
f 732/728/1 730/726/1 736/732/1 734/730/1 
f 870/866/1 868/864/1 866/862/1 864/860/1 
f 856/852/22 854/850/23 886/882/24 884/880/25 
f 856/852/1 884/880/1 882/878/1 858/854/1 
f 858/854/1 882/878/1 880/876/1 860/856/1 
f 860/856/1 880/876/1 878/874/1 876/872/1 
f 862/858/1 860/856/1 876/872/1 875/871/1 
f 864/860/1 862/858/1 875/871/1 934/930/1 
f 870/866/1 864/860/1 934/930/1 872/868/1 
f 872/868/1 934/930/1 932/928/1 930/926/1 
f 872/868/1 930/926/1 928/924/1 926/922/1 
f 872/868/1 926/922/1 924/920/1 922/918/1 
f 872/868/1 922/918/1 920/916/1 918/914/1 
f 872/868/1 918/914/1 916/912/1 914/910/1 
f 801/797/1 872/868/1 914/910/1 912/908/1 
f 801/797/1 912/908/1 910/906/1 908/904/1 
f 801/797/1 908/904/1 906/902/1 904/900/1 
f 888/884/1 886/882/1 854/850/1 852/848/1 
f 890/886/1 888/884/1 852/848/1 850/846/1 
f 892/888/1 890/886/1 850/846/1 848/844/1 
f 894/890/1 892/888/1 848/844/1 846/842/1 
f 894/890/1 846/842/1 844/840/1 896/892/1 
f 896/892/1 844/840/1 842/838/1 898/894/1 
f 898/894/1 842/838/1 840/836/1 838/834/1 
f 900/896/1 898/894/1 838/834/1 836/832/1 
f 902/898/1 900/896/1 836/832/1 834/830/1 
f 904/900/1 902/898/1 834/830/1 832/828/1 
f 904/900/1 832/828/1 830/826/1 828/824/1 
f 904/900/1 828/824/1 826/822/1 824/820/1 
f 904/900/1 824/820/1 822/818/1 820/816/1 
f 904/900/1 820/816/1 818/814/1 816/812/1 
f 904/900/1 816/812/1 814/810/1 812/808/1 
f 904/900/1 812/808/1 810/806/1 808/804/1 
f 904/900/1 808/804/1 806/802/1 801/797/1 
f 801/797/1 806/802/1 804/800/1 802/798/1 
f 1180/1165/26 1178/1163/27 1002/998/28 1000/996/29 
f 1180/1165/1 1000/996/1 998/994/1 1182/1167/1 
f 1182/1167/1 998/994/1 996/992/1 994/990/1 
f 1184/1169/1 1182/1167/1 994/990/1 992/988/1 
f 1186/1171/1 1184/1169/1 992/988/1 990/986/1 
f 1186/1171/1 990/986/1 988/984/1 1188/1173/1 
f 1188/1173/1 988/984/1 986/982/1 1190/1175/1 
f 1190/1175/1 986/982/1 984/980/1 982/978/1 
f 1192/1177/1 1190/1175/1 982/978/1 980/976/1 
f 1194/1179/1 1192/1177/1 980/976/1 978/974/1 
f 1194/1179/1 978/974/1 976/972/1 1196/1181/1 
f 1196/1181/1 976/972/1 974/970/1 1198/1183/1 
f 1198/1183/1 974/970/1 972/968/1 1200/1185/1 
f 1200/1185/1 972/968/1 970/966/1 968/964/1 
f 1202/1187/1 1200/1185/1 968/964/1 966/962/1 
f 1204/1188/1 1202/1187/1 966/962/1 964/960/1 
f 1204/1188/1 964/960/1 962/958/1 1206/1190/1 
f 1206/1190/1 962/958/1 960/956/1 958/954/1 
f 1208/1192/1 1206/1190/1 958/954/1 956/952/1 
f 1210/1194/1 1208/1192/1 956/952/1 954/950/1 
f 1210/1194/1 954/950/1 952/948/1 1212/1196/1 
f 1212/1196/1 952/948/1 950/946/1 1214/1198/1 
f 1214/1198/1 950/946/1 948/944/1 946/942/1 
f 1216/1199/1 1214/1198/1 946/942/1 944/940/1 
f 1218/1200/1 1216/1199/1 944/940/1 942/938/1 
f 1218/1200/1 942/938/1 940/936/1 1220/1202/1 
f 1220/1202/1 940/936/1 938/934/1 1222/1204/1 
f 1222/1204/1 938/934/1 937/933/1 1109/1099/1 
f 1004/1000/1 1002/998/1 1178/1163/1 1176/1161/1 
f 1006/1002/1 1004/1000/1 1176/1161/1 1174/1159/1 
f 1008/1004/1 1006/1002/1 1174/1159/1 1010/1006/1 
f 1010/1006/1 1174/1159/1 1172/1157/1 1012/1008/1 
f 1012/1008/1 1172/1157/1 1170/1155/1 1014/1010/1 
f 1016/1012/1 1014/1010/1 1170/1155/1 1168/1153/1 
f 1018/1014/1 1016/1012/1 1168/1153/1 1166/1151/1 
f 1020/1016/1 1018/1014/1 1166/1151/1 1164/1149/1 
f 1022/1018/1 1020/1016/1 1164/1149/1 1024/1020/1 
f 1024/1020/1 1164/1149/1 1162/1147/1 1026/1022/1 
f 1026/1022/1 1162/1147/1 1160/1145/1 1028/1024/1 
f 1028/1024/1 1160/1145/1 1158/1143/1 1030/1026/1 
f 1032/1028/1 1030/1026/1 1158/1143/1 1156/1141/1 
f 1034/1030/1 1032/1028/1 1156/1141/1 1154/1139/1 
f 1036/1032/1 1034/1030/1 1154/1139/1 1038/1034/1 
f 1038/1034/1 1154/1139/1 1152/1137/1 1040/1036/1 
f 1040/1036/1 1152/1137/1 1150/1135/1 1042/1038/1 
f 1044/1040/1 1042/1038/1 1150/1135/1 1148/1133/1 
f 1046/1042/1 1044/1040/1 1148/1133/1 1048/1044/1 
f 1048/1044/1 1148/1133/1 1146/1131/1 1050/1046/1 
f 1050/1046/1 1146/1131/1 1144/1129/1 1052/1048/1 
f 1054/1050/1 1052/1048/1 1144/1129/1 1142/1127/1 
f 1056/1052/1 1054/1050/1 1142/1127/1 1140/1125/1 
f 1058/1054/1 1056/1052/1 1140/1125/1 1060/1056/1 
f 1060/1056/1 1140/1125/1 1138/1123/1 1062/1057/1 
f 1062/1057/1 1138/1123/1 1136/1122/1 1064/1058/1 
f 1066/1059/1 1064/1058/1 1136/1122/1 1134/1121/1 
f 1068/1061/1 1066/1059/1 1134/1121/1 1132/1119/1 
f 1070/1063/1 1068/1061/1 1132/1119/1 1130/1117/1 
f 1072/1065/1 1070/1063/1 1130/1117/1 1074/1067/1 
f 1074/1067/1 1130/1117/1 1128/1115/1 1076/1069/1 
f 1076/1069/1 1128/1115/1 1126/1113/1 1078/1070/1 
f 1080/1072/1 1078/1070/1 1126/1113/1 1124/1112/1 
f 1082/1074/1 1080/1072/1 1124/1112/1 1084/1076/1 
f 1084/1076/1 1124/1112/1 1122/1110/1 1086/1078/1 
f 1086/1078/1 1122/1110/1 1120/1108/1 1088/1080/1 
f 1090/1082/1 1088/1080/1 1120/1108/1 1118/1106/1 
f 1092/1084/1 1090/1082/1 1118/1106/1 1116/1104/1 
f 1094/1085/1 1092/1084/1 1116/1104/1 1096/1086/1 
f 1096/1086/1 1116/1104/1 1114/1102/1 1098/1088/1 
f 1098/1088/1 1114/1102/1 1112/1101/1 1100/1090/1 
f 1102/1092/1 1100/1090/1 1112/1101/1 1110/1100/1 
f 1104/1094/1 1102/1092/1 1110/1100/1 1109/1099/1 
f 1106/1096/1 1104/1094/1 1109/1099/1 937/933/1 
f 1284/1245/1 1282/1243/1 1280/1241/1 1278/1240/1 
f 1286/1247/1 1284/1245/1 1278/1240/1 1276/1239/1 
f 1288/1248/1 1286/1247/1 1276/1239/1 1274/1238/1 
f 1290/1250/1 1288/1248/1 1274/1238/1 1272/1237/1 
f 1292/1251/1 1290/1250/1 1272/1237/1 1270/1235/1 
f 1294/1253/1 1292/1251/1 1270/1235/1 1268/1233/1 
f 1296/1255/1 1294/1253/1 1268/1233/1 1298/1256/1 
f 1298/1256/1 1268/1233/1 1266/1231/1 1300/1257/1 
f 1300/1257/1 1266/1231/1 1264/1230/1 1302/1259/1 
f 1302/1259/1 1264/1230/1 1262/1228/1 1304/1261/1 
f 1304/1261/1 1262/1228/1 1260/1226/1 1306/1262/1 
f 1306/1262/1 1260/1226/1 1258/1225/1 1308/1263/1 
f 1308/1263/1 1258/1225/1 1256/1224/1 1254/1223/1 
f 1310/1264/1 1308/1263/1 1254/1223/1 1252/1221/1 
f 1312/1266/1 1310/1264/1 1252/1221/1 1250/1220/1 
f 1314/1267/1 1312/1266/1 1250/1220/1 1248/1218/1 
f 1316/1268/1 1314/1267/1 1248/1218/1 1246/1217/1 
f 1318/1270/1 1316/1268/1 1246/1217/1 1244/1215/1 
f 1320/1272/1 1318/1270/1 1244/1215/1 1242/1214/1 
f 1322/1274/1 1320/1272/1 1242/1214/1 1324/1275/1 
f 1324/1275/1 1242/1214/1 1240/1213/1 1326/1276/1 
f 1326/1276/1 1240/1213/1 1238/1212/1 1328/1277/1 
f 1330/1279/1 1328/1277/1 1238/1212/1 1236/1211/1 
f 1332/1281/1 1330/1279/1 1236/1211/1 1334/1282/1 
f 1334/1282/1 1236/1211/1 1234/1210/1 1336/1284/1 
f 1338/1285/1 1336/1284/1 1234/1210/1 1232/1209/1 
f 1340/1286/1 1338/1285/1 1232/1209/1 1230/1208/1 
f 1342/1287/1 1340/1286/1 1230/1208/1 1344/1288/1 
f 1344/1288/1 1230/1208/1 1228/1207/1 1346/1289/1 
f 1348/1290/1 1346/1289/1 1228/1207/1 1226/1205/1 
f 1350/1291/1 1348/1290/1 1226/1205/1 1225/1206/1 
f 1352/1292/1 1350/1291/1 1225/1206/1 1354/1293/1 
f 1354/1293/30 1225/1206/31 1356/1294/30 
f 1366/1301/1 1364/1299/1 1362/1297/1 1368/1302/1 
f 1368/1302/1 1362/1297/1 1360/1295/1 1378/1309/1 
f 1359/1296/1 1380/1310/1 1378/1309/1 1360/1295/1 
f 1368/1302/1 1378/1309/1 1376/1308/1 1370/1303/1 
f 1372/1305/1 1370/1303/1 1376/1308/1 1374/1307/1 
f 1500/1420/1 1498/1418/1 1496/1416/1 1494/1414/1 
f 1502/1422/1 1500/1420/1 1494/1414/1 1492/1412/1 
f 1504/1424/1 1502/1422/1 1492/1412/1 1490/1410/1 
f 1506/1426/1 1504/1424/1 1490/1410/1 1488/1409/1 
f 1508/1428/1 1506/1426/1 1488/1409/1 1486/1407/1 
f 1510/1430/1 1508/1428/1 1486/1407/1 1484/1405/1 
f 1512/1432/1 1510/1430/1 1484/1405/1 1514/1434/1 
f 1514/1434/1 1484/1405/1 1482/1403/1 1516/1436/1 
f 1516/1436/1 1482/1403/1 1480/1401/1 1518/1438/1 
f 1518/1438/1 1480/1401/1 1478/1399/1 1520/1440/1 
f 1520/1440/1 1478/1399/1 1476/1397/1 1474/1395/1 
f 1522/1441/1 1520/1440/1 1474/1395/1 1472/1393/1 
f 1524/1443/1 1522/1441/1 1472/1393/1 1470/1391/1 
f 1526/1444/1 1524/1443/1 1470/1391/1 1468/1389/1 
f 1528/1445/1 1526/1444/1 1468/1389/1 1466/1388/1 
f 1530/1447/1 1528/1445/1 1466/1388/1 1464/1386/1 
f 1532/1449/1 1530/1447/1 1464/1386/1 1462/1384/1 
f 1534/1451/1 1532/1449/1 1462/1384/1 1536/1453/1 
f 1536/1453/1 1462/1384/1 1460/1382/1 1538/1455/1 
f 1538/1455/1 1460/1382/1 1458/1380/1 1540/1457/1 
f 1542/1458/1 1540/1457/1 1458/1380/1 1456/1378/1 
f 1544/1459/1 1542/1458/1 1456/1378/1 1454/1376/1 
f 1546/1460/1 1544/1459/1 1454/1376/1 1548/1462/1 
f 1548/1462/1 1454/1376/1 1452/1374/1 1550/1464/1 
f 1552/1466/1 1550/1464/1 1452/1374/1 1450/1372/1 
f 1554/1467/1 1552/1466/1 1450/1372/1 1448/1370/1 
f 1556/1469/1 1554/1467/1 1448/1370/1 1558/1471/1 
f 1558/1471/1 1448/1370/1 1446/1368/1 1560/1472/1 
f 1560/1472/1 1446/1368/1 1444/1366/1 1562/1474/1 
f 1564/1475/1 1562/1474/1 1444/1366/1 1442/1364/1 
f 1566/1477/1 1564/1475/1 1442/1364/1 1440/1363/1 
f 1568/1478/1 1566/1477/1 1440/1363/1 1570/1479/1 
f 1570/1479/1 1440/1363/1 1438/1361/1 1436/1359/1 
f 1572/1481/1 1570/1479/1 1436/1359/1 1434/1358/1 
f 1574/1483/1 1572/1481/1 1434/1358/1 1432/1356/1 
f 1576/1485/1 1574/1483/1 1432/1356/1 1430/1354/1 
f 1578/1487/1 1576/1485/1 1430/1354/1 1428/1352/1 
f 1580/1489/1 1578/1487/1 1428/1352/1 1426/1351/1 
f 1582/1490/1 1580/1489/1 1426/1351/1 1424/1350/1 
f 1584/1491/1 1582/1490/1 1424/1350/1 1422/1348/1 
f 1586/1493/1 1584/1491/1 1422/1348/1 1420/1346/1 
f 1588/1494/1 1586/1493/1 1420/1346/1 1418/1344/1 
f 1590/1496/1 1588/1494/1 1418/1344/1 1416/1343/1 
f 1592/1497/1 1590/1496/1 1416/1343/1 1414/1341/1 
f 1594/1498/1 1592/1497/1 1414/1341/1 1412/1340/1 
f 1596/1500/1 1594/1498/1 1412/1340/1 1410/1338/1 
f 1598/1502/1 1596/1500/1 1410/1338/1 1408/1336/1 
f 1600/1504/1 1598/1502/1 1408/1336/1 1406/1335/1 
f 1602/1506/1 1600/1504/1 1406/1335/1 1404/1333/1 
f 1602/1506/1 1404/1333/1 1402/1332/1 1604/1508/1 
f 1604/1508/1 1402/1332/1 1400/1330/1 1606/1510/1 
f 1606/1510/1 1400/1330/1 1398/1328/1 1608/1512/1 
f 1608/1512/1 1398/1328/1 1396/1326/1 1610/1514/1 
f 1610/1514/1 1396/1326/1 1394/1324/1 1612/1516/1 
f 1612/1516/1 1394/1324/1 1392/1322/1 1614/1518/1 
f 1614/1518/1 1392/1322/1 1390/1320/1 1616/1520/1 
f 1618/1522/1 1616/1520/1 1390/1320/1 1388/1318/1 
f 1620/1524/1 1618/1522/1 1388/1318/1 1386/1316/1 
f 1622/1526/1 1620/1524/1 1386/1316/1 1384/1314/1 
f 1624/1528/1 1622/1526/1 1384/1314/1 1383/1313/1 
f 1624/1528/32 1383/1313/33 1626/1530/34 
f 1634/1538/1 1632/1536/1 1630/1534/1 1640/1544/1 
f 1629/1533/1 1642/1546/1 1640/1544/1 1630/1534/1 
f 1636/1540/1 1634/1538/1 1640/1544/1 1638/1542/1 
f 1888/1792/35 1886/1790/36 1710/1614/37 1708/1612/38 
f 1888/1792/1 1708/1612/1 1706/1610/1 1890/1794/1 
f 1890/1794/1 1706/1610/1 1704/1608/1 1702/1606/1 
f 1892/1796/1 1890/1794/1 1702/1606/1 1700/1604/1 
f 1894/1798/1 1892/1796/1 1700/1604/1 1698/1602/1 
f 1894/1798/1 1698/1602/1 1696/1600/1 1896/1800/1 
f 1896/1800/1 1696/1600/1 1694/1598/1 1898/1802/1 
f 1898/1802/1 1694/1598/1 1692/1596/1 1690/1594/1 
f 1900/1804/1 1898/1802/1 1690/1594/1 1688/1592/1 
f 1902/1806/1 1900/1804/1 1688/1592/1 1686/1590/1 
f 1902/1806/1 1686/1590/1 1684/1588/1 1904/1808/1 
f 1904/1808/1 1684/1588/1 1682/1586/1 1906/1810/1 
f 1906/1810/1 1682/1586/1 1680/1584/1 1908/1812/1 
f 1908/1812/1 1680/1584/1 1678/1582/1 1676/1580/1 
f 1910/1814/1 1908/1812/1 1676/1580/1 1674/1578/1 
f 1912/1816/1 1910/1814/1 1674/1578/1 1672/1576/1 
f 1912/1816/1 1672/1576/1 1670/1574/1 1914/1818/1 
f 1914/1818/1 1670/1574/1 1668/1572/1 1666/1570/1 
f 1916/1820/1 1914/1818/1 1666/1570/1 1664/1568/1 
f 1918/1822/1 1916/1820/1 1664/1568/1 1662/1566/1 
f 1918/1822/1 1662/1566/1 1660/1564/1 1920/1824/1 
f 1920/1824/1 1660/1564/1 1658/1562/1 1922/1826/1 
f 1922/1826/1 1658/1562/1 1656/1560/1 1654/1558/1 
f 1924/1828/1 1922/1826/1 1654/1558/1 1652/1556/1 
f 1926/1830/1 1924/1828/1 1652/1556/1 1650/1554/1 
f 1926/1830/1 1650/1554/1 1648/1552/1 1928/1832/1 
f 1928/1832/1 1648/1552/1 1646/1550/1 1930/1834/1 
f 1930/1834/1 1646/1550/1 1645/1549/1 1817/1721/1 
f 1712/1616/1 1710/1614/1 1886/1790/1 1884/1788/1 
f 1714/1618/1 1712/1616/1 1884/1788/1 1882/1786/1 
f 1716/1620/1 1714/1618/1 1882/1786/1 1718/1622/1 
f 1718/1622/1 1882/1786/1 1880/1784/1 1720/1624/1 
f 1720/1624/1 1880/1784/1 1878/1782/1 1722/1626/1 
f 1724/1628/1 1722/1626/1 1878/1782/1 1876/1780/1 
f 1726/1630/1 1724/1628/1 1876/1780/1 1874/1778/1 
f 1728/1632/1 1726/1630/1 1874/1778/1 1872/1776/1 
f 1730/1634/1 1728/1632/1 1872/1776/1 1732/1636/1 
f 1732/1636/1 1872/1776/1 1870/1774/1 1734/1638/1 
f 1734/1638/1 1870/1774/1 1868/1772/1 1736/1640/1 
f 1736/1640/1 1868/1772/1 1866/1770/1 1738/1642/1 
f 1740/1644/1 1738/1642/1 1866/1770/1 1864/1768/1 
f 1742/1646/1 1740/1644/1 1864/1768/1 1862/1766/1 
f 1744/1648/1 1742/1646/1 1862/1766/1 1746/1650/1 
f 1746/1650/1 1862/1766/1 1860/1764/1 1748/1652/1 
f 1748/1652/1 1860/1764/1 1858/1762/1 1750/1654/1 
f 1752/1656/1 1750/1654/1 1858/1762/1 1856/1760/1 
f 1754/1658/1 1752/1656/1 1856/1760/1 1756/1660/1 
f 1756/1660/1 1856/1760/1 1854/1758/1 1758/1662/1 
f 1758/1662/1 1854/1758/1 1852/1756/1 1760/1664/1 
f 1762/1666/1 1760/1664/1 1852/1756/1 1850/1754/1 
f 1764/1668/1 1762/1666/1 1850/1754/1 1848/1752/1 
f 1766/1670/1 1764/1668/1 1848/1752/1 1768/1672/1 
f 1768/1672/1 1848/1752/1 1846/1750/1 1770/1674/1 
f 1770/1674/1 1846/1750/1 1844/1748/1 1772/1676/1 
f 1774/1678/1 1772/1676/1 1844/1748/1 1842/1746/1 
f 1776/1680/1 1774/1678/1 1842/1746/1 1840/1744/1 
f 1778/1682/1 1776/1680/1 1840/1744/1 1838/1742/1 
f 1780/1684/1 1778/1682/1 1838/1742/1 1782/1686/1 
f 1782/1686/1 1838/1742/1 1836/1740/1 1784/1688/1 
f 1784/1688/1 1836/1740/1 1834/1738/1 1786/1690/1 
f 1788/1692/1 1786/1690/1 1834/1738/1 1832/1736/1 
f 1790/1694/1 1788/1692/1 1832/1736/1 1792/1696/1 
f 1792/1696/1 1832/1736/1 1830/1734/1 1794/1698/1 
f 1794/1698/1 1830/1734/1 1828/1732/1 1796/1700/1 
f 1798/1702/1 1796/1700/1 1828/1732/1 1826/1730/1 
f 1800/1704/1 1798/1702/1 1826/1730/1 1824/1728/1 
f 1802/1706/1 1800/1704/1 1824/1728/1 1804/1708/1 
f 1804/1708/1 1824/1728/1 1822/1726/1 1806/1710/1 
f 1806/1710/1 1822/1726/1 1820/1724/1 1808/1712/1 
f 1810/1714/1 1808/1712/1 1820/1724/1 1818/1722/1 
f 1812/1716/1 1810/1714/1 1818/1722/1 1817/1721/1 
f 1814/1718/1 1812/1716/1 1817/1721/1 1645/1549/1 
f 2002/1906/1 2000/1904/1 1998/1902/1 1996/1900/1 
f 1988/1892/39 1986/1890/40 2018/1922/41 2016/1920/42 
f 1988/1892/1 2016/1920/1 2014/1918/1 1990/1894/1 
f 1990/1894/1 2014/1918/1 2012/1916/1 1992/1896/1 
f 1992/1896/1 2012/1916/1 2010/1914/1 2008/1912/1 
f 1994/1898/1 1992/1896/1 2008/1912/1 2007/1911/1 
f 1996/1900/1 1994/1898/1 2007/1911/1 2066/1969/1 
f 2002/1906/1 1996/1900/1 2066/1969/1 2004/1908/1 
f 2004/1908/1 2066/1969/1 2064/1967/1 2062/1965/1 
f 2004/1908/1 2062/1965/1 2060/1964/1 2058/1962/1 
f 2004/1908/1 2058/1962/1 2056/1960/1 2054/1958/1 
f 2004/1908/1 2054/1958/1 2052/1956/1 2050/1954/1 
f 2004/1908/1 2050/1954/1 2048/1952/1 2046/1950/1 
f 1933/1837/1 2004/1908/1 2046/1950/1 2044/1948/1 
f 1933/1837/1 2044/1948/1 2042/1946/1 2040/1944/1 
f 1933/1837/1 2040/1944/1 2038/1942/1 2036/1940/1 
f 2020/1924/1 2018/1922/1 1986/1890/1 1984/1888/1 
f 2022/1926/1 2020/1924/1 1984/1888/1 1982/1886/1 
f 2024/1928/1 2022/1926/1 1982/1886/1 1980/1884/1 
f 2026/1930/1 2024/1928/1 1980/1884/1 1978/1882/1 
f 2026/1930/1 1978/1882/1 1976/1880/1 2028/1932/1 
f 2028/1932/1 1976/1880/1 1974/1878/1 2030/1934/1 
f 2030/1934/1 1974/1878/1 1972/1876/1 1970/1874/1 
f 2032/1936/1 2030/1934/1 1970/1874/1 1968/1872/1 
f 2034/1938/1 2032/1936/1 1968/1872/1 1966/1870/1 
f 2036/1940/1 2034/1938/1 1966/1870/1 1964/1868/1 
f 2036/1940/1 1964/1868/1 1962/1866/1 1960/1864/1 
f 2036/1940/1 1960/1864/1 1958/1862/1 1956/1860/1 
f 2036/1940/1 1956/1860/1 1954/1858/1 1952/1856/1 
f 2036/1940/1 1952/1856/1 1950/1854/1 1948/1852/1 
f 2036/1940/1 1948/1852/1 1946/1850/1 1944/1848/1 
f 2036/1940/1 1944/1848/1 1942/1846/1 1940/1844/1 
f 2036/1940/1 1940/1844/1 1938/1842/1 1933/1837/1 
f 1933/1837/1 1938/1842/1 1936/1840/1 1934/1838/1 
f 2086/1989/1 2084/1987/1 2082/1985/1 2080/1983/1 
f 2086/1989/1 2080/1983/1 2078/1981/1 2076/1979/1 
f 2069/1972/1 2086/1989/1 2076/1979/1 2070/1973/1 
f 2072/1975/1 2070/1973/1 2076/1979/1 2074/1977/1 
f 2136/2038/1 2134/2036/1 2132/2034/1 2130/2032/1 
f 2138/2040/1 2136/2038/1 2130/2032/1 2128/2030/1 
f 2140/2042/1 2138/2040/1 2128/2030/1 2126/2028/1 
f 2140/2042/1 2126/2028/1 2124/2026/1 2142/2044/1 
f 2144/2046/1 2142/2044/1 2124/2026/1 2146/2048/1 
f 2148/2050/1 2146/2048/1 2124/2026/1 2150/2052/1 
f 2152/2054/1 2150/2052/1 2124/2026/1 2154/2056/1 
f 2156/2058/1 2154/2056/1 2124/2026/1 2122/2024/1 
f 2158/2060/1 2156/2058/1 2122/2024/1 2120/2022/1 
f 2160/2062/1 2158/2060/1 2120/2022/1 2162/2064/1 
f 2164/2066/1 2162/2064/1 2120/2022/1 2118/2020/1 
f 2166/2068/1 2164/2066/1 2118/2020/1 2116/2014/1 
f 2168/2070/1 2166/2068/1 2116/2014/1 2114/2017/1 
f 2170/2072/1 2168/2070/1 2114/2017/1 2172/2073/1 
f 2172/2073/1 2114/2017/1 2112/2015/1 2174/2075/1 
f 2176/2077/1 2174/2075/1 2112/2015/1 2178/2079/1 
f 2180/2081/1 2178/2079/1 2112/2015/1 2182/2083/1 
f 2184/2085/1 2182/2083/1 2112/2015/1 2186/2087/1 
f 2188/2089/1 2186/2087/1 2112/2015/1 2190/2091/1 
f 2192/2093/1 2190/2091/1 2112/2015/1 2194/2095/1 
f 2196/2097/1 2194/2095/1 2112/2015/1 2110/2013/1 
f 2198/2099/1 2196/2097/1 2110/2013/1 2108/2011/1 
f 2198/2099/1 2108/2011/1 2106/2009/1 2089/1992/1 
f 2089/1992/1 2106/2009/1 2104/2007/1 2102/2005/1 
f 2089/1992/1 2102/2005/1 2100/2003/1 2090/1993/1 
f 2090/1993/1 2100/2003/1 2098/2001/1 2092/1995/1 
f 2092/1995/1 2098/2001/1 2096/1999/1 2094/1997/1 
f 2318/2215/1 2316/2213/1 2314/2211/1 2312/2209/1 
f 2320/2217/1 2318/2215/1 2312/2209/1 2310/2207/1 
f 2322/2219/1 2320/2217/1 2310/2207/1 2308/2205/1 
f 2324/2221/1 2322/2219/1 2308/2205/1 2306/2203/1 
f 2326/2223/1 2324/2221/1 2306/2203/1 2304/2201/1 
f 2328/2225/1 2326/2223/1 2304/2201/1 2302/2199/1 
f 2330/2227/1 2328/2225/1 2302/2199/1 2332/2229/1 
f 2332/2229/1 2302/2199/1 2300/2197/1 2334/2231/1 
f 2334/2231/1 2300/2197/1 2298/2195/1 2336/2233/1 
f 2336/2233/1 2298/2195/1 2296/2193/1 2338/2235/1 
f 2338/2235/1 2296/2193/1 2294/2191/1 2292/2189/1 
f 2340/2237/1 2338/2235/1 2292/2189/1 2290/2185/1 
f 2342/2239/1 2340/2237/1 2290/2185/1 2288/2186/1 
f 2344/2241/1 2342/2239/1 2288/2186/1 2286/2184/1 
f 2346/2243/1 2344/2241/1 2286/2184/1 2284/2180/1 
f 2348/2245/1 2346/2243/1 2284/2180/1 2282/2181/1 
f 2350/2247/1 2348/2245/1 2282/2181/1 2280/2179/1 
f 2352/2249/1 2350/2247/1 2280/2179/1 2354/2251/1 
f 2354/2251/1 2280/2179/1 2278/2177/1 2356/2253/1 
f 2356/2253/1 2278/2177/1 2276/2175/1 2358/2255/1 
f 2360/2257/1 2358/2255/1 2276/2175/1 2274/2173/1 
f 2362/2259/1 2360/2257/1 2274/2173/1 2272/2171/1 
f 2364/2261/1 2362/2259/1 2272/2171/1 2366/2263/1 
f 2366/2263/1 2272/2171/1 2270/2169/1 2368/2265/1 
f 2370/2267/1 2368/2265/1 2270/2169/1 2268/2167/1 
f 2372/2269/1 2370/2267/1 2268/2167/1 2266/2165/1 
f 2374/2271/1 2372/2269/1 2266/2165/1 2376/2273/1 
f 2376/2273/1 2266/2165/1 2264/2163/1 2378/2275/1 
f 2378/2275/1 2264/2163/1 2262/2161/1 2380/2277/1 
f 2382/2279/1 2380/2277/1 2262/2161/1 2260/2159/1 
f 2384/2281/1 2382/2279/1 2260/2159/1 2258/2157/1 
f 2386/2283/1 2384/2281/1 2258/2157/1 2388/2285/1 
f 2388/2285/1 2258/2157/1 2256/2155/1 2254/2153/1 
f 2390/2287/1 2388/2285/1 2254/2153/1 2252/2151/1 
f 2392/2289/1 2390/2287/1 2252/2151/1 2250/2149/1 
f 2394/2291/1 2392/2289/1 2250/2149/1 2248/2147/1 
f 2396/2293/1 2394/2291/1 2248/2147/1 2246/2145/1 
f 2398/2295/1 2396/2293/1 2246/2145/1 2244/2143/1 
f 2400/2297/1 2398/2295/1 2244/2143/1 2242/2141/1 
f 2402/2299/1 2400/2297/1 2242/2141/1 2240/2139/1 
f 2404/2301/1 2402/2299/1 2240/2139/1 2238/2137/1 
f 2406/2303/1 2404/2301/1 2238/2137/1 2236/2135/1 
f 2408/2305/1 2406/2303/1 2236/2135/1 2234/2133/1 
f 2410/2307/1 2408/2305/1 2234/2133/1 2232/2131/1 
f 2412/2309/1 2410/2307/1 2232/2131/1 2230/2129/1 
f 2414/2311/1 2412/2309/1 2230/2129/1 2228/2128/1 
f 2416/2313/1 2414/2311/1 2228/2128/1 2226/2126/1 
f 2418/2315/1 2416/2313/1 2226/2126/1 2224/2125/1 
f 2420/2317/1 2418/2315/1 2224/2125/1 2222/2123/1 
f 2420/2317/1 2222/2123/1 2220/2121/1 2422/2319/1 
f 2422/2319/1 2220/2121/1 2218/2119/1 2424/2321/1 
f 2424/2321/1 2218/2119/1 2216/2117/1 2426/2323/1 
f 2426/2323/1 2216/2117/1 2214/2115/1 2428/2325/1 
f 2428/2325/1 2214/2115/1 2212/2113/1 2430/2327/1 
f 2430/2327/1 2212/2113/1 2210/2111/1 2432/2329/1 
f 2432/2329/1 2210/2111/1 2208/2109/1 2434/2331/1 
f 2436/2333/1 2434/2331/1 2208/2109/1 2206/2107/1 
f 2438/2335/1 2436/2333/1 2206/2107/1 2204/2105/1 
f 2440/2337/1 2438/2335/1 2204/2105/1 2202/2103/1 
f 2442/2339/1 2440/2337/1 2202/2103/1 2201/2102/1 
f 2442/2339/43 2201/2102/44 2444/2341/45 
f 2690/2583/46 2688/2581/47 2512/2408/48 2510/2406/49 
f 2690/2583/1 2510/2406/1 2508/2404/1 2692/2585/1 
f 2692/2585/1 2508/2404/1 2506/2402/1 2504/2400/1 
f 2694/2587/1 2692/2585/1 2504/2400/1 2502/2398/1 
f 2696/2589/1 2694/2587/1 2502/2398/1 2500/2396/1 
f 2696/2589/1 2500/2396/1 2498/2394/1 2698/2591/1 
f 2698/2591/1 2498/2394/1 2496/2392/1 2700/2593/1 
f 2700/2593/1 2496/2392/1 2494/2390/1 2492/2388/1 
f 2702/2595/1 2700/2593/1 2492/2388/1 2490/2386/1 
f 2704/2594/1 2702/2595/1 2490/2386/1 2488/2384/1 
f 2704/2594/1 2488/2384/1 2486/2383/1 2706/2598/1 
f 2706/2598/1 2486/2383/1 2484/2381/1 2708/2600/1 
f 2708/2600/1 2484/2381/1 2482/2379/1 2710/2602/1 
f 2710/2602/1 2482/2379/1 2480/2377/1 2478/2375/1 
f 2712/2604/1 2710/2602/1 2478/2375/1 2476/2373/1 
f 2714/2606/1 2712/2604/1 2476/2373/1 2474/2371/1 
f 2714/2606/1 2474/2371/1 2472/2369/1 2716/2608/1 
f 2716/2608/1 2472/2369/1 2470/2367/1 2468/2365/1 
f 2718/2610/1 2716/2608/1 2468/2365/1 2466/2363/1 
f 2720/2612/1 2718/2610/1 2466/2363/1 2464/2361/1 
f 2720/2612/1 2464/2361/1 2462/2359/1 2722/2614/1 
f 2722/2614/1 2462/2359/1 2460/2357/1 2724/2616/1 
f 2724/2616/1 2460/2357/1 2458/2355/1 2456/2353/1 
f 2726/2618/1 2724/2616/1 2456/2353/1 2454/2351/1 
f 2728/2620/1 2726/2618/1 2454/2351/1 2452/2349/1 
f 2728/2620/1 2452/2349/1 2450/2347/1 2730/2622/1 
f 2730/2622/1 2450/2347/1 2448/2345/1 2732/2624/1 
f 2732/2624/1 2448/2345/1 2447/2344/1 2619/2514/1 
f 2514/2410/1 2512/2408/1 2688/2581/1 2686/2579/1 
f 2516/2412/1 2514/2410/1 2686/2579/1 2684/2577/1 
f 2518/2414/1 2516/2412/1 2684/2577/1 2520/2416/1 
f 2520/2416/1 2684/2577/1 2682/2575/1 2522/2418/1 
f 2522/2418/1 2682/2575/1 2680/2573/1 2524/2420/1 
f 2526/2422/1 2524/2420/1 2680/2573/1 2678/2571/1 
f 2528/2424/1 2526/2422/1 2678/2571/1 2676/2569/1 
f 2530/2426/1 2528/2424/1 2676/2569/1 2674/2567/1 
f 2532/2428/1 2530/2426/1 2674/2567/1 2534/2430/1 
f 2534/2430/1 2674/2567/1 2672/2565/1 2536/2432/1 
f 2536/2432/1 2672/2565/1 2670/2563/1 2538/2434/1 
f 2538/2434/1 2670/2563/1 2668/2561/1 2540/2436/1 
f 2542/2438/1 2540/2436/1 2668/2561/1 2666/2559/1 
f 2544/2440/1 2542/2438/1 2666/2559/1 2664/2557/1 
f 2546/2442/1 2544/2440/1 2664/2557/1 2548/2444/1 
f 2548/2444/1 2664/2557/1 2662/2555/1 2550/2446/1 
f 2550/2446/1 2662/2555/1 2660/2553/1 2552/2448/1 
f 2554/2450/1 2552/2448/1 2660/2553/1 2658/2551/1 
f 2556/2452/1 2554/2450/1 2658/2551/1 2558/2454/1 
f 2558/2454/1 2658/2551/1 2656/2549/1 2560/2456/1 
f 2560/2456/1 2656/2549/1 2654/2547/1 2562/2458/1 
f 2564/2460/1 2562/2458/1 2654/2547/1 2652/2545/1 
f 2566/2462/1 2564/2460/1 2652/2545/1 2650/2543/1 
f 2568/2464/1 2566/2462/1 2650/2543/1 2570/2466/1 
f 2570/2466/1 2650/2543/1 2648/2541/1 2572/2468/1 
f 2572/2468/1 2648/2541/1 2646/2540/1 2574/2470/1 
f 2576/2472/1 2574/2470/1 2646/2540/1 2644/2539/1 
f 2578/2471/1 2576/2472/1 2644/2539/1 2642/2537/1 
f 2580/2475/1 2578/2471/1 2642/2537/1 2640/2535/1 
f 2582/2477/1 2580/2475/1 2640/2535/1 2584/2479/1 
f 2584/2479/1 2640/2535/1 2638/2533/1 2586/2481/1 
f 2586/2481/1 2638/2533/1 2636/2531/1 2588/2483/1 
f 2590/2485/1 2588/2483/1 2636/2531/1 2634/2529/1 
f 2592/2487/1 2590/2485/1 2634/2529/1 2594/2489/1 
f 2594/2489/1 2634/2529/1 2632/2527/1 2596/2491/1 
f 2596/2491/1 2632/2527/1 2630/2525/1 2598/2493/1 
f 2600/2495/1 2598/2493/1 2630/2525/1 2628/2523/1 
f 2602/2497/1 2600/2495/1 2628/2523/1 2626/2521/1 
f 2604/2499/1 2602/2497/1 2626/2521/1 2606/2501/1 
f 2606/2501/1 2626/2521/1 2624/2519/1 2608/2503/1 
f 2608/2503/1 2624/2519/1 2622/2517/1 2610/2505/1 
f 2612/2507/1 2610/2505/1 2622/2517/1 2620/2515/1 
f 2614/2509/1 2612/2507/1 2620/2515/1 2619/2514/1 
f 2616/2511/1 2614/2509/1 2619/2514/1 2447/2344/1 
f 2740/2632/1 2738/2630/1 2736/2628/1 2742/2634/1 
f 2742/2634/1 2736/2628/1 2735/2627/1 2762/2654/1 
f 2742/2634/1 2762/2654/1 2760/2652/1 2744/2636/1 
f 2746/2638/1 2744/2636/1 2760/2652/1 2748/2640/1 
f 2748/2640/1 2760/2652/1 2758/2650/1 2756/2648/1 
f 2750/2642/1 2748/2640/1 2756/2648/1 2752/2644/1 
f 2752/2644/50 2756/2648/51 2754/2646/50 
f 41/41/1 43/43/1 45/45/1 39/39/1 
f 225/225/1 227/227/1 229/229/1 223/223/1 
f 223/223/1 229/229/1 231/231/1 233/233/1 
f 221/221/1 223/223/1 233/233/1 235/235/1 
f 221/221/1 235/235/1 237/237/1 219/219/1 
f 219/219/1 237/237/1 239/239/1 241/241/1 
f 217/217/1 219/219/1 241/241/1 243/243/1 
f 217/217/1 243/243/1 245/245/1 215/215/1 
f 215/215/1 245/245/1 247/247/1 213/213/1 
f 213/213/1 247/247/1 249/249/1 251/251/1 
f 211/211/1 213/213/1 251/251/1 253/253/1 
f 211/211/1 253/253/1 255/255/1 209/209/1 
f 209/209/1 255/255/1 257/257/1 207/207/1 
f 207/207/1 257/257/1 259/259/1 205/205/1 
f 205/205/1 259/259/1 261/261/1 203/203/1 
f 203/203/1 261/261/1 263/263/1 265/265/1 
f 201/201/1 203/203/1 265/265/1 267/267/1 
f 199/199/1 201/201/1 267/267/1 269/269/1 
f 197/197/1 199/199/1 269/269/1 271/271/1 
f 195/195/1 197/197/1 271/271/1 273/272/1 
f 193/193/1 195/195/1 273/272/1 275/274/1 
f 191/191/1 193/193/1 275/274/1 277/276/1 
f 189/189/1 191/191/1 277/276/1 279/278/1 
f 187/187/1 189/189/1 279/278/1 281/280/1 
f 185/185/1 187/187/1 281/280/1 283/282/1 
f 183/183/1 185/185/1 283/282/1 285/284/1 
f 181/181/1 183/183/1 285/284/1 287/286/1 
f 181/181/1 287/286/1 289/288/1 179/179/1 
f 179/179/1 289/288/1 291/290/1 177/177/1 
f 177/177/1 291/290/1 293/292/1 295/294/1 
f 175/175/1 177/177/1 295/294/1 297/296/1 
f 175/175/1 297/296/1 299/298/1 173/173/1 
f 173/173/1 299/298/1 301/300/1 303/302/1 
f 173/173/1 303/302/1 305/304/1 171/171/1 
f 171/171/1 305/304/1 307/306/1 309/308/1 
f 169/169/1 171/171/1 309/308/1 311/310/1 
f 167/167/1 169/169/1 311/310/1 313/312/1 
f 165/165/1 167/167/1 313/312/1 315/314/1 
f 163/163/1 165/165/1 315/314/1 317/316/1 
f 163/163/1 317/316/1 319/318/1 161/161/1 
f 159/159/1 161/161/1 319/318/1 321/320/1 
f 157/157/1 159/159/1 321/320/1 323/322/1 
f 155/155/1 157/157/1 323/322/1 325/324/1 
f 153/153/1 155/155/1 325/324/1 327/326/1 
f 151/151/1 153/153/1 327/326/1 329/328/1 
f 149/149/1 151/151/1 329/328/1 331/330/1 
f 149/149/1 331/330/1 333/332/1 147/147/1 
f 147/147/1 333/332/1 335/334/1 145/145/1 
f 145/145/1 335/334/1 337/336/1 143/143/1 
f 143/143/1 337/336/1 339/338/1 141/141/1 
f 141/141/1 339/338/1 341/340/1 139/139/1 
f 139/139/1 341/340/1 343/342/1 345/344/1 
f 137/137/1 139/139/1 345/344/1 347/346/1 
f 135/135/1 137/137/1 347/346/1 349/348/1 
f 135/135/1 349/348/1 351/350/1 133/133/1 
f 133/133/1 351/350/1 353/352/1 131/131/1 
f 131/131/1 353/352/1 355/354/1 129/129/1 
f 129/129/1 355/354/1 357/356/1 127/127/1 
f 127/127/1 357/356/1 359/358/1 125/125/1 
f 123/123/1 125/125/1 359/358/1 361/360/1 
f 121/121/1 123/123/1 361/360/1 363/362/1 
f 119/119/1 121/121/1 363/362/1 117/117/1 
f 117/117/1 363/362/1 365/364/1 115/115/1 
f 115/115/1 365/364/1 367/366/1 113/113/1 
f 113/113/1 367/366/1 2/2/1 111/111/1 
f 111/111/1 2/2/1 1/1/1 109/109/1 
f 107/107/1 109/109/1 1/1/1 5/5/1 
f 105/105/1 107/107/1 5/5/1 7/7/1 
f 103/103/1 105/105/1 7/7/1 101/101/1 
f 101/101/1 7/7/1 9/9/1 99/99/1 
f 99/99/1 9/9/1 11/11/1 97/97/1 
f 97/97/1 11/11/1 13/13/1 95/95/1 
f 95/95/1 13/13/1 15/15/1 93/93/1 
f 93/93/1 15/15/1 17/17/1 91/91/1 
f 91/91/1 17/17/1 19/19/1 21/21/1 
f 89/89/1 91/91/1 21/21/1 23/23/1 
f 87/87/1 89/89/1 23/23/1 25/25/1 
f 87/87/1 25/25/1 27/27/1 85/85/1 
f 83/83/1 85/85/1 27/27/1 81/81/1 
f 81/81/1 27/27/1 29/29/1 79/79/1 
f 77/77/1 79/79/1 29/29/1 31/31/1 
f 75/75/1 77/77/1 31/31/1 73/73/1 
f 73/73/1 31/31/1 33/33/1 71/71/1 
f 69/69/1 71/71/1 33/33/1 67/67/1 
f 67/67/1 33/33/1 35/35/1 65/65/1 
f 63/63/1 65/65/1 35/35/1 61/61/1 
f 61/61/1 35/35/1 37/37/1 59/59/1 
f 57/57/1 59/59/1 37/37/1 55/55/1 
f 53/53/1 55/55/1 37/37/1 39/39/1 
f 51/51/1 53/53/1 39/39/1 49/49/1 
f 47/47/1 49/49/1 39/39/1 45/45/1 
f 377/376/1 379/378/1 381/380/1 375/374/1 
f 381/380/1 383/382/1 370/369/1 369/368/1 
f 369/368/1 373/372/1 375/374/1 381/380/1 
f 401/400/52 405/404/53 397/396/54 399/398/55 
f 401/400/1 399/398/1 386/385/1 385/384/1 
f 402/401/1 401/400/1 385/384/1 389/388/1 
f 402/401/1 389/388/1 391/390/1 393/392/1 
f 395/394/1 397/396/1 405/404/1 393/392/1 
f 402/401/56 393/392/57 405/404/53 
f 611/607/58 613/609/59 525/524/60 529/528/61 
f 611/607/1 529/528/1 531/530/1 463/462/1 
f 463/462/1 531/530/1 533/532/1 461/460/1 
f 459/458/1 461/460/1 533/532/1 457/456/1 
f 457/456/1 533/532/1 535/534/1 455/454/1 
f 453/452/1 455/454/1 535/534/1 451/450/1 
f 449/448/1 451/450/1 535/534/1 447/446/1 
f 447/446/1 535/534/1 537/536/1 445/444/1 
f 443/442/1 445/444/1 537/536/1 441/440/1 
f 439/438/1 441/440/1 537/536/1 437/436/1 
f 437/436/1 537/536/1 539/538/1 435/434/1 
f 435/434/1 539/538/1 541/540/1 433/432/1 
f 433/432/1 541/540/1 543/542/1 431/430/1 
f 431/430/1 543/542/1 545/544/1 429/428/1 
f 429/428/1 545/544/1 547/546/1 427/426/1 
f 425/424/1 427/426/1 547/546/1 549/548/1 
f 423/422/1 425/424/1 549/548/1 551/550/1 
f 421/420/1 423/422/1 551/550/1 419/418/1 
f 419/418/1 551/550/1 553/552/1 417/416/1 
f 415/414/1 417/416/1 553/552/1 413/412/1 
f 411/410/1 413/412/1 553/552/1 407/406/1 
f 408/407/1 407/406/1 553/552/1 555/554/1 
f 408/407/1 555/554/1 557/556/1 559/558/1 
f 408/407/1 559/558/1 561/560/1 563/562/1 
f 408/407/1 563/562/1 565/564/1 567/566/1 
f 525/524/1 613/609/1 615/611/1 526/525/1 
f 526/525/1 615/611/1 617/613/1 571/569/1 
f 571/569/1 617/613/1 619/615/1 521/520/1 
f 609/605/1 611/607/1 463/462/1 465/464/1 
f 607/603/1 609/605/1 465/464/1 467/466/1 
f 607/603/1 467/466/1 469/468/1 471/470/1 
f 607/603/1 471/470/1 473/472/1 605/601/1 
f 605/601/1 473/472/1 475/474/1 477/476/1 
f 605/601/1 477/476/1 479/478/1 481/480/1 
f 605/601/1 481/480/1 483/482/1 485/484/1 
f 603/599/1 605/601/1 485/484/1 487/486/1 
f 603/599/1 487/486/1 489/488/1 601/597/1 
f 601/597/1 489/488/1 491/490/1 599/595/1 
f 599/595/1 491/490/1 493/492/1 495/494/1 
f 597/593/1 599/595/1 495/494/1 497/496/1 
f 595/591/1 597/593/1 497/496/1 499/498/1 
f 595/591/1 499/498/1 501/500/1 593/589/1 
f 593/589/1 501/500/1 503/502/1 505/504/1 
f 591/587/1 593/589/1 505/504/1 507/506/1 
f 589/585/1 591/587/1 507/506/1 509/508/1 
f 587/583/1 589/585/1 509/508/1 511/510/1 
f 585/581/1 587/583/1 511/510/1 513/512/1 
f 583/579/1 585/581/1 513/512/1 581/577/1 
f 581/577/1 513/512/1 515/514/1 579/575/1 
f 579/575/1 515/514/1 517/516/1 577/574/1 
f 573/571/1 577/574/1 517/516/1 519/518/1 
f 574/572/1 573/571/1 519/518/1 521/520/1 
f 619/615/62 574/572/63 521/520/64 
f 569/567/1 571/569/1 521/520/1 523/522/1 
f 567/566/1 569/567/1 523/522/1 408/407/1 
f 627/623/1 629/625/1 631/627/1 625/621/1 
f 631/627/1 622/618/1 621/617/1 625/621/1 
f 647/643/1 649/645/1 651/647/1 645/641/1 
f 653/649/1 655/651/1 634/630/1 633/629/1 
f 637/633/1 639/635/1 641/637/1 643/639/1 
f 633/629/1 637/633/1 643/639/1 653/649/1 
f 651/647/1 653/649/1 643/639/1 645/641/1 
f 731/727/1 733/729/1 735/731/1 729/725/1 
f 709/705/65 711/707/66 751/747/67 753/749/68 
f 707/703/1 709/705/1 753/749/1 755/751/1 
f 705/701/1 707/703/1 755/751/1 703/699/1 
f 703/699/1 755/751/1 757/753/1 701/697/1 
f 701/697/1 757/753/1 759/755/1 699/695/1 
f 697/693/1 699/695/1 759/755/1 761/757/1 
f 695/691/1 697/693/1 761/757/1 693/689/1 
f 693/689/1 761/757/1 763/759/1 691/687/1 
f 689/685/1 691/687/1 763/759/1 765/761/1 
f 687/683/1 689/685/1 765/761/1 767/763/1 
f 685/681/1 687/683/1 767/763/1 769/765/1 
f 683/679/1 685/681/1 769/765/1 771/767/1 
f 681/677/1 683/679/1 771/767/1 773/769/1 
f 679/675/1 681/677/1 773/769/1 677/673/1 
f 677/673/1 773/769/1 775/771/1 675/671/1 
f 675/671/1 775/771/1 777/773/1 673/669/1 
f 673/669/1 777/773/1 779/775/1 671/667/1 
f 671/667/1 779/775/1 781/777/1 669/665/1 
f 667/663/1 669/665/1 781/777/1 665/661/1 
f 663/659/1 665/661/1 781/777/1 661/657/1 
f 657/653/1 661/657/1 781/777/1 658/654/1 
f 658/654/1 781/777/1 783/779/1 785/781/1 
f 658/654/1 785/781/1 787/783/1 789/785/1 
f 658/654/1 789/785/1 791/787/1 793/789/1 
f 658/654/1 793/789/1 795/791/1 797/793/1 
f 735/731/1 658/654/1 797/793/1 729/725/1 
f 751/747/1 711/707/1 713/709/1 749/745/1 
f 749/745/1 713/709/1 715/711/1 747/743/1 
f 747/743/1 715/711/1 717/713/1 719/715/1 
f 745/741/1 747/743/1 719/715/1 721/717/1 
f 743/739/1 745/741/1 721/717/1 723/719/1 
f 741/737/1 743/739/1 723/719/1 725/721/1 
f 737/733/1 741/737/1 725/721/1 727/723/1 
f 738/734/1 737/733/1 727/723/1 729/725/1 
f 797/793/69 738/734/70 729/725/71 
f 800/796/1 799/795/1 803/799/1 805/801/1 
f 853/849/72 855/851/73 883/879/74 885/881/75 
f 853/849/1 885/881/1 887/883/1 851/847/1 
f 851/847/1 887/883/1 889/885/1 849/845/1 
f 849/845/1 889/885/1 891/887/1 847/843/1 
f 847/843/1 891/887/1 893/889/1 845/841/1 
f 843/839/1 845/841/1 893/889/1 895/891/1 
f 841/837/1 843/839/1 895/891/1 897/893/1 
f 839/835/1 841/837/1 897/893/1 837/833/1 
f 837/833/1 897/893/1 899/895/1 835/831/1 
f 835/831/1 899/895/1 901/897/1 833/829/1 
f 833/829/1 901/897/1 903/899/1 831/827/1 
f 829/825/1 831/827/1 903/899/1 827/823/1 
f 825/821/1 827/823/1 903/899/1 823/819/1 
f 821/817/1 823/819/1 903/899/1 819/815/1 
f 817/813/1 819/815/1 903/899/1 815/811/1 
f 813/809/1 815/811/1 903/899/1 811/807/1 
f 809/805/1 811/807/1 903/899/1 807/803/1 
f 805/801/1 807/803/1 903/899/1 800/796/1 
f 800/796/1 903/899/1 905/901/1 907/903/1 
f 800/796/1 907/903/1 909/905/1 911/907/1 
f 800/796/1 911/907/1 913/909/1 871/867/1 
f 881/877/1 883/879/1 855/851/1 857/853/1 
f 879/875/1 881/877/1 857/853/1 859/855/1 
f 877/873/1 879/875/1 859/855/1 873/869/1 
f 873/869/1 859/855/1 861/857/1 874/870/1 
f 874/870/1 861/857/1 863/859/1 933/929/1 
f 865/861/1 867/863/1 869/865/1 863/859/1 
f 933/929/1 863/859/1 869/865/1 871/867/1 
f 931/927/1 933/929/1 871/867/1 929/925/1 
f 927/923/1 929/925/1 871/867/1 925/921/1 
f 923/919/1 925/921/1 871/867/1 921/917/1 
f 919/915/1 921/917/1 871/867/1 917/913/1 
f 915/911/1 917/913/1 871/867/1 913/909/1 
f 1177/1162/76 1179/1164/77 999/995/78 1001/997/79 
f 1177/1162/1 1001/997/1 1003/999/1 1175/1160/1 
f 1175/1160/1 1003/999/1 1005/1001/1 1173/1158/1 
f 1173/1158/1 1005/1001/1 1007/1003/1 1009/1005/1 
f 1171/1156/1 1173/1158/1 1009/1005/1 1011/1007/1 
f 1169/1154/1 1171/1156/1 1011/1007/1 1013/1009/1 
f 1169/1154/1 1013/1009/1 1015/1011/1 1167/1152/1 
f 1167/1152/1 1015/1011/1 1017/1013/1 1165/1150/1 
f 1165/1150/1 1017/1013/1 1019/1015/1 1163/1148/1 
f 1163/1148/1 1019/1015/1 1021/1017/1 1023/1019/1 
f 1161/1146/1 1163/1148/1 1023/1019/1 1025/1021/1 
f 1159/1144/1 1161/1146/1 1025/1021/1 1027/1023/1 
f 1157/1142/1 1159/1144/1 1027/1023/1 1029/1025/1 
f 1157/1142/1 1029/1025/1 1031/1027/1 1155/1140/1 
f 1155/1140/1 1031/1027/1 1033/1029/1 1153/1138/1 
f 1153/1138/1 1033/1029/1 1035/1031/1 1037/1033/1 
f 1151/1136/1 1153/1138/1 1037/1033/1 1039/1035/1 
f 1149/1134/1 1151/1136/1 1039/1035/1 1041/1037/1 
f 1149/1134/1 1041/1037/1 1043/1039/1 1147/1132/1 
f 1147/1132/1 1043/1039/1 1045/1041/1 1047/1043/1 
f 1145/1130/1 1147/1132/1 1047/1043/1 1049/1045/1 
f 1143/1128/1 1145/1130/1 1049/1045/1 1051/1047/1 
f 1143/1128/1 1051/1047/1 1053/1049/1 1141/1126/1 
f 1141/1126/1 1053/1049/1 1055/1051/1 1139/1124/1 
f 1139/1124/1 1055/1051/1 1057/1053/1 1059/1055/1 
f 1137/1123/1 1139/1124/1 1059/1055/1 1061/1057/1 
f 1135/1122/1 1137/1123/1 1061/1057/1 1063/1058/1 
f 1135/1122/1 1063/1058/1 1065/1059/1 1133/1120/1 
f 1133/1120/1 1065/1059/1 1067/1060/1 1131/1118/1 
f 1131/1118/1 1067/1060/1 1069/1062/1 1129/1116/1 
f 1129/1116/1 1069/1062/1 1071/1064/1 1073/1066/1 
f 1127/1114/1 1129/1116/1 1073/1066/1 1075/1068/1 
f 1125/1113/1 1127/1114/1 1075/1068/1 1077/1070/1 
f 1125/1113/1 1077/1070/1 1079/1071/1 1123/1111/1 
f 1123/1111/1 1079/1071/1 1081/1073/1 1083/1075/1 
f 1121/1109/1 1123/1111/1 1083/1075/1 1085/1077/1 
f 1119/1107/1 1121/1109/1 1085/1077/1 1087/1079/1 
f 1119/1107/1 1087/1079/1 1089/1081/1 1117/1105/1 
f 1117/1105/1 1089/1081/1 1091/1083/1 1115/1103/1 
f 1115/1103/1 1091/1083/1 1093/1085/1 1095/1086/1 
f 1113/1102/1 1115/1103/1 1095/1086/1 1097/1087/1 
f 1111/1101/1 1113/1102/1 1097/1087/1 1099/1089/1 
f 1111/1101/1 1099/1089/1 1101/1091/1 1107/1097/1 
f 1107/1097/1 1101/1091/1 1103/1093/1 1108/1098/1 
f 1108/1098/1 1103/1093/1 1105/1095/1 936/932/1 
f 1221/1203/1 1108/1098/1 936/932/1 935/931/1 
f 997/993/1 999/995/1 1179/1164/1 1181/1166/1 
f 995/991/1 997/993/1 1181/1166/1 993/989/1 
f 993/989/1 1181/1166/1 1183/1168/1 991/987/1 
f 991/987/1 1183/1168/1 1185/1170/1 989/985/1 
f 987/983/1 989/985/1 1185/1170/1 1187/1172/1 
f 985/981/1 987/983/1 1187/1172/1 1189/1174/1 
f 983/979/1 985/981/1 1189/1174/1 981/977/1 
f 981/977/1 1189/1174/1 1191/1176/1 979/975/1 
f 979/975/1 1191/1176/1 1193/1178/1 977/973/1 
f 975/971/1 977/973/1 1193/1178/1 1195/1180/1 
f 973/969/1 975/971/1 1195/1180/1 1197/1182/1 
f 971/967/1 973/969/1 1197/1182/1 1199/1184/1 
f 969/965/1 971/967/1 1199/1184/1 967/963/1 
f 967/963/1 1199/1184/1 1201/1186/1 965/961/1 
f 965/961/1 1201/1186/1 1203/1188/1 963/959/1 
f 961/957/1 963/959/1 1203/1188/1 1205/1189/1 
f 959/955/1 961/957/1 1205/1189/1 957/953/1 
f 957/953/1 1205/1189/1 1207/1191/1 955/951/1 
f 955/951/1 1207/1191/1 1209/1193/1 953/949/1 
f 951/947/1 953/949/1 1209/1193/1 1211/1195/1 
f 949/945/1 951/947/1 1211/1195/1 1213/1197/1 
f 947/943/1 949/945/1 1213/1197/1 945/941/1 
f 945/941/1 1213/1197/1 1215/1199/1 943/939/1 
f 943/939/1 1215/1199/1 1217/1200/1 941/937/1 
f 939/935/1 941/937/1 1217/1200/1 1219/1201/1 
f 935/931/1 939/935/1 1219/1201/1 1221/1203/1 
f 1353/1293/1 1355/1294/1 1224/1206/1 1351/1292/1 
f 1279/1241/1 1281/1242/1 1283/1244/1 1277/1240/1 
f 1277/1240/1 1283/1244/1 1285/1246/1 1275/1239/1 
f 1275/1239/1 1285/1246/1 1287/1248/1 1273/1238/1 
f 1273/1238/1 1287/1248/1 1289/1249/1 1271/1236/1 
f 1271/1236/1 1289/1249/1 1291/1251/1 1269/1234/1 
f 1269/1234/1 1291/1251/1 1293/1252/1 1267/1232/1 
f 1267/1232/1 1293/1252/1 1295/1254/1 1297/1256/1 
f 1265/1231/1 1267/1232/1 1297/1256/1 1299/1257/1 
f 1263/1229/1 1265/1231/1 1299/1257/1 1301/1258/1 
f 1261/1227/1 1263/1229/1 1301/1258/1 1303/1260/1 
f 1259/1226/1 1261/1227/1 1303/1260/1 1305/1262/1 
f 1257/1225/1 1259/1226/1 1305/1262/1 1307/1263/1 
f 1255/1224/1 1257/1225/1 1307/1263/1 1253/1222/1 
f 1253/1222/1 1307/1263/1 1309/1264/1 1251/1221/1 
f 1251/1221/1 1309/1264/1 1311/1265/1 1249/1219/1 
f 1249/1219/1 1311/1265/1 1313/1267/1 1247/1218/1 
f 1247/1218/1 1313/1267/1 1315/1268/1 1245/1216/1 
f 1245/1216/1 1315/1268/1 1317/1269/1 1243/1215/1 
f 1243/1215/1 1317/1269/1 1319/1271/1 1241/1214/1 
f 1241/1214/1 1319/1271/1 1321/1273/1 1323/1275/1 
f 1239/1213/1 1241/1214/1 1323/1275/1 1325/1276/1 
f 1237/1212/1 1239/1213/1 1325/1276/1 1327/1277/1 
f 1237/1212/1 1327/1277/1 1329/1278/1 1235/1211/1 
f 1235/1211/1 1329/1278/1 1331/1280/1 1333/1282/1 
f 1233/1210/1 1235/1211/1 1333/1282/1 1335/1283/1 
f 1233/1210/1 1335/1283/1 1337/1285/1 1231/1209/1 
f 1231/1209/1 1337/1285/1 1339/1286/1 1229/1208/1 
f 1229/1208/1 1339/1286/1 1341/1287/1 1343/1288/1 
f 1227/1207/1 1229/1208/1 1343/1288/1 1345/1289/1 
f 1227/1207/1 1345/1289/1 1347/1290/1 1223/1205/1 
f 1223/1205/1 1347/1290/1 1349/1291/1 1224/1206/1 
f 1224/1206/80 1349/1291/81 1351/1292/82 
f 1371/1304/1 1373/1306/1 1375/1308/1 1369/1303/1 
f 1377/1309/1 1379/1310/1 1358/1296/1 1357/1295/1 
f 1361/1297/1 1363/1298/1 1365/1300/1 1367/1302/1 
f 1357/1295/1 1361/1297/1 1367/1302/1 1377/1309/1 
f 1375/1308/1 1377/1309/1 1367/1302/1 1369/1303/1 
f 1623/1527/1 1625/1529/1 1382/1312/1 1381/1311/1 
f 1495/1415/1 1497/1417/1 1499/1419/1 1493/1413/1 
f 1493/1413/1 1499/1419/1 1501/1421/1 1491/1411/1 
f 1491/1411/1 1501/1421/1 1503/1423/1 1489/1410/1 
f 1489/1410/1 1503/1423/1 1505/1425/1 1487/1408/1 
f 1487/1408/1 1505/1425/1 1507/1427/1 1485/1406/1 
f 1485/1406/1 1507/1427/1 1509/1429/1 1483/1404/1 
f 1483/1404/1 1509/1429/1 1511/1431/1 1513/1433/1 
f 1481/1402/1 1483/1404/1 1513/1433/1 1515/1435/1 
f 1479/1400/1 1481/1402/1 1515/1435/1 1517/1437/1 
f 1477/1398/1 1479/1400/1 1517/1437/1 1519/1439/1 
f 1475/1396/1 1477/1398/1 1519/1439/1 1473/1394/1 
f 1473/1394/1 1519/1439/1 1521/1441/1 1471/1392/1 
f 1471/1392/1 1521/1441/1 1523/1442/1 1469/1390/1 
f 1469/1390/1 1523/1442/1 1525/1444/1 1467/1389/1 
f 1467/1389/1 1525/1444/1 1527/1445/1 1465/1387/1 
f 1465/1387/1 1527/1445/1 1529/1446/1 1463/1385/1 
f 1463/1385/1 1529/1446/1 1531/1448/1 1461/1383/1 
f 1461/1383/1 1531/1448/1 1533/1450/1 1535/1452/1 
f 1459/1381/1 1461/1383/1 1535/1452/1 1537/1454/1 
f 1457/1379/1 1459/1381/1 1537/1454/1 1539/1456/1 
f 1457/1379/1 1539/1456/1 1541/1458/1 1455/1377/1 
f 1455/1377/1 1541/1458/1 1543/1459/1 1453/1375/1 
f 1453/1375/1 1543/1459/1 1545/1460/1 1547/1461/1 
f 1451/1373/1 1453/1375/1 1547/1461/1 1549/1463/1 
f 1451/1373/1 1549/1463/1 1551/1465/1 1449/1371/1 
f 1449/1371/1 1551/1465/1 1553/1467/1 1447/1369/1 
f 1447/1369/1 1553/1467/1 1555/1468/1 1557/1470/1 
f 1445/1367/1 1447/1369/1 1557/1470/1 1559/1472/1 
f 1443/1365/1 1445/1367/1 1559/1472/1 1561/1473/1 
f 1443/1365/1 1561/1473/1 1563/1475/1 1441/1364/1 
f 1441/1364/1 1563/1475/1 1565/1476/1 1439/1362/1 
f 1439/1362/1 1565/1476/1 1567/1478/1 1569/1479/1 
f 1437/1360/1 1439/1362/1 1569/1479/1 1435/1359/1 
f 1435/1359/1 1569/1479/1 1571/1480/1 1433/1357/1 
f 1433/1357/1 1571/1480/1 1573/1482/1 1431/1355/1 
f 1431/1355/1 1573/1482/1 1575/1484/1 1429/1353/1 
f 1429/1353/1 1575/1484/1 1577/1486/1 1427/1352/1 
f 1427/1352/1 1577/1486/1 1579/1488/1 1425/1351/1 
f 1425/1351/1 1579/1488/1 1581/1490/1 1423/1349/1 
f 1423/1349/1 1581/1490/1 1583/1491/1 1421/1347/1 
f 1421/1347/1 1583/1491/1 1585/1492/1 1419/1345/1 
f 1419/1345/1 1585/1492/1 1587/1494/1 1417/1344/1 
f 1417/1344/1 1587/1494/1 1589/1495/1 1415/1342/1 
f 1415/1342/1 1589/1495/1 1591/1497/1 1413/1341/1 
f 1413/1341/1 1591/1497/1 1593/1498/1 1411/1339/1 
f 1411/1339/1 1593/1498/1 1595/1499/1 1409/1337/1 
f 1409/1337/1 1595/1499/1 1597/1501/1 1407/1336/1 
f 1407/1336/1 1597/1501/1 1599/1503/1 1405/1334/1 
f 1405/1334/1 1599/1503/1 1601/1505/1 1403/1333/1 
f 1401/1331/1 1403/1333/1 1601/1505/1 1603/1507/1 
f 1399/1329/1 1401/1331/1 1603/1507/1 1605/1509/1 
f 1397/1327/1 1399/1329/1 1605/1509/1 1607/1511/1 
f 1395/1325/1 1397/1327/1 1607/1511/1 1609/1513/1 
f 1393/1323/1 1395/1325/1 1609/1513/1 1611/1515/1 
f 1391/1321/1 1393/1323/1 1611/1515/1 1613/1517/1 
f 1389/1319/1 1391/1321/1 1613/1517/1 1615/1519/1 
f 1389/1319/1 1615/1519/1 1617/1521/1 1387/1317/1 
f 1387/1317/1 1617/1521/1 1619/1523/1 1385/1315/1 
f 1385/1315/1 1619/1523/1 1621/1525/1 1381/1311/1 
f 1623/1527/83 1381/1311/84 1621/1525/85 
f 1635/1539/1 1637/1541/1 1639/1543/1 1633/1537/1 
f 1639/1543/1 1641/1545/1 1628/1532/1 1627/1531/1 
f 1627/1531/1 1631/1535/1 1633/1537/1 1639/1543/1 
f 1885/1789/86 1887/1791/87 1707/1611/88 1709/1613/89 
f 1885/1789/1 1709/1613/1 1711/1615/1 1883/1787/1 
f 1883/1787/1 1711/1615/1 1713/1617/1 1881/1785/1 
f 1881/1785/1 1713/1617/1 1715/1619/1 1717/1621/1 
f 1879/1783/1 1881/1785/1 1717/1621/1 1719/1623/1 
f 1877/1781/1 1879/1783/1 1719/1623/1 1721/1625/1 
f 1877/1781/1 1721/1625/1 1723/1627/1 1875/1779/1 
f 1875/1779/1 1723/1627/1 1725/1629/1 1873/1777/1 
f 1873/1777/1 1725/1629/1 1727/1631/1 1871/1775/1 
f 1871/1775/1 1727/1631/1 1729/1633/1 1731/1635/1 
f 1869/1773/1 1871/1775/1 1731/1635/1 1733/1637/1 
f 1867/1771/1 1869/1773/1 1733/1637/1 1735/1639/1 
f 1865/1769/1 1867/1771/1 1735/1639/1 1737/1641/1 
f 1865/1769/1 1737/1641/1 1739/1643/1 1863/1767/1 
f 1863/1767/1 1739/1643/1 1741/1645/1 1861/1765/1 
f 1861/1765/1 1741/1645/1 1743/1647/1 1745/1649/1 
f 1859/1763/1 1861/1765/1 1745/1649/1 1747/1651/1 
f 1857/1761/1 1859/1763/1 1747/1651/1 1749/1653/1 
f 1857/1761/1 1749/1653/1 1751/1655/1 1855/1759/1 
f 1855/1759/1 1751/1655/1 1753/1657/1 1755/1659/1 
f 1853/1757/1 1855/1759/1 1755/1659/1 1757/1661/1 
f 1851/1755/1 1853/1757/1 1757/1661/1 1759/1663/1 
f 1851/1755/1 1759/1663/1 1761/1665/1 1849/1753/1 
f 1849/1753/1 1761/1665/1 1763/1667/1 1847/1751/1 
f 1847/1751/1 1763/1667/1 1765/1669/1 1767/1671/1 
f 1845/1749/1 1847/1751/1 1767/1671/1 1769/1673/1 
f 1843/1747/1 1845/1749/1 1769/1673/1 1771/1675/1 
f 1843/1747/1 1771/1675/1 1773/1677/1 1841/1745/1 
f 1841/1745/1 1773/1677/1 1775/1679/1 1839/1743/1 
f 1839/1743/1 1775/1679/1 1777/1681/1 1837/1741/1 
f 1837/1741/1 1777/1681/1 1779/1683/1 1781/1685/1 
f 1835/1739/1 1837/1741/1 1781/1685/1 1783/1687/1 
f 1833/1737/1 1835/1739/1 1783/1687/1 1785/1689/1 
f 1833/1737/1 1785/1689/1 1787/1691/1 1831/1735/1 
f 1831/1735/1 1787/1691/1 1789/1693/1 1791/1695/1 
f 1829/1733/1 1831/1735/1 1791/1695/1 1793/1697/1 
f 1827/1731/1 1829/1733/1 1793/1697/1 1795/1699/1 
f 1827/1731/1 1795/1699/1 1797/1701/1 1825/1729/1 
f 1825/1729/1 1797/1701/1 1799/1703/1 1823/1727/1 
f 1823/1727/1 1799/1703/1 1801/1705/1 1803/1707/1 
f 1821/1725/1 1823/1727/1 1803/1707/1 1805/1709/1 
f 1819/1723/1 1821/1725/1 1805/1709/1 1807/1711/1 
f 1819/1723/1 1807/1711/1 1809/1713/1 1815/1719/1 
f 1815/1719/1 1809/1713/1 1811/1715/1 1816/1720/1 
f 1816/1720/1 1811/1715/1 1813/1717/1 1644/1548/1 
f 1929/1833/1 1816/1720/1 1644/1548/1 1643/1547/1 
f 1705/1609/1 1707/1611/1 1887/1791/1 1889/1793/1 
f 1703/1607/1 1705/1609/1 1889/1793/1 1701/1605/1 
f 1701/1605/1 1889/1793/1 1891/1795/1 1699/1603/1 
f 1699/1603/1 1891/1795/1 1893/1797/1 1697/1601/1 
f 1695/1599/1 1697/1601/1 1893/1797/1 1895/1799/1 
f 1693/1597/1 1695/1599/1 1895/1799/1 1897/1801/1 
f 1691/1595/1 1693/1597/1 1897/1801/1 1689/1593/1 
f 1689/1593/1 1897/1801/1 1899/1803/1 1687/1591/1 
f 1687/1591/1 1899/1803/1 1901/1805/1 1685/1589/1 
f 1683/1587/1 1685/1589/1 1901/1805/1 1903/1807/1 
f 1681/1585/1 1683/1587/1 1903/1807/1 1905/1809/1 
f 1679/1583/1 1681/1585/1 1905/1809/1 1907/1811/1 
f 1677/1581/1 1679/1583/1 1907/1811/1 1675/1579/1 
f 1675/1579/1 1907/1811/1 1909/1813/1 1673/1577/1 
f 1673/1577/1 1909/1813/1 1911/1815/1 1671/1575/1 
f 1669/1573/1 1671/1575/1 1911/1815/1 1913/1817/1 
f 1667/1571/1 1669/1573/1 1913/1817/1 1665/1569/1 
f 1665/1569/1 1913/1817/1 1915/1819/1 1663/1567/1 
f 1663/1567/1 1915/1819/1 1917/1821/1 1661/1565/1 
f 1659/1563/1 1661/1565/1 1917/1821/1 1919/1823/1 
f 1657/1561/1 1659/1563/1 1919/1823/1 1921/1825/1 
f 1655/1559/1 1657/1561/1 1921/1825/1 1653/1557/1 
f 1653/1557/1 1921/1825/1 1923/1827/1 1651/1555/1 
f 1651/1555/1 1923/1827/1 1925/1829/1 1649/1553/1 
f 1647/1551/1 1649/1553/1 1925/1829/1 1927/1831/1 
f 1643/1547/1 1647/1551/1 1927/1831/1 1929/1833/1 
f 1932/1836/1 1931/1835/1 1935/1839/1 1937/1841/1 
f 1985/1889/90 1987/1891/91 2015/1919/92 2017/1921/93 
f 1985/1889/1 2017/1921/1 2019/1923/1 1983/1887/1 
f 1983/1887/1 2019/1923/1 2021/1925/1 1981/1885/1 
f 1981/1885/1 2021/1925/1 2023/1927/1 1979/1883/1 
f 1979/1883/1 2023/1927/1 2025/1929/1 1977/1881/1 
f 1975/1879/1 1977/1881/1 2025/1929/1 2027/1931/1 
f 1973/1877/1 1975/1879/1 2027/1931/1 2029/1933/1 
f 1971/1875/1 1973/1877/1 2029/1933/1 1969/1873/1 
f 1969/1873/1 2029/1933/1 2031/1935/1 1967/1871/1 
f 1967/1871/1 2031/1935/1 2033/1937/1 1965/1869/1 
f 1965/1869/1 2033/1937/1 2035/1939/1 1963/1867/1 
f 1961/1865/1 1963/1867/1 2035/1939/1 1959/1863/1 
f 1957/1861/1 1959/1863/1 2035/1939/1 1955/1859/1 
f 1953/1857/1 1955/1859/1 2035/1939/1 1951/1855/1 
f 1949/1853/1 1951/1855/1 2035/1939/1 1947/1851/1 
f 1945/1849/1 1947/1851/1 2035/1939/1 1943/1847/1 
f 1941/1845/1 1943/1847/1 2035/1939/1 1939/1843/1 
f 1937/1841/1 1939/1843/1 2035/1939/1 1932/1836/1 
f 1932/1836/1 2035/1939/1 2037/1941/1 2039/1943/1 
f 1932/1836/1 2039/1943/1 2041/1945/1 2043/1947/1 
f 1932/1836/1 2043/1947/1 2045/1949/1 2003/1907/1 
f 2013/1917/1 2015/1919/1 1987/1891/1 1989/1893/1 
f 2011/1915/1 2013/1917/1 1989/1893/1 1991/1895/1 
f 2009/1913/1 2011/1915/1 1991/1895/1 2005/1909/1 
f 2005/1909/1 1991/1895/1 1993/1897/1 2006/1910/1 
f 2006/1910/1 1993/1897/1 1995/1899/1 2065/1968/1 
f 1997/1901/1 1999/1903/1 2001/1905/1 1995/1899/1 
f 2065/1968/1 1995/1899/1 2001/1905/1 2003/1907/1 
f 2063/1966/1 2065/1968/1 2003/1907/1 2061/1964/1 
f 2059/1963/1 2061/1964/1 2003/1907/1 2057/1961/1 
f 2055/1959/1 2057/1961/1 2003/1907/1 2053/1957/1 
f 2051/1955/1 2053/1957/1 2003/1907/1 2049/1953/1 
f 2047/1951/1 2049/1953/1 2003/1907/1 2045/1949/1 
f 2071/1974/1 2073/1976/1 2075/1978/1 2067/1970/1 
f 2081/1984/1 2083/1986/1 2085/1988/1 2079/1982/1 
f 2077/1980/1 2079/1982/1 2085/1988/1 2075/1978/1 
f 2075/1978/1 2085/1988/1 2068/1971/1 2067/1970/1 
f 2091/1994/1 2093/1996/1 2095/1998/1 2097/2000/1 
f 2131/2033/1 2133/2035/1 2135/2037/1 2129/2031/1 
f 2129/2031/1 2135/2037/1 2137/2039/1 2127/2029/1 
f 2127/2029/1 2137/2039/1 2139/2041/1 2125/2027/1 
f 2123/2025/1 2125/2027/1 2139/2041/1 2141/2043/1 
f 2123/2025/1 2141/2043/1 2143/2045/1 2145/2047/1 
f 2123/2025/1 2145/2047/1 2147/2049/1 2149/2051/1 
f 2123/2025/1 2149/2051/1 2151/2053/1 2153/2055/1 
f 2123/2025/1 2153/2055/1 2155/2057/1 2121/2023/1 
f 2121/2023/1 2155/2057/1 2157/2059/1 2119/2021/1 
f 2119/2021/1 2157/2059/1 2159/2061/1 2161/2063/1 
f 2119/2021/1 2161/2063/1 2163/2065/1 2117/2019/1 
f 2117/2019/1 2163/2065/1 2165/2067/1 2115/2018/1 
f 2115/2018/1 2165/2067/1 2167/2069/1 2113/2016/1 
f 2113/2016/1 2167/2069/1 2169/2071/1 2171/2070/1 
f 2111/2014/1 2113/2016/1 2171/2070/1 2173/2074/1 
f 2111/2014/1 2173/2074/1 2175/2076/1 2177/2078/1 
f 2111/2014/1 2177/2078/1 2179/2080/1 2181/2082/1 
f 2111/2014/1 2181/2082/1 2183/2084/1 2185/2086/1 
f 2111/2014/1 2185/2086/1 2187/2088/1 2189/2090/1 
f 2111/2014/1 2189/2090/1 2191/2092/1 2193/2094/1 
f 2111/2014/1 2193/2094/1 2195/2096/1 2109/2012/1 
f 2109/2012/1 2195/2096/1 2197/2098/1 2107/2010/1 
f 2105/2008/1 2107/2010/1 2197/2098/1 2088/1991/1 
f 2103/2006/1 2105/2008/1 2088/1991/1 2101/2004/1 
f 2099/2002/1 2101/2004/1 2088/1991/1 2087/1990/1 
f 2097/2000/1 2099/2002/1 2087/1990/1 2091/1994/1 
f 2441/2338/1 2443/2340/1 2200/2101/1 2199/2100/1 
f 2313/2210/1 2315/2212/1 2317/2214/1 2311/2208/1 
f 2311/2208/1 2317/2214/1 2319/2216/1 2309/2206/1 
f 2309/2206/1 2319/2216/1 2321/2218/1 2307/2204/1 
f 2307/2204/1 2321/2218/1 2323/2220/1 2305/2202/1 
f 2305/2202/1 2323/2220/1 2325/2222/1 2303/2200/1 
f 2303/2200/1 2325/2222/1 2327/2224/1 2301/2198/1 
f 2301/2198/1 2327/2224/1 2329/2226/1 2331/2228/1 
f 2299/2196/1 2301/2198/1 2331/2228/1 2333/2230/1 
f 2297/2194/1 2299/2196/1 2333/2230/1 2335/2232/1 
f 2295/2192/1 2297/2194/1 2335/2232/1 2337/2234/1 
f 2293/2190/1 2295/2192/1 2337/2234/1 2291/2188/1 
f 2291/2188/1 2337/2234/1 2339/2236/1 2289/2187/1 
f 2289/2187/1 2339/2236/1 2341/2238/1 2287/2185/1 
f 2287/2185/1 2341/2238/1 2343/2240/1 2285/2183/1 
f 2285/2183/1 2343/2240/1 2345/2242/1 2283/2182/1 
f 2283/2182/1 2345/2242/1 2347/2244/1 2281/2180/1 
f 2281/2180/1 2347/2244/1 2349/2246/1 2279/2178/1 
f 2279/2178/1 2349/2246/1 2351/2248/1 2353/2250/1 
f 2277/2176/1 2279/2178/1 2353/2250/1 2355/2252/1 
f 2275/2174/1 2277/2176/1 2355/2252/1 2357/2254/1 
f 2275/2174/1 2357/2254/1 2359/2256/1 2273/2172/1 
f 2273/2172/1 2359/2256/1 2361/2258/1 2271/2170/1 
f 2271/2170/1 2361/2258/1 2363/2260/1 2365/2262/1 
f 2269/2168/1 2271/2170/1 2365/2262/1 2367/2264/1 
f 2269/2168/1 2367/2264/1 2369/2266/1 2267/2166/1 
f 2267/2166/1 2369/2266/1 2371/2268/1 2265/2164/1 
f 2265/2164/1 2371/2268/1 2373/2270/1 2375/2272/1 
f 2263/2162/1 2265/2164/1 2375/2272/1 2377/2274/1 
f 2261/2160/1 2263/2162/1 2377/2274/1 2379/2276/1 
f 2261/2160/1 2379/2276/1 2381/2278/1 2259/2158/1 
f 2259/2158/1 2381/2278/1 2383/2280/1 2257/2156/1 
f 2257/2156/1 2383/2280/1 2385/2282/1 2387/2284/1 
f 2255/2154/1 2257/2156/1 2387/2284/1 2253/2152/1 
f 2253/2152/1 2387/2284/1 2389/2286/1 2251/2150/1 
f 2251/2150/1 2389/2286/1 2391/2288/1 2249/2148/1 
f 2249/2148/1 2391/2288/1 2393/2290/1 2247/2146/1 
f 2247/2146/1 2393/2290/1 2395/2292/1 2245/2144/1 
f 2245/2144/1 2395/2292/1 2397/2294/1 2243/2142/1 
f 2243/2142/1 2397/2294/1 2399/2296/1 2241/2140/1 
f 2241/2140/1 2399/2296/1 2401/2298/1 2239/2138/1 
f 2239/2138/1 2401/2298/1 2403/2300/1 2237/2136/1 
f 2237/2136/1 2403/2300/1 2405/2302/1 2235/2134/1 
f 2235/2134/1 2405/2302/1 2407/2304/1 2233/2132/1 
f 2233/2132/1 2407/2304/1 2409/2306/1 2231/2130/1 
f 2231/2130/1 2409/2306/1 2411/2308/1 2229/2128/1 
f 2229/2128/1 2411/2308/1 2413/2310/1 2227/2127/1 
f 2227/2127/1 2413/2310/1 2415/2312/1 2225/2125/1 
f 2225/2125/1 2415/2312/1 2417/2314/1 2223/2124/1 
f 2223/2124/1 2417/2314/1 2419/2316/1 2221/2122/1 
f 2219/2120/1 2221/2122/1 2419/2316/1 2421/2318/1 
f 2217/2118/1 2219/2120/1 2421/2318/1 2423/2320/1 
f 2215/2116/1 2217/2118/1 2423/2320/1 2425/2322/1 
f 2213/2114/1 2215/2116/1 2425/2322/1 2427/2324/1 
f 2211/2112/1 2213/2114/1 2427/2324/1 2429/2326/1 
f 2209/2110/1 2211/2112/1 2429/2326/1 2431/2328/1 
f 2207/2108/1 2209/2110/1 2431/2328/1 2433/2330/1 
f 2207/2108/1 2433/2330/1 2435/2332/1 2205/2106/1 
f 2205/2106/1 2435/2332/1 2437/2334/1 2203/2104/1 
f 2203/2104/1 2437/2334/1 2439/2336/1 2199/2100/1 
f 2441/2338/94 2199/2100/95 2439/2336/96 
f 2687/2580/97 2689/2582/98 2509/2405/99 2511/2407/100 
f 2687/2580/1 2511/2407/1 2513/2409/1 2685/2578/1 
f 2685/2578/1 2513/2409/1 2515/2411/1 2683/2576/1 
f 2683/2576/1 2515/2411/1 2517/2413/1 2519/2415/1 
f 2681/2574/1 2683/2576/1 2519/2415/1 2521/2417/1 
f 2679/2572/1 2681/2574/1 2521/2417/1 2523/2419/1 
f 2679/2572/1 2523/2419/1 2525/2421/1 2677/2570/1 
f 2677/2570/1 2525/2421/1 2527/2423/1 2675/2568/1 
f 2675/2568/1 2527/2423/1 2529/2425/1 2673/2566/1 
f 2673/2566/1 2529/2425/1 2531/2427/1 2533/2429/1 
f 2671/2564/1 2673/2566/1 2533/2429/1 2535/2431/1 
f 2669/2562/1 2671/2564/1 2535/2431/1 2537/2433/1 
f 2667/2560/1 2669/2562/1 2537/2433/1 2539/2435/1 
f 2667/2560/1 2539/2435/1 2541/2437/1 2665/2558/1 
f 2665/2558/1 2541/2437/1 2543/2439/1 2663/2556/1 
f 2663/2556/1 2543/2439/1 2545/2441/1 2547/2443/1 
f 2661/2554/1 2663/2556/1 2547/2443/1 2549/2445/1 
f 2659/2552/1 2661/2554/1 2549/2445/1 2551/2447/1 
f 2659/2552/1 2551/2447/1 2553/2449/1 2657/2550/1 
f 2657/2550/1 2553/2449/1 2555/2451/1 2557/2453/1 
f 2655/2548/1 2657/2550/1 2557/2453/1 2559/2455/1 
f 2653/2546/1 2655/2548/1 2559/2455/1 2561/2457/1 
f 2653/2546/1 2561/2457/1 2563/2459/1 2651/2544/1 
f 2651/2544/1 2563/2459/1 2565/2461/1 2649/2542/1 
f 2649/2542/1 2565/2461/1 2567/2463/1 2569/2465/1 
f 2647/2540/1 2649/2542/1 2569/2465/1 2571/2467/1 
f 2645/2539/1 2647/2540/1 2571/2467/1 2573/2469/1 
f 2645/2539/1 2573/2469/1 2575/2471/1 2643/2538/1 
f 2643/2538/1 2575/2471/1 2577/2473/1 2641/2536/1 
f 2641/2536/1 2577/2473/1 2579/2474/1 2639/2534/1 
f 2639/2534/1 2579/2474/1 2581/2476/1 2583/2478/1 
f 2637/2532/1 2639/2534/1 2583/2478/1 2585/2480/1 
f 2635/2530/1 2637/2532/1 2585/2480/1 2587/2482/1 
f 2635/2530/1 2587/2482/1 2589/2484/1 2633/2528/1 
f 2633/2528/1 2589/2484/1 2591/2486/1 2593/2488/1 
f 2631/2526/1 2633/2528/1 2593/2488/1 2595/2490/1 
f 2629/2524/1 2631/2526/1 2595/2490/1 2597/2492/1 
f 2629/2524/1 2597/2492/1 2599/2494/1 2627/2522/1 
f 2627/2522/1 2599/2494/1 2601/2496/1 2625/2520/1 
f 2625/2520/1 2601/2496/1 2603/2498/1 2605/2500/1 
f 2623/2518/1 2625/2520/1 2605/2500/1 2607/2502/1 
f 2621/2516/1 2623/2518/1 2607/2502/1 2609/2504/1 
f 2621/2516/1 2609/2504/1 2611/2506/1 2617/2512/1 
f 2617/2512/1 2611/2506/1 2613/2508/1 2618/2513/1 
f 2618/2513/1 2613/2508/1 2615/2510/1 2446/2343/1 
f 2731/2623/1 2618/2513/1 2446/2343/1 2445/2342/1 
f 2507/2403/1 2509/2405/1 2689/2582/1 2691/2584/1 
f 2505/2401/1 2507/2403/1 2691/2584/1 2503/2399/1 
f 2503/2399/1 2691/2584/1 2693/2586/1 2501/2397/1 
f 2501/2397/1 2693/2586/1 2695/2588/1 2499/2395/1 
f 2497/2393/1 2499/2395/1 2695/2588/1 2697/2590/1 
f 2495/2391/1 2497/2393/1 2697/2590/1 2699/2592/1 
f 2493/2389/1 2495/2391/1 2699/2592/1 2491/2387/1 
f 2491/2387/1 2699/2592/1 2701/2594/1 2489/2385/1 
f 2489/2385/1 2701/2594/1 2703/2596/1 2487/2383/1 
f 2485/2382/1 2487/2383/1 2703/2596/1 2705/2597/1 
f 2483/2380/1 2485/2382/1 2705/2597/1 2707/2599/1 
f 2481/2378/1 2483/2380/1 2707/2599/1 2709/2601/1 
f 2479/2376/1 2481/2378/1 2709/2601/1 2477/2374/1 
f 2477/2374/1 2709/2601/1 2711/2603/1 2475/2372/1 
f 2475/2372/1 2711/2603/1 2713/2605/1 2473/2370/1 
f 2471/2368/1 2473/2370/1 2713/2605/1 2715/2607/1 
f 2469/2366/1 2471/2368/1 2715/2607/1 2467/2364/1 
f 2467/2364/1 2715/2607/1 2717/2609/1 2465/2362/1 
f 2465/2362/1 2717/2609/1 2719/2611/1 2463/2360/1 
f 2461/2358/1 2463/2360/1 2719/2611/1 2721/2613/1 
f 2459/2356/1 2461/2358/1 2721/2613/1 2723/2615/1 
f 2457/2354/1 2459/2356/1 2723/2615/1 2455/2352/1 
f 2455/2352/1 2723/2615/1 2725/2617/1 2453/2350/1 
f 2453/2350/1 2725/2617/1 2727/2619/1 2451/2348/1 
f 2449/2346/1 2451/2348/1 2727/2619/1 2729/2621/1 
f 2445/2342/1 2449/2346/1 2729/2621/1 2731/2623/1 
f 2751/2643/1 2753/2645/1 2755/2647/1 2749/2641/1 
f 2733/2625/1 2737/2629/1 2739/2631/1 2741/2633/1 
f 2734/2626/1 2733/2625/1 2741/2633/1 2761/2653/1 
f 2759/2651/1 2761/2653/1 2741/2633/1 2743/2635/1 
f 2759/2651/1 2743/2635/1 2745/2637/1 2747/2639/1 
f 2757/2649/1 2759/2651/1 2747/2639/1 2755/2647/1 
f 2755/2647/101 2747/2639/102 2749/2641/103 
# 2733 polygons - 14 triangles

#
# object arch
#

v  35.3092 -0.3904 11.8769
v  35.3092 1.8545 10.7405
v  27.4496 1.8545 11.8713
v  26.1744 -0.3904 12.5251
v  51.3187 -0.3904 -0.1074
v  49.5768 1.8545 -0.5538
v  47.7225 1.8545 9.5566
v  49.3876 -0.3904 10.7994
v  28.9796 15.0540 9.0735
v  40.0155 15.0540 9.1908
v  42.3661 15.6707 8.6150
v  30.2118 15.6707 8.9293
v  46.8580 15.0540 -1.5870
v  46.0946 15.6707 -1.1672
v  44.7621 15.6707 6.0713
v  45.5089 15.0540 7.9449
v  42.3661 20.4726 10.9738
v  30.2118 20.4726 9.3582
v  46.0946 20.4726 1.1503
v  44.7621 20.4726 8.4617
v  38.8800 25.5690 11.4812
v  38.7941 28.4077 11.3509
v  33.7955 28.4077 10.8529
v  33.7093 25.5690 10.6469
v  47.4296 23.9464 1.6181
v  47.4549 34.7057 -1.4720
v  46.2533 34.3981 9.6040
v  46.2533 29.8232 11.7182
v  46.2533 23.9322 12.5040
v  30.1178 39.0749 11.6775
v  42.4784 40.1563 7.4891
v  40.9977 51.6569 7.5619
v  28.4798 50.0216 10.5406
v  44.3568 40.3206 5.1791
v  45.5721 40.4270 -3.3752
v  44.0839 51.9970 -3.6443
v  42.8685 51.8907 5.0477
v  31.5856 37.8093 10.3172
v  41.1686 38.1981 7.3145
v  43.0577 38.2747 4.9249
v  44.1119 38.3175 -2.2522
v  27.5333 50.7782 7.5074
v  27.0506 50.7360 0.7520
v  26.2511 49.7565 0.9838
v  26.7511 49.8002 9.1415
v  39.6058 52.4298 6.8914
v  29.2775 51.0158 8.8072
v  36.9811 60.5296 6.4207
v  27.2076 56.5256 7.8269
v  42.0694 52.7303 -2.7769
v  39.3614 61.6629 -2.2375
v  38.3824 61.2238 4.6781
v  41.1837 52.6529 4.4741
v  26.1102 57.2568 10.5008
v  37.8956 62.0562 8.9629
v  35.6051 66.8457 10.7458
v  23.2445 60.2708 9.9040
v  39.5558 62.8064 7.1768
v  40.9220 63.3155 -2.0819
v  38.4430 68.2615 -0.5376
v  37.0380 67.7725 9.2570
v  18.0214 65.2036 4.2476
v  17.1500 65.2036 -2.3372
v  17.4305 63.9904 -2.2105
v  18.3717 63.9904 6.5523
v  26.4244 74.9442 7.6279
v  19.2267 66.5109 5.5224
v  19.5406 65.2943 7.8114
v  28.2262 75.3193 10.6416
v  14.8937 81.1941 7.5576
v  9.4918 71.4597 8.4275
v  27.7797 77.1723 -0.0538
v  16.1153 83.8412 -0.9679
v  15.6232 82.7709 5.9084
v  27.3653 76.2502 6.4932
v  7.7523 70.5735 11.5406
v  14.4108 83.3697 9.9134
v  1.5253 85.8100 7.4480
v  1.5253 70.4465 11.3616
v  14.9471 84.9257 8.1311
v  15.6637 86.0097 -1.2656
v  1.5253 88.0833 -3.5777
v  1.5253 87.3822 5.7811
v  30.9137 21.1837 9.4776
v  41.6630 21.1837 11.0556
v  42.5848 21.9249 12.5322
v  29.9872 21.9249 11.2566
v  44.0746 21.1837 8.5812
v  45.3265 21.1837 1.5743
v  46.4591 22.1802 1.5932
v  45.0687 22.1802 10.5461
v  27.1346 3.8194 8.5562
v  26.0214 8.2513 0.0265
v  25.7902 1.7699 1.2655
v  25.8844 1.7699 2.0891
v  26.9757 1.7699 9.4355
v  24.7601 1.8545 2.9029
v  25.5345 1.8545 10.4490
v  39.9960 25.1800 13.4079
v  32.5934 25.1800 13.3135
v  39.8727 29.9007 13.0010
v  32.1515 37.1168 11.9475
v  40.4816 37.2533 9.6628
v  27.4423 34.3981 10.2220
v  32.7169 29.9007 13.7773
v  33.4606 32.1865 13.5686
v  34.9774 34.1442 13.0557
v  37.6119 34.1443 12.6418
v  35.4994 31.6485 10.8755
v  37.0900 31.6485 10.8223
v  34.3439 30.5760 10.8981
v  46.8107 1.7698 8.1039
v  48.1053 1.7698 -0.9153
v  37.3019 -0.3904 10.5851
v  46.7921 -0.3904 12.1422
v  46.2252 1.8545 10.7546
v  37.3019 1.8545 9.5098
v  28.6759 1.7699 10.4216
v  35.3092 1.7699 8.8876
v  36.3053 -0.3868 9.8438
v  36.3053 -0.2118 8.0161
v  40.9022 1.7698 9.7228
v  29.4215 38.1630 8.5949
v  27.9440 36.6445 9.8477
v  45.2804 36.7188 7.5616
v  27.4423 23.9322 8.4866
v  24.3539 -0.3904 10.8115
v  27.2931 15.0540 7.1172
v  27.9242 15.6707 6.2812
v  40.8404 14.5071 9.9506
v  27.9242 20.4726 6.1679
v  27.8138 39.3492 9.7913
v  25.4681 56.0852 6.3794
v  24.4786 56.7434 9.0796
v  21.8441 59.3622 8.5337
v  29.2191 76.6232 9.4979
v  8.4979 69.6936 7.1945
v  7.4464 68.8750 10.2103
v  1.5253 68.7386 10.1582
v  28.1229 22.1802 7.9370
v  28.6193 21.1837 6.2791
v  28.8277 3.8194 9.6544
v  45.7152 1.7698 9.3544
v  21.2098 59.1810 -1.3814
v  38.2455 30.5760 10.9661
v  39.1290 32.1865 13.2702
v  27.4423 30.0773 9.3492
v  28.7367 38.1352 1.6773
v  27.6730 36.9002 1.2935
v  26.8942 34.5807 0.5683
v  26.8307 23.9340 -1.3647
v  24.6551 -0.0163 1.7045
v  23.6549 -0.3904 4.0288
v  24.5196 -0.3885 1.7542
v  49.2445 -0.5975 -2.2153
v  48.1495 0.2128 -2.5100
v  48.0140 1.8133 -2.3762
v  26.2403 15.0540 -1.1645
v  40.0553 3.8194 9.7605
v  46.1598 8.4119 9.6420
v  40.8524 5.2885 9.5690
v  27.0631 15.6707 -0.9883
v  27.0631 20.4726 -1.3048
v  27.2164 22.1802 -1.2043
v  27.3314 39.3070 1.4968
v  24.8243 56.0852 -0.4280
v  24.1542 56.3814 -0.5110
v  29.8348 77.5566 0.3525
v  8.4842 68.9368 0.4612
v  7.3900 68.9292 0.6852
v  1.5253 68.3658 0.7795
v  27.8285 21.1837 -0.8746
v  46.0643 37.1672 -2.2769
v  35.3092 -0.3904 -17.1750
v  26.1744 -0.3904 -13.5781
v  27.4496 1.8545 -12.5466
v  35.3092 1.8545 -15.5514
v  51.3187 -0.3904 -2.9424
v  49.3876 -0.3904 -13.1381
v  47.7225 1.8545 -12.3933
v  49.5768 1.8545 -3.3805
v  28.9796 15.0540 -9.9317
v  30.2118 15.6707 -9.2041
v  42.3661 15.6707 -9.5183
v  40.0155 15.0540 -9.8144
v  45.5089 15.0540 -10.7814
v  44.7621 15.6707 -7.9695
v  30.2118 20.4726 -8.7752
v  42.3661 20.4726 -7.1595
v  44.7621 20.4726 -5.5790
v  38.8800 25.5690 -4.9681
v  33.7093 25.5690 -5.8024
v  33.7955 28.4077 -5.6845
v  38.7941 28.4077 -5.1865
v  46.2533 34.3981 -10.1425
v  46.2533 29.8232 -9.3701
v  46.2533 23.9322 -8.5843
v  30.1178 39.0749 -7.9752
v  28.4798 50.0216 -9.1120
v  40.9977 51.6569 -12.0906
v  42.4784 40.1563 -12.1634
v  44.3568 40.3206 -11.2309
v  42.8685 51.8907 -11.3624
v  31.5856 37.8093 -6.5810
v  41.1686 38.1981 -9.5837
v  43.0577 38.2747 -8.7341
v  27.5333 50.7782 -6.1202
v  26.7511 49.8002 -7.2380
v  39.6058 52.4298 -10.0068
v  29.2775 51.0158 -8.0910
v  27.2076 56.5256 -9.0712
v  36.9811 60.5296 -10.4775
v  41.1837 52.6529 -9.1850
v  38.3824 61.2238 -8.9667
v  26.1102 57.2568 -12.0469
v  23.2445 60.2708 -13.2966
v  35.6051 66.8457 -12.1999
v  37.8956 62.0562 -12.6047
v  39.5558 62.8064 -11.0159
v  37.0380 67.7725 -10.3576
v  18.0214 65.2036 -9.3996
v  18.3717 63.9904 -11.4304
v  26.4244 74.9442 -9.3000
v  28.2262 75.3193 -11.3781
v  19.5406 65.2943 -13.5118
v  19.2267 66.5109 -11.3794
v  9.4918 71.4597 -8.4707
v  14.8937 81.1941 -9.3406
v  27.3653 76.2502 -7.1603
v  15.6232 82.7709 -7.7604
v  7.7523 70.5735 -10.7434
v  1.5253 70.4465 -10.8141
v  1.5253 85.8100 -14.5970
v  14.4108 83.3697 -12.0152
v  14.9471 84.9257 -10.4950
v  1.5253 87.3822 -12.9773
v  30.9137 21.1837 -8.0948
v  29.9872 21.9249 -10.5808
v  42.5848 21.9249 -8.5573
v  41.6630 21.1837 -6.5167
v  44.0746 21.1837 -4.8885
v  45.0687 22.1802 -6.6845
v  27.1346 3.8194 -7.0831
v  25.8844 1.7699 0.3916
v  26.9757 1.7699 -9.7679
v  25.5345 1.8545 -9.9583
v  24.7601 1.8545 0.0825
v  32.5934 25.1800 -9.3794
v  39.9960 25.1800 -8.1445
v  39.8727 29.9007 -8.8545
v  40.4816 37.2533 -10.6315
v  32.1515 37.1168 -8.1798
v  27.4423 34.3981 -8.6863
v  34.9774 34.1442 -8.8511
v  33.4606 32.1865 -8.8829
v  32.7169 29.9007 -9.2189
v  37.6119 34.1443 -9.2650
v  37.0900 31.6485 -5.8032
v  35.4994 31.6485 -5.7498
v  34.3439 30.5760 -5.6833
v  46.8107 1.7698 -11.2984
v  48.1053 1.7698 -3.8126
v  37.8529 -0.3904 -17.1262
v  37.8529 1.8545 -15.4412
v  46.2252 1.8545 -13.9995
v  46.7921 -0.3904 -15.6848
v  28.6759 1.7699 -12.0591
v  35.3092 1.7698 -13.7249
v  36.3055 -0.3868 -16.4481
v  36.4044 -0.2118 -13.9457
v  39.9340 1.7698 -14.3126
v  27.9440 36.6445 -7.1776
v  29.4215 38.1630 -5.0416
v  45.2804 36.7188 -9.9233
v  27.4423 23.9322 -10.4216
v  24.3539 -0.3904 -10.9036
v  27.2931 15.0540 -8.8324
v  27.9242 15.6707 -7.7311
v  40.8404 15.0540 -11.9002
v  27.9242 20.4726 -7.8444
v  27.8138 39.3492 -6.5880
v  25.4681 56.0852 -7.2549
v  24.4786 56.7434 -10.3105
v  21.8441 59.3622 -11.4177
v  29.2191 76.6232 -9.3222
v  8.4979 69.6936 -6.4457
v  7.4464 68.8750 -8.8456
v  1.5253 68.7386 -8.7543
v  28.6193 21.1837 -7.1596
v  28.1229 22.1802 -9.2641
v  28.8277 3.8194 -9.2626
v  45.7152 1.7698 -12.6882
v  38.2455 30.5760 -5.6153
v  39.1290 32.1865 -9.1813
v  27.4423 30.0773 -9.5591
v  23.6549 -0.3904 -0.2046
v  40.0553 3.8194 -12.9396
v  46.1598 8.4119 -11.4645
v  41.1073 5.4932 -14.4156
v  -32.2582 -0.3904 14.0162
v  -23.1239 -0.3904 13.6307
v  -24.3991 1.8545 12.4635
v  -32.2582 1.8545 12.4628
v  -48.2682 -0.3904 -2.0709
v  -46.3368 -0.3904 9.4741
v  -44.6715 1.8545 8.1551
v  -46.5260 1.8545 -2.3856
v  -25.9288 15.0540 11.0055
v  -27.1610 15.6708 10.3191
v  -39.3156 15.6708 5.6970
v  -36.9645 15.0540 6.8294
v  -43.8075 15.0540 -4.2228
v  -42.4581 15.0540 5.2904
v  -41.7116 15.6708 3.1060
v  -43.0438 15.6708 -4.1127
v  -27.1610 20.4726 9.7855
v  -39.3156 20.4726 5.6077
v  -41.7116 20.4726 3.0015
v  -43.0438 20.4726 -4.2240
v  -35.8292 25.5690 5.2940
v  -30.6586 25.5690 7.0138
v  -30.7448 28.4077 6.4629
v  -35.7433 28.4077 4.9837
v  -43.2023 34.3981 5.0530
v  -44.4042 34.7057 -5.5606
v  -44.3785 23.9464 -4.6730
v  -43.2023 29.8233 5.2775
v  -43.2023 23.9322 5.9522
v  -27.0670 39.0749 7.7917
v  -25.4293 50.0216 8.0603
v  -37.9472 51.6569 7.5492
v  -39.4276 40.1563 6.0276
v  -41.3058 40.3206 3.8282
v  -39.8175 51.8907 5.4893
v  -41.0331 51.9971 -2.9503
v  -42.5214 40.4270 -4.6893
v  -28.5348 37.8093 6.3170
v  -38.1178 38.1981 4.6040
v  -40.0070 38.2747 2.3717
v  -41.0612 38.3175 -4.7489
v  -24.4823 50.7782 4.7590
v  -23.7001 49.8002 6.0768
v  -23.2003 49.7565 -2.2163
v  -23.9999 50.7360 -2.1508
v  -36.5553 52.4298 6.4543
v  -26.2267 51.0158 6.7189
v  -24.1569 56.5256 5.4346
v  -33.9306 60.5296 5.8511
v  -39.0187 52.7304 -2.5818
v  -38.1332 52.6529 4.4413
v  -35.3319 61.2239 4.0377
v  -36.3107 61.6630 -2.9337
v  -23.0597 57.2568 7.9720
v  -20.1940 60.2708 7.6134
v  -32.5546 66.8457 9.1490
v  -34.8451 62.0562 8.0260
v  -36.5050 62.8064 6.1333
v  -33.9874 67.7725 7.5526
v  -35.3922 68.2615 -2.3407
v  -37.8712 63.3155 -3.0587
v  -14.9706 65.2036 2.8198
v  -15.3209 63.9904 4.9344
v  -14.3795 63.9904 -3.9380
v  -14.0995 65.2036 -3.8873
v  -23.3739 74.9442 3.3372
v  -25.1752 75.3193 6.1643
v  -16.4901 65.2943 6.5257
v  -16.1759 66.5109 4.3588
v  -6.4410 71.4597 5.6287
v  -11.8429 81.1941 2.3934
v  -24.7286 77.1723 -5.3856
v  -24.3146 76.2503 1.5685
v  -12.5724 82.7709 0.7827
v  -13.0648 83.8412 -5.9738
v  -4.7015 70.5735 9.3031
v  -11.3598 83.3697 5.1653
v  -11.8964 84.9257 3.7239
v  -12.6127 86.0097 -5.4253
v  -27.8629 21.1837 9.2121
v  -26.9364 21.9249 9.7136
v  -39.5343 21.9249 7.2482
v  -38.6124 21.1837 5.4653
v  -41.0236 21.1837 2.7861
v  -42.0177 22.1802 4.3769
v  -43.4083 22.1802 -4.4195
v  -42.2758 21.1837 -4.1778
v  -22.7394 1.7699 -1.0351
v  -22.9708 8.2513 0.3910
v  -24.0836 3.8194 7.1955
v  -22.8336 1.7699 -0.1709
v  -23.9252 1.7699 9.8022
v  -22.4838 1.8545 10.2137
v  -21.7094 1.8545 0.1910
v  -29.5429 25.1800 10.4692
v  -36.9452 25.1800 8.0531
v  -36.8219 29.9008 7.6514
v  -37.4308 37.2533 6.3430
v  -29.1010 37.1169 7.8606
v  -24.3917 34.3981 6.6138
v  -31.9269 34.1443 8.4262
v  -30.4096 32.1865 8.9260
v  -29.6661 29.9008 9.5713
v  -34.5609 34.1443 7.8344
v  -34.0394 31.6485 5.3611
v  -32.4486 31.6485 5.7628
v  -31.2931 30.5760 6.0538
v  -43.7601 1.7699 6.9012
v  -45.0546 1.7699 -2.3690
v  -34.2511 -0.3904 13.6279
v  -34.2511 1.8545 11.9462
v  -43.1744 1.8545 9.6074
v  -43.7413 -0.3904 11.5365
v  -25.6251 1.7699 11.5387
v  -32.2582 1.7699 10.6294
v  -33.2548 -0.3868 12.4455
v  -33.2548 -0.2118 10.5875
v  -36.8832 1.7699 9.4741
v  -24.8930 36.6445 5.7075
v  -26.3707 38.1630 4.4589
v  -42.2299 36.7188 4.1691
v  -24.3917 23.9322 9.4587
v  -21.3031 -0.3904 11.0439
v  -24.2426 15.0540 9.6938
v  -24.8734 15.6708 8.6748
v  -37.7897 15.0540 8.4705
v  -24.8734 20.4726 8.0118
v  -24.7628 39.3492 5.7853
v  -22.4174 56.0852 3.6034
v  -21.4276 56.7434 6.2524
v  -18.7936 59.3622 6.0182
v  -26.1683 76.6232 4.4737
v  -5.4472 69.6936 4.9343
v  -4.3956 68.8750 8.2920
v  -25.5685 21.1837 7.4918
v  -25.0722 22.1802 9.1348
v  -25.7770 3.8194 8.8400
v  -42.6647 1.7699 8.3015
v  -18.1591 59.1810 -3.9490
v  -35.1950 30.5760 5.0077
v  -36.0783 32.1865 7.5204
v  -24.3917 30.0774 7.4631
v  -24.6222 36.9002 -2.8379
v  -25.6857 38.1352 -2.4862
v  -23.7802 23.9340 -0.0056
v  -23.8436 34.5807 -2.9435
v  -21.6041 -0.0163 -1.5274
v  -20.6044 -0.3904 0.2787
v  -21.4689 -0.3885 -1.6061
v  -46.1937 -0.5975 -3.4744
v  -45.0988 0.2128 -3.5647
v  -44.9635 1.8133 -3.8246
v  -23.1893 15.0540 1.7584
v  -37.0045 3.8194 6.1259
v  -43.1090 8.4119 5.3346
v  -38.0565 5.4932 7.3365
v  -24.0126 15.6708 1.7390
v  -24.0126 20.4726 1.0399
v  -24.1659 22.1802 0.5613
v  -24.2804 39.3070 -2.5171
v  -21.7736 56.0852 -3.3033
v  -21.1034 56.3814 -3.4295
v  -26.7841 77.5566 -5.0068
v  -5.4337 68.9368 -1.6826
v  -4.3395 68.9292 -1.2260
v  -24.7777 21.1837 0.8285
v  -43.0136 37.1672 -5.3250
v  -32.2582 -0.3904 -17.0551
v  -32.2582 1.8545 -15.8484
v  -24.3991 1.8545 -14.1056
v  -23.1239 -0.3904 -16.1418
v  -48.2682 -0.3904 -4.9059
v  -46.5260 1.8545 -5.2123
v  -44.6715 1.8545 -15.8141
v  -46.3368 -0.3904 -16.4827
v  -25.9288 15.0540 -7.9997
v  -36.9645 15.0540 -12.1758
v  -39.3156 15.6708 -12.4363
v  -27.1610 15.6708 -7.8141
v  -41.7116 15.6708 -10.9347
v  -42.4581 15.0540 -13.4359
v  -39.3156 20.4726 -12.5256
v  -27.1610 20.4726 -8.3477
v  -41.7116 20.4726 -11.0392
v  -35.8292 25.5690 -11.1553
v  -35.7433 28.4077 -11.5537
v  -30.7448 28.4077 -10.0745
v  -30.6586 25.5690 -9.4355
v  -43.2023 34.3981 -16.0353
v  -43.2023 29.8233 -15.8109
v  -43.2023 23.9322 -15.1362
v  -27.0670 39.0749 -11.8609
v  -39.4276 40.1563 -13.6249
v  -37.9472 51.6569 -12.1034
v  -25.4293 50.0216 -11.5922
v  -41.3058 40.3206 -12.5819
v  -39.8175 51.8907 -10.9207
v  -28.5348 37.8093 -10.5813
v  -38.1178 38.1981 -12.2942
v  -40.0070 38.2747 -11.2875
v  -24.4823 50.7782 -8.8686
v  -23.7001 49.8002 -10.3027
v  -36.5553 52.4298 -10.4439
v  -26.2267 51.0158 -10.1793
v  -33.9306 60.5296 -11.0471
v  -24.1569 56.5256 -11.4635
v  -35.3319 61.2239 -9.6072
v  -38.1332 52.6529 -9.2178
v  -23.0597 57.2568 -14.5757
v  -34.8451 62.0562 -13.5417
v  -32.5546 66.8457 -13.7967
v  -20.1940 60.2708 -15.5871
v  -36.5050 62.8064 -12.0593
v  -33.9874 67.7725 -12.0620
v  -14.9706 65.2036 -10.8274
v  -15.3209 63.9904 -13.0483
v  -23.3739 74.9442 -13.5907
v  -16.1759 66.5109 -12.5430
v  -16.4901 65.2943 -14.7975
v  -25.1752 75.3193 -15.8553
v  -11.8429 81.1941 -14.5048
v  -6.4410 71.4597 -11.2695
v  -12.5724 82.7709 -12.8860
v  -24.3146 76.2503 -12.0850
v  -4.7015 70.5735 -12.9809
v  -11.3598 83.3697 -16.7634
v  -11.8964 84.9257 -14.9023
v  -27.8629 21.1837 -8.3602
v  -38.6124 21.1837 -12.1071
v  -39.5343 21.9249 -14.5892
v  -26.9364 21.9249 -10.5032
v  -41.0236 21.1837 -10.6836
v  -42.0177 22.1802 -12.8538
v  -24.0836 3.8194 -8.2744
v  -22.8336 1.7699 -1.8684
v  -23.9252 1.7699 -11.5524
v  -21.7094 1.8545 -2.6294
v  -22.4838 1.8545 -12.3447
v  -36.9452 25.1800 -14.6400
v  -29.5429 25.1800 -12.2238
v  -36.8219 29.9008 -15.3448
v  -29.1010 37.1168 -12.2668
v  -37.4308 37.2533 -13.9513
v  -24.3917 34.3981 -12.2944
v  -29.6661 29.9007 -13.4249
v  -30.4096 32.1865 -13.5255
v  -31.9269 34.1443 -13.4806
v  -34.5609 34.1443 -14.0724
v  -32.4486 31.6485 -10.8626
v  -34.0394 31.6485 -11.2643
v  -31.2931 30.5760 -10.5276
v  -43.7601 1.7699 -14.4837
v  -45.0546 1.7699 -5.2663
v  -34.2511 -0.3904 -17.4433
v  -43.7413 -0.3904 -18.3098
v  -43.1744 1.8545 -17.1658
v  -34.2511 1.8545 -16.3650
v  -25.6251 1.7699 -13.0931
v  -32.2582 1.7699 -14.0024
v  -33.2548 -0.3868 -15.8657
v  -33.2548 -0.2118 -14.0443
v  -36.8832 1.7699 -15.1577
v  -26.3707 38.1630 -9.1776
v  -24.8930 36.6445 -11.3176
v  -42.2299 36.7188 -14.6576
v  -24.3917 23.9322 -9.4496
v  -21.3031 -0.3904 -14.3404
v  -24.2426 15.0540 -6.2558
v  -24.8734 15.6708 -5.3374
v  -37.7897 15.0540 -14.3912
v  -24.8734 20.4726 -6.0004
v  -24.7628 39.3492 -10.5938
v  -22.4174 56.0852 -10.0309
v  -21.4276 56.7434 -13.1376
v  -18.7936 59.3622 -13.9333
v  -26.1683 76.6232 -14.3463
v  -5.4472 69.6936 -8.7060
v  -4.3956 68.8750 -10.7639
v  -25.0722 22.1802 -8.0663
v  -25.5685 21.1837 -5.9467
v  -25.7770 3.8194 -9.9076
v  -42.6647 1.7699 -15.7604
v  -35.1950 30.5760 -11.5737
v  -36.0783 32.1865 -14.9311
v  -24.3917 30.0773 -11.4451
v  -20.6044 -0.3904 -3.9547
v  -37.0045 3.8194 -12.6217
v  -43.1090 8.4119 -14.7210
v  -38.0565 5.4932 -14.8667
# 588 vertices

vn -0.8300 0.4212 0.3655
vn -0.7563 0.5249 0.3906
vn -0.1422 0.6257 0.7670
vn -0.1372 0.6344 0.7607
vn -0.7173 0.6968 -0.0000
vn -0.9839 0.1790 -0.0000
vn -0.1131 0.7046 0.7005
vn -0.0738 0.8652 0.4960
vn -0.8977 -0.4405 -0.0000
vn -0.9918 -0.0884 -0.0923
vn -0.1674 -0.0865 0.9821
vn -0.1783 -0.0836 0.9804
vn -0.1782 -0.0843 0.9804
vn -0.1782 -0.0863 0.9802
vn -0.9949 0.0428 -0.0918
vn -0.9811 -0.0661 -0.1818
vn -0.1129 0.0283 0.9932
vn -0.0905 0.0416 0.9950
vn -0.1129 0.0141 0.9935
vn -0.9303 0.2419 0.2757
vn -0.9170 0.1531 0.3683
vn -0.1462 0.1691 0.9747
vn -0.1462 0.1705 0.9745
vn -0.1335 0.1550 0.9789
vn -0.1335 0.1544 0.9790
vn -0.9186 -0.2820 0.2767
vn -0.8179 -0.5039 0.2778
vn -0.1250 -0.5162 0.8473
vn -0.1126 -0.5324 0.8390
vn -0.0450 0.6263 -0.7783
vn -0.0406 0.6424 -0.7653
vn -0.5395 0.8370 0.0918
vn -0.5829 0.7917 0.1829
vn -0.8986 -0.1057 0.4258
vn -0.9762 0.1964 0.0915
vn -0.1467 0.2341 0.9611
vn -0.1162 0.2592 0.9588
vn -0.9313 -0.2416 0.2726
vn -0.9918 0.0882 -0.0923
vn -0.1602 0.4328 0.8871
vn -0.1472 0.3976 0.9057
vn -0.1474 0.3941 0.9072
vn -0.1475 0.3929 0.9077
vn -0.3633 -0.8429 0.3970
vn -0.3840 -0.8218 0.4209
vn -0.0582 -0.6995 0.7122
vn -0.0698 -0.6413 0.7641
vn -0.1253 -0.2092 -0.9698
vn -0.1014 -0.0831 -0.9914
vn -0.3933 0.5451 -0.7404
vn -0.3832 0.5486 -0.7431
vn -0.9822 -0.1642 -0.0914
vn -0.9602 -0.0579 0.2733
vn -0.1697 0.8700 0.4630
vn -0.1481 0.8617 0.4853
vn -0.9627 0.1991 -0.1834
vn -0.9687 0.2484 -0.0000
vn -0.1228 0.9881 0.0921
vn -0.0725 0.9804 0.1831
vn -0.5293 -0.3915 0.7527
vn -0.3567 -0.3912 0.8483
vn -0.0996 0.2060 0.9735
vn -0.0995 0.2087 0.9729
vn -0.0997 0.2007 0.9746
vn -0.0887 0.1983 0.9761
vn -0.3318 -0.9389 -0.0915
vn -0.3538 -0.9274 -0.1215
vn -0.1157 -0.7529 0.6478
vn -0.0949 -0.8167 0.5692
vn -0.9670 -0.2377 -0.0917
vn -0.9955 -0.0231 -0.0922
vn -0.1307 0.6954 0.7066
vn -0.1388 0.7037 0.6968
vn -0.1655 0.0683 -0.9838
vn -0.1097 0.2385 -0.9649
vn -0.1198 0.2605 -0.9580
vn -0.1198 0.2577 -0.9588
vn 0.0114 0.9957 0.0916
vn 0.0038 0.9958 0.0916
vn 0.0038 0.9958 0.0915
vn -0.8814 -0.4563 -0.1223
vn -0.8760 -0.4341 -0.2101
vn -0.9230 0.1227 0.3646
vn -0.9557 0.0912 0.2797
vn -0.3665 0.9259 0.0916
vn -0.3907 0.9159 0.0919
vn -0.8896 0.2179 -0.4014
vn -0.8387 0.4518 -0.3042
vn -0.1376 0.9905 -0.0000
vn -0.1263 0.9920 -0.0000
vn -0.1375 0.9905 -0.0000
vn -0.3420 0.0062 -0.9397
vn -0.3322 -0.0125 -0.9431
vn -0.7607 -0.6425 0.0922
vn -0.8045 -0.5940 -0.0000
vn -0.5530 -0.6162 0.5608
vn -0.6076 -0.3801 0.6974
vn 0.0114 0.9925 -0.1216
vn 0.0076 0.9926 -0.1214
vn -0.7837 0.5561 0.2766
vn -0.8410 0.4006 0.3637
vn 0.0842 0.9964 -0.0000
vn 0.0459 0.9989 -0.0000
vn -0.4368 0.2218 0.8718
vn -0.0404 0.4326 -0.9007
vn 0.4963 0.6573 -0.5672
vn 0.0242 0.4349 0.9002
vn -0.0427 0.4398 0.8971
vn -0.7501 0.3611 -0.5540
vn -0.5596 0.7702 -0.3060
vn -0.4654 0.8301 -0.3071
vn -0.4259 0.8615 0.2763
vn -0.2781 0.9194 0.2781
vn -0.7229 0.1064 -0.6827
vn -0.3924 -0.7775 0.4914
vn -0.4911 0.7395 -0.4604
vn -0.5866 0.7176 -0.3754
vn -0.6823 0.6340 0.3639
vn -0.6848 0.5549 0.4723
vn -0.3359 0.8659 -0.3707
vn -0.3457 0.8628 -0.3688
vn -0.3461 0.8625 -0.3692
vn -0.2188 0.9519 0.2146
vn -0.3991 0.8751 0.2737
vn -0.1118 0.9763 -0.1851
vn -0.6617 -0.0594 -0.7474
vn -0.6206 0.0148 -0.7840
vn -0.6322 -0.3106 0.7098
vn -0.6252 -0.3140 0.7145
vn -0.6319 -0.3118 0.7095
vn -0.7764 -0.0151 -0.6301
vn -0.8169 -0.0154 -0.5766
vn -0.8128 -0.0159 -0.5823
vn -0.7718 -0.0149 -0.6356
vn -0.6139 0.2398 0.7520
vn -0.5826 0.2266 0.7805
vn -0.3458 -0.8493 -0.3988
vn -0.3414 -0.8534 -0.3938
vn -0.5350 -0.5201 0.6658
vn -0.5435 -0.5165 0.6617
vn -0.5424 -0.5195 0.6603
vn -0.5423 -0.5198 0.6601
vn -0.3366 0.8559 -0.3926
vn -0.3254 0.8601 -0.3928
vn -0.2966 0.8604 0.4145
vn -0.3093 0.9008 0.3049
vn -0.8234 -0.0793 -0.5619
vn -0.7984 -0.0809 -0.5967
vn -0.5127 0.0841 0.8545
vn -0.6123 0.0736 0.7872
vn -0.7531 -0.3646 -0.5477
vn -0.7955 -0.3762 -0.4749
vn -0.7040 0.0721 0.7065
vn -0.6923 0.0660 0.7186
vn -0.2678 -0.9635 -0.0000
vn -0.2562 -0.9623 0.0918
vn -0.1956 -0.7660 0.6124
vn -0.2395 -0.7576 0.6072
vn -0.3475 0.4286 -0.8340
vn -0.3316 0.3971 -0.8558
vn -0.3373 0.4303 -0.8373
vn -0.2933 0.7103 -0.6399
vn -0.3014 0.7459 -0.5940
vn -0.7550 -0.6444 -0.1218
vn -0.8240 -0.5665 -0.0000
vn -0.8002 0.5186 0.3013
vn -0.7301 0.6106 0.3067
vn -0.7894 -0.6139 -0.0000
vn -0.8167 -0.5771 -0.0000
vn -0.6848 0.7288 -0.0000
vn -0.6586 0.7525 -0.0000
vn -0.2511 -0.6001 0.7595
vn -0.2278 -0.3497 0.9087
vn -0.3315 -0.0649 0.9412
vn -0.2501 -0.0532 0.9668
vn -0.2725 -0.7482 -0.6049
vn -0.2185 -0.9266 -0.3061
vn -0.1816 -0.9255 0.3324
vn -0.3021 -0.9030 0.3054
vn -0.4588 0.5483 -0.6992
vn -0.4501 0.5510 -0.7027
vn -0.4878 0.5822 -0.6504
vn -0.4787 0.5860 -0.6538
vn -0.6015 0.5400 0.5887
vn -0.6178 0.5162 0.5932
vn -0.5123 0.8027 -0.3053
vn -0.5028 0.8083 -0.3065
vn 0.0345 0.9994 -0.0000
vn 0.0344 0.9994 -0.0000
vn -0.9953 -0.0319 -0.0915
vn -0.0892 -0.5902 -0.8024
vn -0.0619 -0.5903 -0.8048
vn -0.7532 -0.1555 -0.6391
vn -0.7534 -0.1541 -0.6392
vn -0.7101 -0.1466 -0.6886
vn -0.8281 0.3908 0.4018
vn -0.7482 0.4208 0.5130
vn -0.9232 0.0886 -0.3740
vn -0.9999 -0.0165 -0.0000
vn -0.9846 0.1491 -0.0912
vn -0.4288 -0.1275 -0.8944
vn -0.4304 -0.1510 -0.8899
vn -0.3807 -0.0584 0.9229
vn -0.3807 -0.0555 0.9230
vn -0.4159 -0.0614 0.9073
vn -0.4157 -0.0665 0.9071
vn -0.7349 -0.0551 -0.6759
vn -0.7439 -0.1047 -0.6600
vn -0.8723 0.4015 0.2791
vn -0.0674 0.6248 -0.7778
vn -0.0390 0.7284 -0.6841
vn -0.0624 -0.0121 -0.9980
vn -0.0624 -0.0125 -0.9980
vn -0.0454 -0.0099 -0.9989
vn -0.0624 -0.0086 -0.9980
vn -0.0748 -0.0062 -0.9972
vn -0.1316 -0.4716 0.8719
vn -0.0853 -0.6287 0.7729
vn -0.7978 0.5738 0.1850
vn -0.8830 0.4602 0.0921
vn -0.9314 0.2319 -0.2806
vn -0.9206 -0.0853 -0.3810
vn -0.8055 0.5250 0.2749
vn -0.6225 0.6926 0.3644
vn -0.0326 0.2909 -0.9562
vn -0.0571 0.2260 -0.9725
vn -0.7397 -0.1488 -0.6563
vn -0.8310 0.4832 0.2757
vn -0.8618 0.4257 0.2758
vn -0.9422 -0.1450 0.3021
vn -0.4245 -0.4518 -0.7846
vn -0.4450 -0.2316 0.8651
vn -0.4467 -0.2442 0.8607
vn -0.9999 -0.0152 -0.0000
vn -0.9933 0.1154 -0.0000
vn -0.6383 -0.3250 -0.6978
vn -0.5995 -0.5483 -0.5831
vn 0.4872 0.3566 -0.7972
vn -0.0614 0.5053 -0.8608
vn -0.0705 0.4786 -0.8752
vn 0.3484 0.2739 -0.8964
vn 0.3572 0.2917 -0.8873
vn 0.6602 0.3602 0.6591
vn 0.8243 0.5357 0.1832
vn 0.0603 0.0885 0.9943
vn -0.1319 0.0570 -0.9896
vn -0.1556 0.0324 -0.9873
vn -0.9993 0.0373 -0.0000
vn -0.8357 -0.4013 0.3749
vn -0.6482 0.0843 -0.7568
vn -0.8086 0.0381 -0.5872
vn -0.8284 -0.2995 0.4734
vn -0.8235 -0.4348 0.3643
vn -0.6177 0.6837 0.3886
vn -0.9526 0.0100 0.3041
vn -0.9752 -0.1238 0.1836
vn -0.6333 -0.1201 0.7645
vn -0.6653 -0.3226 -0.6733
vn -0.4098 -0.2448 -0.8787
vn -0.2299 0.3267 -0.9168
vn -0.5390 0.7961 0.2752
vn -0.6147 0.7373 0.2801
vn -0.8498 -0.1218 0.5128
vn -0.0750 0.7495 -0.6578
vn -0.0739 0.8044 -0.5895
vn -0.1129 0.0071 -0.9936
vn -0.1129 0.0028 -0.9936
vn -0.1129 0.0078 -0.9936
vn -0.0547 -0.4152 -0.9081
vn -0.1011 -0.2177 -0.9708
vn -0.0677 -0.0959 -0.9931
vn -0.0677 -0.0952 -0.9932
vn -0.0620 -0.1078 -0.9922
vn -0.0677 -0.0984 -0.9928
vn -0.0374 -0.8007 -0.5979
vn -0.0662 -0.7339 -0.6760
vn -0.0687 0.9156 0.3962
vn -0.0522 0.9075 0.4168
vn -0.0643 -0.3260 -0.9432
vn -0.0810 -0.3695 -0.9257
vn -0.0589 -0.7216 -0.6898
vn -0.0506 -0.7288 -0.6828
vn -0.0497 -0.8874 -0.4584
vn -0.0388 -0.9271 -0.3729
vn -0.0735 0.9576 -0.2786
vn -0.1191 0.9756 -0.1845
vn -0.0570 -0.9036 -0.4245
vn -0.1020 -0.9142 -0.3922
vn 0.0038 -1.0000 -0.0000
vn -0.0344 -0.9952 0.0918
vn 0.0151 -0.7947 0.6069
vn -0.1071 -0.9942 -0.0000
vn -0.0787 -0.5401 -0.8379
vn -0.0923 -0.5014 -0.8603
vn -0.0911 0.7136 -0.6947
vn -0.0820 0.7234 -0.6855
vn -0.1350 0.0380 0.9901
vn -0.1350 0.0373 0.9901
vn -0.1361 0.0402 0.9899
vn -0.1393 0.0546 0.9887
vn -0.1460 0.0435 0.9883
vn 0.0601 0.1111 0.9920
vn -0.1327 0.6301 0.7651
vn -0.1161 0.6544 0.7472
vn -0.0822 0.8790 0.4696
vn -0.0822 0.8790 0.4698
vn -0.1140 0.4611 0.8800
vn -0.0870 0.4857 0.8698
vn 0.7201 0.5827 -0.3767
vn 0.7200 0.5199 -0.4596
vn 0.1256 0.6234 0.7717
vn 0.1353 0.6065 0.7835
vn 0.6282 0.7781 -0.0000
vn 0.9153 0.4027 -0.0000
vn 0.0681 0.8727 0.4835
vn 0.1145 0.7757 0.6206
vn 0.9918 0.0889 0.0923
vn 0.8972 0.4417 -0.0000
vn 0.1889 0.0923 0.9777
vn 0.1835 0.0931 0.9786
vn 0.1889 0.0903 0.9778
vn 0.9767 0.0362 0.2116
vn 0.9931 -0.0731 0.0917
vn 0.1128 -0.0357 0.9930
vn 0.1367 -0.0638 0.9886
vn 0.1148 -0.0152 0.9933
vn 0.9167 -0.1531 -0.3690
vn 0.9303 -0.2418 -0.2757
vn 0.1716 0.0954 0.9805
vn 0.1511 0.0874 0.9847
vn 0.1456 0.0861 0.9856
vn 0.1597 0.0948 0.9826
vn 0.5898 -0.8022 -0.0922
vn 0.6448 -0.7344 -0.2120
vn 0.1142 -0.6445 0.7560
vn 0.1292 -0.6329 0.7634
vn 0.0446 0.6348 -0.7714
vn 0.0454 0.6176 -0.7852
vn 0.5202 0.8066 -0.2806
vn 0.5251 0.8037 -0.2800
vn 0.5248 0.8039 -0.2799
vn 0.5199 0.8069 -0.2804
vn 0.9761 -0.1970 -0.0917
vn 0.9209 0.1078 -0.3746
vn 0.1262 0.3221 0.9383
vn 0.1535 0.3219 0.9342
vn 0.9404 -0.2065 0.2703
vn 0.9944 0.0518 -0.0916
vn 0.1476 0.4580 0.8766
vn 0.1573 0.4723 0.8673
vn 0.3443 -0.8766 0.3361
vn 0.4785 -0.8245 0.3020
vn 0.0777 -0.6355 0.7682
vn 0.0682 -0.6954 0.7154
vn 0.1029 -0.1137 -0.9882
vn 0.1134 -0.2325 -0.9660
vn 0.4553 0.6754 -0.5802
vn 0.4761 0.6664 -0.5738
vn 0.9428 0.0561 -0.3287
vn 0.9791 0.1629 0.1217
vn 0.1432 0.8612 0.4877
vn 0.1753 0.8664 0.4675
vn 0.9710 -0.2389 -0.0000
vn 0.9611 -0.1780 0.2112
vn 0.0747 0.9801 0.1839
vn 0.1314 0.9743 0.1828
vn 0.4352 -0.4574 0.7755
vn 0.5020 -0.4546 0.7358
vn 0.1000 0.1820 0.9782
vn 0.0946 0.1781 0.9795
vn 0.0891 0.1795 0.9797
vn 0.1000 0.1834 0.9779
vn 0.2989 -0.9543 -0.0000
vn 0.3216 -0.9469 -0.0000
vn 0.1067 -0.8152 0.5692
vn 0.1274 -0.7506 0.6483
vn 0.7692 0.6272 0.1222
vn 0.6877 0.7157 0.1220
vn 0.1243 0.7393 0.6618
vn 0.1209 0.7297 0.6729
vn 0.1586 0.0058 -0.9873
vn 0.1090 0.2240 -0.9685
vn 0.0996 0.2034 -0.9740
vn 0.1027 0.2111 -0.9720
vn -0.0038 0.9958 0.0916
vn -0.0019 0.9958 0.0917
vn -0.0114 0.9957 0.0916
vn 0.9567 0.2263 0.1833
vn 0.9472 0.2411 0.2113
vn 0.9843 -0.1505 -0.0917
vn 0.9871 -0.1314 -0.0915
vn 0.5839 0.7835 -0.2126
vn 0.4429 0.8712 -0.2116
vn 0.9995 0.0322 -0.0000
vn 0.9902 0.1398 -0.0000
vn 0.1147 0.9934 -0.0000
vn 0.3119 -0.0522 -0.9487
vn 0.2947 -0.0692 -0.9531
vn 0.5854 -0.8107 -0.0000
vn 0.6163 -0.7822 -0.0916
vn 0.5208 -0.5051 0.6882
vn 0.4955 -0.6643 0.5596
vn -0.0057 0.9926 -0.1214
vn -0.0114 0.9925 -0.1216
vn 0.7878 0.5880 -0.1836
vn 0.8072 0.5608 -0.1841
vn -0.0497 0.9988 -0.0000
vn -0.0670 0.9978 -0.0000
vn 0.7037 0.5108 0.4939
vn -0.6713 0.7355 -0.0913
vn 0.0354 0.4128 -0.9102
vn 0.0401 0.4635 0.8852
vn -0.0182 0.4234 0.9058
vn 0.4068 0.3070 -0.8604
vn 0.4571 0.8703 -0.1836
vn 0.4811 0.8573 -0.1833
vn 0.4113 0.8930 0.1828
vn 0.6663 0.7457 -0.0000
vn 0.9644 0.2478 0.0922
vn 0.4635 -0.7902 0.4009
vn 0.5016 0.5672 -0.6532
vn 0.4646 0.5978 -0.6532
vn 0.5783 0.5871 0.5665
vn 0.5712 0.6058 0.5539
vn 0.3704 0.9102 -0.1852
vn 0.3712 0.9098 -0.1856
vn 0.3659 0.9119 -0.1859
vn 0.3654 0.9121 -0.1856
vn 0.1839 0.9786 0.0919
vn 0.2916 0.9521 0.0915
vn 0.0986 0.9776 -0.1857
vn 0.9296 -0.0216 -0.3680
vn 0.8321 0.0744 -0.5496
vn 0.7923 0.3896 0.4695
vn 0.7906 0.3901 0.4720
vn 0.7579 0.3734 0.5350
vn 0.7551 0.3762 0.5370
vn 0.6952 -0.1168 -0.7093
vn 0.8515 -0.1679 -0.4967
vn 0.9169 -0.1539 0.3683
vn 0.8761 -0.1501 0.4581
vn 0.3508 -0.8850 -0.3062
vn 0.3549 -0.8468 -0.3962
vn 0.4749 -0.8350 0.2780
vn 0.5226 -0.8071 0.2746
vn 0.3762 0.7861 -0.4905
vn 0.3478 0.7988 -0.4909
vn 0.3231 0.9464 -0.0000
vn 0.3235 0.9462 -0.0000
vn 0.6984 -0.3973 -0.5953
vn 0.6428 -0.3673 -0.6722
vn 0.6921 0.3666 0.6218
vn 0.8092 0.3854 0.4434
vn 0.6311 -0.6802 -0.3729
vn 0.6220 -0.6858 -0.3779
vn 0.6368 0.3427 0.6907
vn 0.7231 0.3629 0.5877
vn 0.2307 -0.9687 0.0915
vn 0.2371 -0.9715 -0.0000
vn 0.2742 -0.7450 0.6082
vn 0.2266 -0.7564 0.6136
vn 0.3239 0.3241 -0.8888
vn 0.3361 0.3097 -0.8895
vn 0.2835 0.8373 -0.4676
vn 0.2730 0.7996 -0.5349
vn 0.2862 0.8366 -0.4672
vn 0.6737 -0.5163 -0.5287
vn 0.6557 -0.5553 -0.5116
vn 0.7437 0.5938 0.3069
vn 0.6022 0.6912 0.3995
vn 0.6408 -0.7677 -0.0000
vn 0.6656 -0.7464 -0.0000
vn 0.6683 0.6916 0.2742
vn 0.7321 0.6234 0.2745
vn 0.2365 -0.4200 0.8762
vn 0.2567 -0.6889 0.6779
vn 0.2565 -0.0918 0.9622
vn 0.3154 -0.1093 0.9426
vn 0.2462 -0.9615 -0.1218
vn 0.3199 -0.8513 -0.4159
vn 0.3540 -0.8856 0.3007
vn 0.2136 -0.9198 0.3291
vn 0.5804 0.7929 -0.1857
vn 0.5807 0.7926 -0.1858
vn 0.5845 0.7900 -0.1852
vn 0.5040 0.8073 0.3071
vn 0.5104 0.8026 0.3087
vn 0.4591 0.6497 -0.6059
vn 0.4474 0.6559 -0.6081
vn -0.0400 0.9950 0.0915
vn -0.0727 0.9974 -0.0000
vn -0.0917 0.9958 -0.0000
vn 0.9931 0.1175 -0.0000
vn 0.0614 -0.6014 -0.7966
vn 0.0773 -0.6014 -0.7952
vn 0.6714 -0.4544 -0.5854
vn 0.6495 -0.4818 -0.5883
vn 0.6691 0.5333 0.5176
vn 0.6092 0.5452 0.5759
vn 0.9745 0.0727 0.2123
vn 0.9812 -0.1696 0.0920
vn 1.0000 -0.0038 -0.0000
vn 0.3757 -0.2942 -0.8788
vn 0.3615 -0.3298 -0.8721
vn 0.2833 -0.0150 0.9589
vn 0.3144 -0.0152 0.9492
vn 0.3090 -0.0171 0.9509
vn 0.2833 -0.0157 0.9589
vn 0.9862 0.1380 0.0914
vn 0.9827 0.0283 0.1832
vn 0.9037 -0.4182 -0.0917
vn 0.0463 0.7342 -0.6774
vn 0.0738 0.6397 -0.7650
vn 0.0686 0.0086 -0.9976
vn 0.0748 0.0195 -0.9970
vn 0.0680 0.0092 -0.9976
vn 0.0686 0.0132 -0.9976
vn 0.0624 0.0125 -0.9980
vn 0.0928 -0.6293 0.7716
vn 0.1468 -0.4679 0.8715
vn 0.9802 0.0750 -0.1831
vn 0.9476 -0.1618 -0.2757
vn 0.9827 -0.0008 -0.1853
vn 0.8306 0.5569 -0.0000
vn 0.9949 0.0411 -0.0924
vn 0.9621 -0.2001 -0.1855
vn 0.0660 0.2541 -0.9649
vn 0.0432 0.3100 -0.9498
vn 0.9760 0.1973 0.0917
vn 0.9564 -0.2257 -0.1855
vn 0.9385 -0.2115 -0.2730
vn 0.9585 -0.2164 -0.1859
vn 0.9563 -0.2260 -0.1855
vn 0.9923 0.0840 -0.0916
vn 0.6202 -0.6096 -0.4937
vn 0.3989 -0.2451 0.8837
vn 0.3927 -0.2547 0.8837
vn 0.3612 -0.2331 0.9029
vn 0.3939 -0.2439 0.8862
vn 0.9879 -0.1548 -0.0000
vn 0.9997 -0.0261 -0.0000
vn 0.4461 -0.6849 -0.5761
vn 0.4865 -0.5360 -0.6899
vn -0.5771 0.5381 -0.6144
vn 0.0691 0.4626 -0.8839
vn 0.0563 0.4913 -0.8692
vn -0.3869 0.3708 -0.8443
vn -0.3872 0.3696 -0.8447
vn -0.3477 0.3517 -0.8691
vn -0.3478 0.3505 -0.8696
vn -0.8758 0.3770 0.3015
vn 0.5695 0.6002 0.5617
vn -0.8461 0.4387 -0.3028
vn -0.0566 0.0778 0.9954
vn 0.1520 -0.0090 -0.9883
vn 0.1419 0.0090 -0.9898
vn 0.8332 0.3814 -0.4004
vn 0.9983 -0.0587 -0.0000
vn 0.6078 -0.0258 -0.7936
vn 0.8131 -0.1188 -0.5699
vn 0.9030 0.4297 -0.0000
vn 0.8243 0.5353 0.1840
vn 0.4767 0.8347 -0.2757
vn 0.8393 0.5120 -0.1827
vn 0.8057 0.5851 -0.0921
vn 0.5463 0.3435 0.7639
vn -0.0459 0.9989 -0.0000
vn -0.0402 0.9992 -0.0000
vn -0.0344 0.9994 -0.0000
vn 0.3881 0.1564 -0.9082
vn 0.4330 0.1944 -0.8802
vn 0.1975 0.3964 -0.8966
vn 0.4931 0.8253 -0.2752
vn 0.5509 0.7775 -0.3033
vn 0.8739 0.1271 -0.4692
vn 0.0748 0.8094 -0.5825
vn 0.0898 0.8002 -0.5929
vn 0.1296 -0.0077 -0.9915
vn 0.1240 -0.0085 -0.9922
vn 0.1240 -0.0035 -0.9923
vn 0.1296 -0.0028 -0.9916
vn 0.1146 -0.2348 -0.9653
vn 0.0666 -0.4322 -0.8993
vn 0.0564 -0.1037 -0.9930
vn 0.0564 -0.1040 -0.9930
vn 0.0620 -0.1139 -0.9916
vn 0.0564 -0.1023 -0.9932
vn 0.0712 -0.7970 -0.5998
vn 0.0375 -0.8020 -0.5961
vn 0.0570 0.9409 0.3339
vn 0.0676 0.9488 0.3086
vn 0.0875 -0.3975 -0.9134
vn 0.0654 -0.3772 -0.9238
vn 0.0462 -0.7357 -0.6758
vn 0.0542 -0.7304 -0.6809
vn 0.0387 -0.9275 -0.3719
vn 0.0456 -0.8887 -0.4561
vn 0.1142 0.9765 -0.1827
vn 0.0746 0.9584 -0.2756
vn 0.0966 -0.9111 -0.4007
vn 0.0534 -0.8644 -0.4999
vn 0.0440 -0.9948 0.0917
vn -0.0038 -1.0000 -0.0000
vn 0.1109 -0.9938 -0.0000
vn -0.0058 -0.7942 0.6076
vn 0.1013 -0.5352 -0.8387
vn 0.0947 -0.6089 -0.7876
vn 0.0793 0.7440 -0.6635
vn 0.0821 0.7373 -0.6705
vn -0.0566 0.0602 0.9966
vn 0.1334 0.1584 0.9783
vn 0.1401 0.1736 0.9748
vn 0.1334 0.1591 0.9782
vn 0.1371 0.1843 0.9733
vn 0.1171 0.7071 0.6973
vn 0.1334 0.6368 0.7594
vn 0.0880 0.8788 0.4691
vn 0.0822 0.8791 0.4695
vn 0.0938 0.8783 0.4688
vn 0.0879 0.8789 0.4688
vn 0.0944 0.4497 0.8882
vn 0.1215 0.4033 0.9070
vn -0.8777 0.4791 -0.0000
vn -0.8194 0.5732 -0.0000
vn -0.1258 0.6362 -0.7612
vn -0.1351 0.6243 -0.7694
vn -0.9062 0.3180 -0.2788
vn -0.8863 0.3475 -0.3063
vn -0.0732 0.8676 -0.4918
vn -0.1208 0.8057 -0.5799
vn -0.9543 0.1062 -0.2793
vn -0.9314 0.0175 -0.3635
vn -0.1961 0.0046 -0.9806
vn -0.1961 0.0038 -0.9806
vn -0.9366 0.1720 -0.3052
vn -0.9462 0.1121 -0.3034
vn -0.1129 0.0064 -0.9936
vn -0.1118 0.0074 -0.9937
vn -0.1017 0.0113 -0.9947
vn -0.1017 0.0120 -0.9947
vn -0.9998 -0.0181 -0.0000
vn -0.9645 -0.1089 -0.2406
vn -0.1344 0.1036 -0.9855
vn -0.1344 0.1026 -0.9856
vn -0.7184 -0.6527 -0.2404
vn -0.7359 -0.6430 -0.2122
vn -0.1014 -0.5761 -0.8111
vn -0.1137 -0.5626 -0.8189
vn -0.0370 0.6378 0.7693
vn -0.0463 0.6355 0.7707
vn -0.6275 0.7637 0.1519
vn -0.5499 0.8263 0.1219
vn -0.9787 0.1835 0.0918
vn -0.9968 0.0796 -0.0000
vn -0.1290 0.3204 -0.9385
vn -0.1489 0.2911 -0.9450
vn -0.9958 0.0002 0.0919
vn -0.9766 -0.1944 -0.0919
vn -0.1514 0.4312 -0.8895
vn -0.1623 0.4388 -0.8838
vn -0.3929 -0.8335 -0.3884
vn -0.4559 -0.8358 -0.3059
vn -0.0720 -0.6505 -0.7561
vn -0.0651 -0.7274 -0.6832
vn -0.1045 -0.1045 0.9890
vn -0.1247 -0.2268 0.9659
vn -0.3584 0.6173 0.7003
vn -0.4146 0.5837 0.6982
vn -0.9629 0.1958 -0.1856
vn -0.9914 0.1307 -0.0000
vn -0.1382 0.8506 -0.5073
vn -0.1689 0.8438 -0.5094
vn -0.9314 0.2362 -0.2771
vn -0.9618 0.2020 -0.1847
vn -0.0727 0.9803 -0.1836
vn -0.1295 0.9746 -0.1828
vn -0.3265 -0.3473 -0.8790
vn -0.3833 -0.3160 -0.8679
vn -0.1002 0.1726 -0.9799
vn -0.0892 0.1687 -0.9816
vn -0.1002 0.1712 -0.9801
vn -0.0977 0.1893 -0.9770
vn -0.3758 -0.9221 -0.0920
vn -0.3263 -0.9408 -0.0921
vn -0.1019 -0.7972 -0.5950
vn -0.1221 -0.7316 -0.6707
vn -0.8725 0.4026 -0.2768
vn -0.8475 0.4541 -0.2749
vn -0.1268 0.7353 -0.6657
vn -0.1292 0.7419 -0.6579
vn -0.1673 0.0000 0.9859
vn -0.0996 0.2047 0.9737
vn -0.1090 0.2240 0.9685
vn -0.1106 0.2031 0.9729
vn 0.0038 0.9958 -0.0916
vn 0.0095 0.9958 -0.0916
vn -0.9606 0.0094 -0.2778
vn -0.9606 0.0043 -0.2778
vn -0.9606 0.0058 -0.2778
vn -0.9606 0.0101 -0.2778
vn -0.9559 0.0897 -0.2798
vn -0.9248 0.1062 -0.3653
vn -0.5025 0.8597 -0.0914
vn -0.4010 0.9161 -0.0000
vn -0.9026 0.3891 0.1844
vn -0.9238 0.3353 0.1848
vn -0.1262 0.9920 -0.0000
vn -0.1149 0.9934 -0.0000
vn -0.3813 0.0130 0.9244
vn -0.4166 0.0142 0.9090
vn -0.3813 0.0123 0.9244
vn -0.3417 0.0070 0.9398
vn -0.6754 -0.7064 -0.2119
vn -0.6822 -0.6998 -0.2118
vn -0.5640 -0.4417 -0.6977
vn -0.4981 -0.5409 -0.6777
vn 0.0076 0.9958 0.0916
vn -0.7851 0.5912 -0.1847
vn -0.7281 0.6608 -0.1820
vn 0.0573 0.9984 -0.0000
vn 0.0917 0.9958 -0.0000
vn -0.5004 0.3476 -0.7930
vn 0.5837 0.6420 0.4971
vn -0.0352 0.4225 0.9057
vn -0.0356 0.4642 -0.8850
vn 0.0311 0.4177 -0.9081
vn -0.5902 0.4388 0.6776
vn -0.4982 0.8205 0.2802
vn -0.5468 0.7887 0.2812
vn -0.3230 0.8624 -0.3899
vn -0.5599 0.7799 -0.2799
vn -0.8455 0.4409 0.3013
vn -0.3976 -0.7197 -0.5691
vn -0.5281 0.5171 0.6736
vn -0.4372 0.5880 0.6805
vn -0.5321 0.5891 -0.6081
vn -0.5658 0.6690 -0.4819
vn -0.3668 0.8799 0.3020
vn -0.3361 0.8829 0.3280
vn -0.1961 0.9631 -0.1845
vn -0.3257 0.9209 -0.2142
vn -0.1030 0.9716 0.2133
vn -0.8003 0.1102 0.5894
vn -0.7942 0.0887 0.6011
vn -0.6839 0.0135 -0.7295
vn -0.6839 0.0121 -0.7295
vn -0.6777 0.0144 -0.7352
vn -0.6777 0.0158 -0.7352
vn -0.6205 -0.0885 0.7792
vn -0.7232 -0.1136 0.6812
vn -0.6444 0.0060 -0.7646
vn -0.6162 0.0046 -0.7876
vn -0.3188 -0.8732 0.3687
vn -0.3234 -0.8692 0.3741
vn -0.4269 -0.6953 -0.5782
vn -0.4521 -0.6808 -0.5763
vn -0.3095 0.7891 0.5306
vn -0.3097 0.7888 0.5309
vn -0.3238 0.8254 0.4625
vn -0.3240 0.8251 0.4628
vn -0.3123 0.9318 -0.1851
vn -0.3086 0.9108 -0.2743
vn -0.7269 -0.1280 0.6747
vn -0.6525 -0.1174 0.7487
vn -0.6828 0.2895 -0.6708
vn -0.6134 0.2739 -0.7407
vn -0.7327 -0.4667 0.4953
vn -0.6665 -0.4496 0.5947
vn -0.7318 0.1662 -0.6610
vn -0.7036 0.1680 -0.6905
vn -0.2596 -0.9657 -0.0000
vn -0.2638 -0.9646 -0.0000
vn -0.2631 -0.7591 -0.5955
vn -0.2016 -0.7275 -0.6559
vn -0.3274 0.3650 0.8715
vn -0.3564 0.3726 0.8568
vn -0.2531 0.7457 0.6164
vn -0.2670 0.7864 0.5571
vn -0.2676 0.7852 0.5584
vn -0.2537 0.7444 0.6176
vn -0.9261 -0.3773 -0.0000
vn -0.7289 -0.6498 0.2155
vn -0.7336 0.6214 -0.2751
vn -0.6769 0.6807 -0.2801
vn -0.7856 -0.5544 -0.2746
vn -0.8045 -0.5267 -0.2745
vn -0.7392 0.6024 -0.3012
vn -0.6727 0.7162 -0.1856
vn -0.2182 -0.2929 -0.9309
vn -0.2521 -0.5645 -0.7860
vn -0.2414 -0.0978 -0.9655
vn -0.2847 -0.1162 -0.9515
vn -0.2488 -0.9510 0.1837
vn -0.3348 -0.8038 0.4917
vn -0.3239 -0.8725 -0.3659
vn -0.2104 -0.9365 -0.2805
vn -0.5000 0.7834 0.3692
vn -0.5215 0.7685 0.3708
vn -0.4981 0.6723 -0.5476
vn -0.5134 0.6573 -0.5517
vn -0.5291 0.7086 0.4669
vn -0.5140 0.7170 0.4708
vn 0.0574 0.9984 -0.0000
vn 0.0612 0.9981 -0.0000
vn 0.0497 0.9988 -0.0000
vn -0.9695 0.1619 0.1839
vn -0.0631 -0.6103 0.7897
vn -0.0835 -0.6409 0.7631
vn -0.7124 -0.3025 0.6332
vn -0.7550 -0.3146 0.5753
vn -0.7495 -0.3188 0.5802
vn -0.7065 -0.3062 0.6381
vn -0.7080 0.6006 -0.3714
vn -0.7074 0.6016 -0.3711
vn -0.6754 0.5840 -0.4503
vn -0.9870 0.1320 0.0922
vn -0.9591 0.0613 -0.2762
vn -0.9467 0.1146 -0.3011
vn -0.4459 -0.2100 0.8701
vn -0.4462 -0.2437 0.8611
vn -0.3196 0.0326 -0.9470
vn -0.3030 0.0328 -0.9524
vn -0.2932 0.0302 -0.9556
vn -0.8641 0.2824 0.4166
vn -0.9585 0.1881 0.2144
vn -0.9291 0.0459 -0.3670
vn -0.0437 0.7432 0.6676
vn -0.0726 0.6403 0.7647
vn -0.0567 0.0199 0.9982
vn -0.0567 0.0234 0.9981
vn -0.0680 0.0138 0.9976
vn -0.0567 0.0113 0.9983
vn -0.0567 0.0124 0.9983
vn -0.0836 -0.6075 -0.7899
vn -0.1366 -0.4580 -0.8784
vn -0.9117 0.3674 -0.1839
vn -0.9373 0.2966 -0.1829
vn -0.8841 -0.2376 0.4025
vn -0.8955 0.4054 0.1837
vn -0.7855 0.4725 -0.3997
vn -0.9446 0.1770 -0.2765
vn -0.0642 0.2387 0.9690
vn -0.0335 0.3079 0.9508
vn -0.8925 0.1750 0.4158
vn -0.9492 0.1477 -0.2778
vn -0.9573 0.0834 -0.2768
vn -0.9595 0.0229 -0.2808
vn -0.5818 -0.3927 0.7123
vn -0.3892 -0.1896 -0.9014
vn -0.3897 -0.1543 -0.9079
vn -0.9526 -0.0387 -0.3018
vn -0.9451 -0.0007 -0.3267
vn -0.5665 -0.6530 0.5027
vn -0.6334 -0.5211 0.5720
vn 0.5860 0.5720 0.5740
vn -0.0731 0.4460 0.8921
vn -0.0645 0.4770 0.8766
vn 0.3644 0.3631 0.8575
vn 0.3554 0.3622 0.8617
vn 0.3820 0.3994 0.8334
vn 0.3818 0.4006 0.8329
vn 0.8170 0.2923 -0.4970
vn 0.6694 0.5240 -0.5267
vn 0.9112 0.4119 -0.0000
vn 0.0566 0.0735 -0.9957
vn 0.0622 0.0808 -0.9948
vn -0.1509 -0.0188 0.9884
vn -0.1277 0.0056 0.9918
vn -0.9681 -0.0598 -0.2433
vn -0.9039 -0.1777 -0.3892
vn -0.7078 -0.1253 0.6952
vn -0.7769 -0.1628 0.6082
vn -0.9110 -0.0972 -0.4008
vn -0.8013 0.0596 -0.5953
vn -0.5251 0.8461 -0.0920
vn -0.8773 0.4439 -0.1823
vn -0.9122 0.3993 -0.0924
vn -0.6080 0.2180 -0.7634
vn -0.4590 -0.0806 0.8848
vn -0.7168 -0.0468 0.6957
vn -0.2246 0.4163 0.8811
vn -0.4624 0.8819 -0.0917
vn -0.6049 0.7909 -0.0925
vn -0.9772 0.1018 -0.1861
vn -0.0695 0.8076 0.5856
vn -0.0865 0.7984 0.5959
vn -0.1321 0.0195 0.9910
vn -0.1240 0.0169 0.9921
vn -0.1240 0.0178 0.9921
vn -0.0965 -0.1763 0.9796
vn -0.0578 -0.3743 0.9255
vn -0.0677 -0.1012 0.9926
vn -0.0564 -0.1026 0.9931
vn -0.0564 -0.1023 0.9932
vn -0.0564 -0.1002 0.9934
vn -0.0573 -0.7650 0.6415
vn -0.0387 -0.8293 0.5575
vn -0.0563 0.9192 -0.3898
vn -0.0674 0.9056 -0.4188
vn -0.0927 -0.4044 0.9099
vn -0.0661 -0.3546 0.9327
vn -0.0542 -0.7301 0.6812
vn -0.0548 -0.7235 0.6881
vn -0.0346 -0.9163 0.3991
vn -0.0527 -0.8747 0.4818
vn -0.1145 0.9703 0.2133
vn -0.0764 0.9492 0.3052
vn -0.1009 -0.9028 0.4180
vn -0.0539 -0.9151 0.3997
vn -0.0345 -0.9952 -0.0919
vn 0.0077 -1.0000 -0.0000
vn -0.1144 -0.9892 -0.0915
vn 0.0118 -0.8240 -0.5664
vn -0.1010 -0.4900 0.8658
vn -0.0864 -0.5713 0.8162
vn -0.0784 0.7237 0.6856
vn -0.0845 0.7320 0.6761
vn 0.0621 0.0932 -0.9937
vn -0.1383 0.1297 -0.9819
vn -0.1499 0.1137 -0.9821
vn -0.1388 0.0988 -0.9854
vn -0.1154 0.6980 -0.7067
vn -0.1383 0.7059 -0.6946
vn -0.0792 0.8361 -0.5428
vn -0.0920 0.8490 -0.5203
vn -0.1006 0.4894 -0.8662
vn -0.1195 0.4385 -0.8907
vn 0.8611 0.4619 0.2125
vn 0.7153 0.6882 0.1215
vn 0.1426 0.6092 -0.7801
vn 0.1315 0.6217 -0.7721
vn 0.6620 0.6741 0.3277
vn 0.6486 0.6871 0.3275
vn 0.1289 0.8106 -0.5712
vn 0.0705 0.8705 -0.4870
vn 0.9093 -0.0167 0.4158
vn 0.9459 -0.1050 0.3070
vn 0.2049 -0.0042 -0.9788
vn 0.1961 -0.0046 -0.9806
vn 0.2020 -0.0038 -0.9794
vn 0.9510 -0.1413 0.2750
vn 0.9390 -0.2021 0.2782
vn 0.1017 -0.0078 -0.9948
vn 0.1362 -0.0128 -0.9906
vn 0.1073 -0.0085 -0.9942
vn 0.1073 -0.0117 -0.9942
vn 0.1073 -0.0127 -0.9941
vn 0.9713 0.1094 0.2113
vn 0.9998 0.0182 -0.0000
vn 0.1446 0.1432 -0.9791
vn 0.1555 0.1440 -0.9773
vn 0.1446 0.1446 -0.9789
vn 0.1501 0.1431 -0.9783
vn 0.8633 -0.4962 0.0921
vn 0.6830 -0.7304 -0.0000
vn 0.1272 -0.5581 -0.8199
vn 0.1145 -0.5734 -0.8112
vn 0.0518 0.6377 0.7686
vn 0.0406 0.6397 0.7675
vn 0.5205 0.8451 0.1223
vn 0.5038 0.8502 0.1524
vn 0.9968 -0.0796 -0.0000
vn 0.9787 -0.1835 -0.0918
vn 0.1586 0.2810 -0.9465
vn 0.1295 0.3107 -0.9416
vn 0.9957 -0.0091 -0.0919
vn 0.9745 -0.1276 -0.1845
vn 0.1613 0.4686 -0.8686
vn 0.1586 0.4578 -0.8748
vn 0.3795 -0.8381 -0.3920
vn 0.3341 -0.8562 -0.3941
vn 0.0648 -0.7295 -0.6809
vn 0.0697 -0.6562 -0.7513
vn 0.1214 -0.2175 0.9685
vn 0.1045 -0.1016 0.9893
vn 0.4024 0.5583 0.7255
vn 0.4566 0.5507 0.6988
vn 0.9916 -0.1292 -0.0000
vn 0.9577 -0.1932 0.2132
vn 0.1682 0.8417 -0.5130
vn 0.1430 0.8477 -0.5109
vn 0.9657 -0.1836 0.1836
vn 0.9327 -0.2298 0.2781
vn 0.1209 0.9884 -0.0921
vn 0.0725 0.9804 -0.1831
vn 0.6368 -0.5327 -0.5574
vn 0.4919 -0.5435 -0.6802
vn 0.1024 0.2256 -0.9688
vn 0.0922 0.2062 -0.9742
vn 0.3254 -0.9411 0.0919
vn 0.2870 -0.9535 0.0918
vn 0.1180 -0.7431 -0.6587
vn 0.0962 -0.8063 -0.5836
vn 0.9242 0.2291 0.3056
vn 0.9133 0.2976 0.2780
vn 0.1288 0.7441 -0.6556
vn 0.1286 0.7451 -0.6545
vn 0.1292 0.7421 -0.6577
vn 0.1294 0.7411 -0.6588
vn 0.1724 0.0744 0.9822
vn 0.1139 0.2592 0.9591
vn 0.1080 0.2580 0.9601
vn 0.0988 0.2375 0.9664
vn 0.1043 0.2373 0.9658
vn -0.0057 0.9958 -0.0916
vn -0.0114 0.9957 -0.0916
vn -0.0057 0.9958 -0.0914
vn 0.9266 -0.2534 0.2780
vn 0.9272 -0.2527 0.2764
vn 0.9016 -0.2422 0.3584
vn 0.9019 -0.2409 0.3585
vn 0.9892 -0.1141 0.0920
vn 0.9843 -0.1503 0.0921
vn 0.4113 0.9069 0.0918
vn 0.4578 0.8843 0.0919
vn 0.9827 0.0198 0.1839
vn 0.9734 0.1379 0.1829
vn 0.1262 0.9920 -0.0000
vn 0.1206 0.9927 -0.0000
vn 0.1205 0.9927 -0.0000
vn 0.2827 -0.0664 0.9569
vn 0.2827 -0.0656 0.9570
vn 0.3083 -0.0726 0.9485
vn 0.6631 -0.7260 0.1824
vn 0.6707 -0.7188 0.1829
vn 0.5123 -0.6885 -0.5133
vn 0.5828 -0.4761 -0.6585
vn -0.0019 0.9958 0.0916
vn 0.8958 0.4350 0.0919
vn 0.8963 0.4339 0.0913
vn 0.8963 0.4338 0.0919
vn 0.8974 0.4316 0.0915
vn -0.0688 0.9976 -0.0000
vn 0.6186 0.3316 -0.7123
vn 0.0413 0.4110 0.9107
vn -0.5923 0.7840 0.1858
vn -0.0196 0.4170 -0.9087
vn 0.0456 0.4651 -0.8841
vn 0.5436 0.2603 0.7979
vn 0.4878 0.8536 0.1829
vn 0.4306 0.8836 0.1837
vn 0.5013 0.8653 -0.0000
vn 0.3400 0.9359 -0.0922
vn 0.8584 -0.1038 0.5023
vn 0.4294 -0.8240 -0.3697
vn 0.4863 0.7097 0.5098
vn 0.5072 0.6961 0.5081
vn 0.6756 0.5543 -0.4862
vn 0.6320 0.4638 -0.6209
vn 0.3551 0.8362 0.4179
vn 0.3334 0.8578 0.3911
vn 0.2014 0.9752 -0.0921
vn 0.3462 0.9303 -0.1215
vn 0.0963 0.9486 0.3015
vn 0.6471 -0.0715 0.7591
vn 0.7179 -0.0983 0.6891
vn 0.8796 -0.0163 -0.4755
vn 0.8796 -0.0186 -0.4754
vn 0.8782 -0.0194 -0.4779
vn 0.8712 -0.0511 0.4882
vn 0.8106 -0.0384 0.5843
vn 0.8438 0.1797 -0.5057
vn 0.8383 0.1761 -0.5161
vn 0.3871 -0.8446 0.3698
vn 0.3822 -0.8813 0.2780
vn 0.6529 -0.6475 -0.3929
vn 0.6123 -0.6836 -0.3972
vn 0.3562 0.8215 0.4452
vn 0.3696 0.8525 0.3696
vn 0.3755 0.8499 0.3697
vn 0.3620 0.8188 0.4456
vn 0.3302 0.9394 -0.0921
vn 0.3290 0.9399 -0.0918
vn 0.7902 -0.3869 0.4753
vn 0.7532 -0.3702 0.5437
vn 0.7897 -0.3882 0.4750
vn 0.8081 0.1622 -0.5663
vn 0.7389 0.1646 -0.6534
vn 0.6877 -0.6229 0.3730
vn 0.6874 -0.6233 0.3728
vn 0.6880 -0.6224 0.3732
vn 0.7676 0.2829 -0.5751
vn 0.7039 0.2831 -0.6515
vn 0.2448 -0.9696 -0.0000
vn 0.2371 -0.9671 -0.0918
vn 0.2146 -0.7810 -0.5866
vn 0.2617 -0.7717 -0.5796
vn 0.3408 0.3660 0.8660
vn 0.3165 0.3588 0.8781
vn 0.3094 0.7443 0.5918
vn 0.3107 0.7622 0.5679
vn 0.7129 -0.5790 0.3957
vn 0.6135 -0.6448 0.4559
vn 0.7287 0.5781 -0.3672
vn 0.7299 0.5762 -0.3678
vn 0.7059 0.5542 -0.4412
vn 0.7266 0.5795 -0.3691
vn 0.6138 -0.7677 0.1841
vn 0.6300 -0.7546 0.1833
vn 0.6482 0.7615 -0.0000
vn 0.6963 0.7178 -0.0000
vn 0.2766 -0.7682 -0.5773
vn 0.2449 -0.4684 -0.8489
vn 0.3413 -0.0480 -0.9387
vn 0.2319 -0.0387 -0.9720
vn 0.2778 -0.8285 0.4862
vn 0.2280 -0.9558 0.1855
vn 0.1972 -0.9626 -0.1856
vn 0.3369 -0.9234 -0.1838
vn 0.5582 0.6139 0.5582
vn 0.5761 0.5732 0.5827
vn 0.6028 0.7089 -0.3662
vn 0.6266 0.6864 -0.3690
vn 0.4877 0.7879 0.3761
vn 0.4553 0.7651 0.4553
vn -0.0401 0.9992 -0.0000
vn -0.0631 0.9980 -0.0000
vn -0.0516 0.9987 -0.0000
vn -0.0574 0.9984 -0.0000
vn 0.9743 -0.0771 -0.2114
vn 0.0835 -0.6409 0.7631
vn 0.0633 -0.6115 0.7887
vn 0.6982 -0.3617 0.6177
vn 0.7271 -0.3405 0.5962
vn 0.6885 0.3555 -0.6321
vn 0.6954 0.3491 -0.6281
vn 0.7318 0.3718 -0.5712
vn 0.7306 0.3757 -0.5702
vn 0.9769 0.0362 0.2104
vn 0.9525 -0.1341 0.2732
vn 0.9581 -0.0802 0.2748
vn 0.3466 -0.2305 0.9092
vn 0.3776 -0.2503 0.8915
vn 0.3416 -0.2310 0.9110
vn 0.3591 -0.1101 -0.9268
vn 0.3592 -0.1093 -0.9269
vn 0.3306 -0.1013 -0.9383
vn 0.3257 -0.1054 -0.9396
vn 0.8791 -0.2130 0.4263
vn 0.8651 -0.2817 0.4151
vn 0.9946 -0.0489 0.0918
vn 0.0737 0.6538 0.7530
vn 0.0472 0.7490 0.6609
vn 0.0624 -0.0117 0.9980
vn 0.0624 -0.0113 0.9980
vn 0.0567 -0.0145 0.9983
vn 0.0567 -0.0177 0.9982
vn 0.0680 -0.0120 0.9976
vn 0.1346 -0.4817 -0.8659
vn 0.0826 -0.6210 -0.7794
vn 0.9584 0.2187 0.1833
vn 0.9648 0.1876 0.1845
vn 0.9027 0.4204 0.0920
vn 0.9680 0.1692 0.1851
vn 0.9523 0.2431 0.1847
vn 0.9521 0.2438 0.1846
vn 0.9520 0.2441 0.1846
vn 0.8697 0.4849 0.0916
vn 0.0410 0.3108 0.9496
vn 0.0607 0.2408 0.9687
vn 0.8935 -0.1748 0.4137
vn 0.9762 0.1158 0.1834
vn 0.9914 -0.0932 0.0920
vn 0.4268 -0.5908 0.6847
vn 0.3930 -0.2879 -0.8733
vn 0.3929 -0.2885 -0.8731
vn 0.3934 -0.2848 -0.8742
vn 0.4256 -0.3070 -0.8512
vn 0.9535 -0.0383 0.2991
vn 0.9535 -0.0005 0.3014
vn 0.4960 -0.3944 0.7736
vn 0.4480 -0.5737 0.6857
vn -0.5412 0.3630 0.7585
vn 0.0581 0.4944 0.8673
vn 0.0644 0.4711 0.8797
vn -0.3569 0.2613 0.8968
vn -0.3459 0.2640 0.9004
vn -0.7426 0.4627 -0.4842
vn -0.5680 0.6344 -0.5243
vn -0.8099 0.5794 0.0913
vn -0.0565 0.0918 -0.9942
vn -0.0621 0.0993 -0.9931
vn 0.1275 0.0572 0.9902
vn 0.1488 0.0414 0.9880
vn 0.9069 0.1596 0.3899
vn 0.9819 0.0391 0.1855
vn 0.6935 0.1358 0.7075
vn 0.7064 0.1302 0.6957
vn 0.9555 0.2041 -0.2132
vn 0.9988 0.0495 -0.0000
vn 0.6140 0.7679 0.1825
vn 0.9898 0.1094 0.0917
vn 0.9832 0.1580 0.0916
vn 0.6497 0.0513 -0.7585
vn 0.4398 0.0146 0.8980
vn 0.3467 -0.0090 0.9379
vn 0.2030 0.3041 0.9308
vn 0.5350 0.8398 0.0920
vn 0.7084 0.6998 0.0917
vn 0.9772 -0.1018 0.1861
vn 0.0907 0.7960 0.5985
vn 0.0735 0.8067 0.5864
vn 0.1240 -0.0180 0.9921
vn 0.1362 -0.0186 0.9905
vn 0.1240 -0.0169 0.9921
vn 0.0628 -0.4004 0.9142
vn 0.1025 -0.2344 0.9667
vn 0.0621 -0.0981 0.9932
vn 0.0565 -0.0974 0.9936
vn 0.0677 -0.0994 0.9927
vn 0.0406 -0.8297 0.5567
vn 0.0686 -0.7650 0.6403
vn 0.0669 0.9070 -0.4157
vn 0.0584 0.9582 -0.2801
vn 0.0757 -0.4120 0.9080
vn 0.0893 -0.4336 0.8967
vn 0.0544 -0.7287 0.6827
vn 0.0502 -0.7341 0.6772
vn 0.0468 -0.8769 0.4784
vn 0.0364 -0.9171 0.3971
vn 0.0760 0.9498 0.3035
vn 0.1192 0.9701 0.2115
vn 0.0583 -0.9133 0.4032
vn 0.0932 -0.9003 0.4251
vn 0.0401 -0.9950 -0.0916
vn -0.0039 -0.8227 -0.5685
vn 0.0831 -0.5898 0.8032
vn 0.0881 -0.5185 0.8505
vn 0.0865 0.7188 0.6898
vn 0.0796 0.7132 0.6965
vn 0.1479 0.1248 -0.9811
vn 0.1401 0.0896 -0.9861
vn 0.1476 0.0984 -0.9841
vn 0.1346 0.0911 -0.9867
vn 0.1354 0.1108 -0.9846
vn -0.0621 0.0962 -0.9934
vn 0.1430 0.6331 -0.7608
vn 0.1106 0.6343 -0.7651
vn 0.0833 0.8421 -0.5329
vn 0.0871 0.8814 -0.4643
vn 0.0777 0.8426 -0.5328
vn 0.0888 0.8416 -0.5328
vn 0.1224 0.4555 -0.8818
vn 0.0983 0.5000 -0.8604
# 1244 vertex normals

vt 0.3499 0.8810 0.0000
vt 0.3583 0.8740 0.0000
vt 0.3824 0.8999 0.0000
vt 0.3798 0.9119 0.0000
vt 0.2725 0.7998 0.0000
vt 0.2824 0.7953 0.0000
vt 0.3042 0.8381 0.0000
vt 0.2915 0.8478 0.0000
vt 0.4213 0.8353 0.0000
vt 0.3815 0.8015 0.0000
vt 0.3760 0.7896 0.0000
vt 0.4213 0.8286 0.0000
vt 0.3353 0.7504 0.0000
vt 0.3377 0.7501 0.0000
vt 0.3618 0.7772 0.0000
vt 0.3592 0.7867 0.0000
vt 0.3960 0.7730 0.0000
vt 0.4373 0.8097 0.0000
vt 0.3593 0.7423 0.0000
vt 0.3844 0.7653 0.0000
vt 0.9080 0.6428 0.0000
vt 0.8939 0.6322 0.0000
vt 0.9094 0.6139 0.0000
vt 0.9199 0.6217 0.0000
vt 0.8227 0.7107 0.0000
vt 0.7787 0.6600 0.0000
vt 0.8354 0.6415 0.0000
vt 0.8553 0.6560 0.0000
vt 0.8770 0.6780 0.0000
vt 0.8411 0.0581 0.0000
vt 0.9091 0.0290 0.0000
vt 0.9340 0.0847 0.0000
vt 0.8555 0.1016 0.0000
vt 0.9236 0.0240 0.0000
vt 0.9645 0.0126 0.0000
vt 0.9943 0.0699 0.0000
vt 0.9491 0.0798 0.0000
vt 0.8421 0.0454 0.0000
vt 0.8996 0.0205 0.0000
vt 0.9173 0.0131 0.0000
vt 0.9556 0.0035 0.0000
vt 0.8484 0.1157 0.0000
vt 0.8146 0.1337 0.0000
vt 0.8125 0.1284 0.0000
vt 0.8485 0.1059 0.0000
vt 0.9334 0.0950 0.0000
vt 0.8624 0.1100 0.0000
vt 0.9339 0.1483 0.0000
vt 0.8690 0.1542 0.0000
vt 0.9908 0.0814 0.0000
vt 0.9872 0.1339 0.0000
vt 0.9478 0.1468 0.0000
vt 0.9512 0.0906 0.0000
vt 0.8758 0.1692 0.0000
vt 0.9349 0.1630 0.0000
vt 0.9324 0.1864 0.0000
vt 0.8716 0.1890 0.0000
vt 0.9450 0.1615 0.0000
vt 0.9920 0.1452 0.0000
vt 0.9928 0.1815 0.0000
vt 0.9418 0.1862 0.0000
vt 0.8415 0.2299 0.0000
vt 0.7981 0.2321 0.0000
vt 0.7984 0.2257 0.0000
vt 0.8536 0.2195 0.0000
vt 0.9257 0.2436 0.0000
vt 0.8574 0.2351 0.0000
vt 0.8637 0.2217 0.0000
vt 0.9287 0.2279 0.0000
vt 0.9065 0.3226 0.0000
vt 0.8461 0.3137 0.0000
vt 0.9704 0.2624 0.0000
vt 0.9575 0.3318 0.0000
vt 0.9198 0.3262 0.0000
vt 0.9372 0.2460 0.0000
vt 0.8438 0.3317 0.0000
vt 0.9050 0.3368 0.0000
vt 0.8896 0.3894 0.0000
vt 0.8309 0.3549 0.0000
vt 0.9136 0.3386 0.0000
vt 0.9589 0.3426 0.0000
vt 0.9429 0.4228 0.0000
vt 0.8988 0.3951 0.0000
vt 0.9618 0.6469 0.0000
vt 0.9070 0.6744 0.0000
vt 0.8985 0.6695 0.0000
vt 0.9598 0.6334 0.0000
vt 0.8684 0.7083 0.0000
vt 0.8323 0.7258 0.0000
vt 0.8280 0.7190 0.0000
vt 0.8736 0.6952 0.0000
vt 0.3981 0.7733 0.0000
vt 0.4372 0.8045 0.0000
vt 0.3627 0.7410 0.0000
vt 0.3869 0.7633 0.0000
vt 0.4020 0.8841 0.0000
vt 0.4487 0.8826 0.0000
vt 0.4315 0.9053 0.0000
vt 0.4281 0.9032 0.0000
vt 0.3939 0.8939 0.0000
vt 0.4244 0.9059 0.0000
vt 0.3908 0.9040 0.0000
vt 0.9033 0.6478 0.0000
vt 0.9302 0.6161 0.0000
vt 0.8805 0.6319 0.0000
vt 0.8306 0.6088 0.0000
vt 0.8717 0.5653 0.0000
vt 0.8763 0.5740 0.0000
vt 0.8433 0.6083 0.0000
vt 0.8995 0.5573 0.0000
vt 0.9077 0.5988 0.0000
vt 0.8959 0.5953 0.0000
vt 0.8817 0.5973 0.0000
vt 0.8722 0.6087 0.0000
vt 0.8918 0.6121 0.0000
vt 0.8868 0.6166 0.0000
vt 0.8995 0.6106 0.0000
vt 0.3104 0.8276 0.0000
vt 0.2841 0.7898 0.0000
vt 0.3451 0.8702 0.0000
vt 0.3025 0.8560 0.0000
vt 0.3096 0.8448 0.0000
vt 0.3454 0.8617 0.0000
vt 0.3845 0.8891 0.0000
vt 0.3594 0.8672 0.0000
vt 0.3493 0.8703 0.0000
vt 0.3524 0.8655 0.0000
vt 0.3395 0.8485 0.0000
vt 0.8790 0.5491 0.0000
vt 0.8905 0.5539 0.0000
vt 0.8258 0.6329 0.0000
vt 0.8126 0.6188 0.0000
vt 0.9523 0.5764 0.0000
vt 0.9554 0.6009 0.0000
vt 0.8903 0.6858 0.0000
vt 0.3902 0.9165 0.0000
vt 0.4317 0.8407 0.0000
vt 0.4377 0.8376 0.0000
vt 0.3760 0.8016 0.0000
vt 0.4514 0.8191 0.0000
vt 0.8304 0.0652 0.0000
vt 0.8241 0.0539 0.0000
vt 0.8532 0.1595 0.0000
vt 0.8660 0.1715 0.0000
vt 0.8608 0.1891 0.0000
vt 0.9357 0.2292 0.0000
vt 0.8301 0.3118 0.0000
vt 0.8353 0.3296 0.0000
vt 0.8222 0.3507 0.0000
vt 0.9612 0.5794 0.0000
vt 0.9711 0.5756 0.0000
vt 0.9672 0.5977 0.0000
vt 0.9016 0.6932 0.0000
vt 0.4519 0.8149 0.0000
vt 0.3921 0.8786 0.0000
vt 0.3172 0.8360 0.0000
vt 0.8022 0.1846 0.0000
vt 0.8868 0.6234 0.0000
vt 0.8728 0.6221 0.0000
vt 0.9212 0.5640 0.0000
vt 0.8836 0.5099 0.0000
vt 0.8945 0.5081 0.0000
vt 0.9149 0.5087 0.0000
vt 0.9774 0.5268 0.0000
vt 0.4312 0.9133 0.0000
vt 0.4211 0.9168 0.0000
vt 0.4315 0.9141 0.0000
vt 0.2709 0.7880 0.0000
vt 0.2744 0.7838 0.0000
vt 0.2807 0.7812 0.0000
vt 0.4678 0.8574 0.0000
vt 0.3505 0.8448 0.0000
vt 0.3395 0.8104 0.0000
vt 0.3501 0.8368 0.0000
vt 0.4686 0.8537 0.0000
vt 0.4819 0.8351 0.0000
vt 0.9875 0.5350 0.0000
vt 0.7913 0.0800 0.0000
vt 0.7891 0.0722 0.0000
vt 0.8117 0.1556 0.0000
vt 0.8106 0.1592 0.0000
vt 0.9743 0.2529 0.0000
vt 0.7921 0.2844 0.0000
vt 0.7893 0.2904 0.0000
vt 0.7702 0.3294 0.0000
vt 0.9922 0.5409 0.0000
vt 0.4826 0.8290 0.0000
vt 0.7714 0.6393 0.0000
vt 0.7718 0.6252 0.0000
vt 0.5575 0.9599 0.0000
vt 0.5111 0.9576 0.0000
vt 0.5152 0.9453 0.0000
vt 0.5531 0.9489 0.0000
vt 0.6430 0.9357 0.0000
vt 0.6367 0.9457 0.0000
vt 0.6230 0.9427 0.0000
vt 0.6399 0.9344 0.0000
vt 0.5321 0.8670 0.0000
vt 0.5384 0.8625 0.0000
vt 0.5938 0.8692 0.0000
vt 0.5803 0.8734 0.0000
vt 0.6400 0.8602 0.0000
vt 0.6036 0.8786 0.0000
vt 0.6086 0.8670 0.0000
vt 0.6388 0.8531 0.0000
vt 0.5417 0.8416 0.0000
vt 0.5975 0.8435 0.0000
vt 0.6100 0.8422 0.0000
vt 0.6378 0.8271 0.0000
vt 0.4932 0.7631 0.0000
vt 0.4704 0.7559 0.0000
vt 0.4737 0.7453 0.0000
vt 0.4953 0.7537 0.0000
vt 0.5479 0.7365 0.0000
vt 0.5909 0.7383 0.0000
vt 0.5917 0.8051 0.0000
vt 0.5427 0.7592 0.0000
vt 0.5334 0.7902 0.0000
vt 0.1708 0.1065 0.0000
vt 0.1646 0.1656 0.0000
vt 0.0980 0.1470 0.0000
vt 0.0987 0.1073 0.0000
vt 0.0906 0.1060 0.0000
vt 0.0918 0.1458 0.0000
vt 0.0579 0.1523 0.0000
vt 0.0565 0.0944 0.0000
vt 0.1692 0.0928 0.0000
vt 0.1058 0.0903 0.0000
vt 0.0914 0.0883 0.0000
vt 0.0550 0.0844 0.0000
vt 0.1806 0.1747 0.0000
vt 0.1772 0.1664 0.0000
vt 0.2226 0.1685 0.0000
vt 0.2210 0.1747 0.0000
vt 0.1009 0.1582 0.0000
vt 0.1631 0.1744 0.0000
vt 0.1587 0.2139 0.0000
vt 0.0926 0.2141 0.0000
vt 0.0570 0.1629 0.0000
vt 0.0903 0.1578 0.0000
vt 0.0790 0.2143 0.0000
vt 0.0412 0.2084 0.0000
vt 0.1502 0.2319 0.0000
vt 0.1528 0.2530 0.0000
vt 0.0891 0.2497 0.0000
vt 0.0890 0.2273 0.0000
vt 0.0805 0.2264 0.0000
vt 0.0776 0.2506 0.0000
vt 0.0244 0.2511 0.0000
vt 0.0371 0.2186 0.0000
vt 0.1783 0.2876 0.0000
vt 0.1678 0.2796 0.0000
vt 0.2240 0.2784 0.0000
vt 0.2238 0.2854 0.0000
vt 0.1000 0.3133 0.0000
vt 0.0965 0.2992 0.0000
vt 0.1567 0.2810 0.0000
vt 0.1605 0.2922 0.0000
vt 0.2056 0.3652 0.0000
vt 0.1336 0.3974 0.0000
vt 0.0454 0.3371 0.0000
vt 0.0842 0.3189 0.0000
vt 0.1187 0.4028 0.0000
vt 0.0753 0.4095 0.0000
vt 0.2134 0.3826 0.0000
vt 0.2376 0.4109 0.0000
vt 0.1698 0.4652 0.0000
vt 0.1374 0.4152 0.0000
vt 0.1286 0.4180 0.0000
vt 0.1609 0.4711 0.0000
vt 0.1162 0.5005 0.0000
vt 0.0770 0.4217 0.0000
vt 0.4416 0.7850 0.0000
vt 0.4399 0.7701 0.0000
vt 0.5067 0.7942 0.0000
vt 0.4999 0.8039 0.0000
vt 0.5472 0.8148 0.0000
vt 0.5416 0.8041 0.0000
vt 0.5854 0.8176 0.0000
vt 0.5812 0.8256 0.0000
vt 0.5453 0.8386 0.0000
vt 0.5956 0.8354 0.0000
vt 0.6094 0.8361 0.0000
vt 0.6362 0.8212 0.0000
vt 0.4621 0.9043 0.0000
vt 0.4773 0.8791 0.0000
vt 0.5017 0.9127 0.0000
vt 0.4665 0.9049 0.0000
vt 0.5067 0.9314 0.0000
vt 0.5017 0.9386 0.0000
vt 0.4652 0.9097 0.0000
vt 0.4561 0.7595 0.0000
vt 0.4989 0.7728 0.0000
vt 0.5112 0.7504 0.0000
vt 0.5308 0.7087 0.0000
vt 0.5247 0.7139 0.0000
vt 0.4813 0.6979 0.0000
vt 0.4780 0.6883 0.0000
vt 0.4533 0.7006 0.0000
vt 0.4893 0.7190 0.0000
vt 0.4752 0.7241 0.0000
vt 0.4647 0.7333 0.0000
vt 0.5045 0.7238 0.0000
vt 0.4927 0.7414 0.0000
vt 0.4861 0.7397 0.0000
vt 0.4794 0.7405 0.0000
vt 0.6171 0.9364 0.0000
vt 0.6405 0.9226 0.0000
vt 0.5724 0.9633 0.0000
vt 0.5724 0.9506 0.0000
vt 0.6117 0.9452 0.0000
vt 0.6186 0.9591 0.0000
vt 0.5195 0.9393 0.0000
vt 0.5530 0.9420 0.0000
vt 0.5627 0.9569 0.0000
vt 0.5606 0.9471 0.0000
vt 0.5767 0.9397 0.0000
vt 0.4578 0.6923 0.0000
vt 0.4638 0.6790 0.0000
vt 0.5442 0.7136 0.0000
vt 0.5460 0.7278 0.0000
vt 0.4281 0.7510 0.0000
vt 0.5210 0.8046 0.0000
vt 0.4970 0.9511 0.0000
vt 0.5261 0.8663 0.0000
vt 0.5253 0.8605 0.0000
vt 0.5853 0.8780 0.0000
vt 0.5322 0.8416 0.0000
vt 0.1836 0.1113 0.0000
vt 0.1882 0.0962 0.0000
vt 0.1765 0.2157 0.0000
vt 0.1627 0.2322 0.0000
vt 0.1645 0.2515 0.0000
vt 0.0853 0.3028 0.0000
vt 0.2265 0.3573 0.0000
vt 0.2254 0.3757 0.0000
vt 0.2503 0.3998 0.0000
vt 0.4258 0.7827 0.0000
vt 0.4276 0.7677 0.0000
vt 0.5120 0.8146 0.0000
vt 0.5335 0.8375 0.0000
vt 0.5164 0.9188 0.0000
vt 0.6082 0.9381 0.0000
vt 0.2243 0.2367 0.0000
vt 0.4962 0.7461 0.0000
vt 0.5113 0.7367 0.0000
vt 0.4434 0.7200 0.0000
vt 0.4376 0.6518 0.0000
vt 0.4469 0.6462 0.0000
vt 0.3918 0.7146 0.0000
vt 0.4227 0.6650 0.0000
vt 0.4539 0.9095 0.0000
vt 0.4587 0.9184 0.0000
vt 0.4525 0.9105 0.0000
vt 0.6435 0.9318 0.0000
vt 0.6492 0.9212 0.0000
vt 0.6485 0.9288 0.0000
vt 0.4942 0.8512 0.0000
vt 0.5719 0.9263 0.0000
vt 0.6058 0.9054 0.0000
vt 0.5810 0.9220 0.0000
vt 0.4960 0.8466 0.0000
vt 0.5069 0.8270 0.0000
vt 0.4142 0.7533 0.0000
vt 0.3856 0.7189 0.0000
vt 0.2291 0.1115 0.0000
vt 0.2303 0.1030 0.0000
vt 0.2202 0.2023 0.0000
vt 0.2214 0.2065 0.0000
vt 0.0375 0.3283 0.0000
vt 0.2620 0.3216 0.0000
vt 0.2679 0.3252 0.0000
vt 0.2985 0.3555 0.0000
vt 0.4014 0.7484 0.0000
vt 0.3799 0.7214 0.0000
vt 0.5084 0.8217 0.0000
vt 0.5793 0.7054 0.0000
vt 0.5842 0.7180 0.0000
vt 0.5867 0.4684 0.0000
vt 0.5470 0.4702 0.0000
vt 0.5521 0.4586 0.0000
vt 0.5842 0.4588 0.0000
vt 0.6928 0.4679 0.0000
vt 0.6466 0.4869 0.0000
vt 0.6453 0.4726 0.0000
vt 0.6877 0.4602 0.0000
vt 0.5830 0.3869 0.0000
vt 0.5894 0.3850 0.0000
vt 0.6443 0.3952 0.0000
vt 0.6312 0.3991 0.0000
vt 0.6933 0.4035 0.0000
vt 0.6541 0.4033 0.0000
vt 0.6617 0.3982 0.0000
vt 0.6931 0.3991 0.0000
vt 0.5948 0.3662 0.0000
vt 0.6487 0.3741 0.0000
vt 0.6623 0.3775 0.0000
vt 0.6942 0.3782 0.0000
vt 0.8060 0.8467 0.0000
vt 0.7842 0.8621 0.0000
vt 0.7777 0.8507 0.0000
vt 0.7997 0.8376 0.0000
vt 0.8254 0.7866 0.0000
vt 0.8759 0.7554 0.0000
vt 0.9025 0.8089 0.0000
vt 0.8387 0.8097 0.0000
vt 0.8525 0.8408 0.0000
vt 0.5582 0.6319 0.0000
vt 0.5023 0.5967 0.0000
vt 0.5407 0.5353 0.0000
vt 0.5992 0.5711 0.0000
vt 0.6071 0.5579 0.0000
vt 0.5466 0.5245 0.0000
vt 0.5721 0.4827 0.0000
vt 0.6373 0.5176 0.0000
vt 0.5723 0.6338 0.0000
vt 0.6102 0.5822 0.0000
vt 0.6218 0.5636 0.0000
vt 0.6486 0.5286 0.0000
vt 0.4861 0.6048 0.0000
vt 0.4954 0.6068 0.0000
vt 0.4685 0.6471 0.0000
vt 0.4628 0.6400 0.0000
vt 0.5305 0.5341 0.0000
vt 0.4961 0.5894 0.0000
vt 0.4620 0.5782 0.0000
vt 0.4826 0.5157 0.0000
vt 0.5549 0.4802 0.0000
vt 0.5377 0.5185 0.0000
vt 0.4873 0.4996 0.0000
vt 0.5020 0.4591 0.0000
vt 0.6877 0.6472 0.0000
vt 0.6692 0.6270 0.0000
vt 0.7403 0.5854 0.0000
vt 0.7575 0.6101 0.0000
vt 0.7715 0.6019 0.0000
vt 0.7473 0.5788 0.0000
vt 0.7897 0.5396 0.0000
vt 0.8146 0.5642 0.0000
vt 0.7034 0.6606 0.0000
vt 0.7617 0.6238 0.0000
vt 0.7889 0.6046 0.0000
vt 0.8214 0.5763 0.0000
vt 0.6198 0.6063 0.0000
vt 0.6345 0.6075 0.0000
vt 0.5874 0.6338 0.0000
vt 0.5839 0.6270 0.0000
vt 0.6738 0.5278 0.0000
vt 0.6941 0.5321 0.0000
vt 0.6443 0.5968 0.0000
vt 0.6357 0.5842 0.0000
vt 0.7386 0.4559 0.0000
vt 0.7990 0.3954 0.0000
vt 0.8449 0.4525 0.0000
vt 0.7834 0.5088 0.0000
vt 0.8267 0.5429 0.0000
vt 0.7933 0.5194 0.0000
vt 0.8560 0.4622 0.0000
vt 0.8797 0.4951 0.0000
vt 0.8151 0.3798 0.0000
vt 0.8573 0.4393 0.0000
vt 0.8638 0.4457 0.0000
vt 0.8886 0.4874 0.0000
vt 0.7842 0.8997 0.0000
vt 0.7765 0.8977 0.0000
vt 0.8368 0.8602 0.0000
vt 0.8405 0.8694 0.0000
vt 0.8767 0.8499 0.0000
vt 0.8654 0.8467 0.0000
vt 0.9067 0.8200 0.0000
vt 0.9092 0.8283 0.0000
vt 0.5982 0.3647 0.0000
vt 0.6474 0.3682 0.0000
vt 0.6628 0.3731 0.0000
vt 0.6935 0.3737 0.0000
vt 0.5123 0.4120 0.0000
vt 0.5297 0.3915 0.0000
vt 0.5473 0.4248 0.0000
vt 0.5177 0.4152 0.0000
vt 0.5481 0.4435 0.0000
vt 0.5424 0.4506 0.0000
vt 0.5145 0.4176 0.0000
vt 0.7776 0.8767 0.0000
vt 0.8156 0.8517 0.0000
vt 0.8071 0.8263 0.0000
vt 0.7874 0.7795 0.0000
vt 0.7879 0.7910 0.0000
vt 0.7479 0.8154 0.0000
vt 0.7417 0.8107 0.0000
vt 0.7245 0.8405 0.0000
vt 0.7665 0.8244 0.0000
vt 0.7614 0.8383 0.0000
vt 0.7627 0.8528 0.0000
vt 0.7821 0.8149 0.0000
vt 0.7887 0.8309 0.0000
vt 0.7820 0.8354 0.0000
vt 0.7776 0.8416 0.0000
vt 0.6468 0.4641 0.0000
vt 0.6876 0.4580 0.0000
vt 0.5936 0.4718 0.0000
vt 0.5995 0.4639 0.0000
vt 0.6370 0.4718 0.0000
vt 0.6328 0.4855 0.0000
vt 0.5571 0.4516 0.0000
vt 0.5865 0.4540 0.0000
vt 0.5914 0.4647 0.0000
vt 0.5926 0.4591 0.0000
vt 0.6095 0.4548 0.0000
vt 0.7230 0.8232 0.0000
vt 0.7255 0.8093 0.0000
vt 0.7965 0.7656 0.0000
vt 0.8125 0.7753 0.0000
vt 0.7561 0.8953 0.0000
vt 0.8570 0.8561 0.0000
vt 0.5352 0.4613 0.0000
vt 0.5778 0.3849 0.0000
vt 0.5786 0.3809 0.0000
vt 0.6593 0.3957 0.0000
vt 0.6338 0.4021 0.0000
vt 0.5841 0.3611 0.0000
vt 0.6611 0.3756 0.0000
vt 0.5477 0.6425 0.0000
vt 0.5579 0.6524 0.0000
vt 0.4535 0.5920 0.0000
vt 0.6730 0.6504 0.0000
vt 0.6584 0.6336 0.0000
vt 0.6656 0.6657 0.0000
vt 0.6816 0.6640 0.0000
vt 0.7767 0.6197 0.0000
vt 0.6281 0.5928 0.0000
vt 0.7016 0.5022 0.0000
vt 0.7038 0.5213 0.0000
vt 0.6893 0.5113 0.0000
vt 0.7259 0.4431 0.0000
vt 0.7887 0.3827 0.0000
vt 0.8086 0.3743 0.0000
vt 0.7743 0.9124 0.0000
vt 0.7666 0.9029 0.0000
vt 0.8606 0.8676 0.0000
vt 0.5876 0.3577 0.0000
vt 0.6605 0.3706 0.0000
vt 0.5607 0.4317 0.0000
vt 0.6375 0.4636 0.0000
vt 0.6075 0.6658 0.0000
vt 0.7944 0.8316 0.0000
vt 0.7967 0.8175 0.0000
vt 0.7354 0.8639 0.0000
vt 0.7062 0.8209 0.0000
vt 0.7158 0.8305 0.0000
vt 0.6702 0.8428 0.0000
vt 0.6698 0.8335 0.0000
vt 0.7052 0.9087 0.0000
vt 0.6734 0.8567 0.0000
vt 0.5038 0.4155 0.0000
vt 0.5064 0.4241 0.0000
vt 0.5023 0.4161 0.0000
vt 0.6971 0.4610 0.0000
vt 0.6947 0.4599 0.0000
vt 0.6925 0.4570 0.0000
vt 0.5479 0.3682 0.0000
vt 0.6096 0.4388 0.0000
vt 0.6500 0.4333 0.0000
vt 0.6197 0.4389 0.0000
vt 0.5501 0.3646 0.0000
vt 0.5768 0.3790 0.0000
vt 0.5572 0.3449 0.0000
vt 0.5841 0.3593 0.0000
vt 0.7570 0.9063 0.0000
vt 0.7104 0.9166 0.0000
vt 0.5235 0.6837 0.0000
vt 0.5340 0.6882 0.0000
vt 0.4297 0.6266 0.0000
vt 0.6253 0.6843 0.0000
vt 0.6289 0.6873 0.0000
vt 0.7281 0.4678 0.0000
vt 0.7382 0.4762 0.0000
vt 0.7054 0.4053 0.0000
vt 0.7401 0.3712 0.0000
vt 0.7443 0.3653 0.0000
vt 0.7498 0.9148 0.0000
vt 0.7134 0.9224 0.0000
vt 0.5589 0.3406 0.0000
vt 0.5846 0.3544 0.0000
vt 0.8219 0.7540 0.0000
vt 0.8570 0.7353 0.0000
vt 0.8666 0.7436 0.0000
vt 0.8222 0.7721 0.0000
vt 0.7247 0.7860 0.0000
vt 0.7259 0.7758 0.0000
vt 0.7607 0.7698 0.0000
vt 0.7668 0.7839 0.0000
vt 0.6159 0.8068 0.0000
vt 0.6207 0.7970 0.0000
vt 0.6692 0.8017 0.0000
vt 0.6688 0.8163 0.0000
vt 0.7308 0.6962 0.0000
vt 0.6795 0.7163 0.0000
vt 0.6671 0.7148 0.0000
vt 0.7253 0.6929 0.0000
vt 0.6144 0.7305 0.0000
vt 0.6138 0.7265 0.0000
vt 0.6450 0.7219 0.0000
vt 0.6554 0.7273 0.0000
vt 0.6627 0.6929 0.0000
vt 0.7157 0.6720 0.0000
vt 0.6106 0.7047 0.0000
vt 0.6421 0.6997 0.0000
vt 0.4361 0.4878 0.0000
vt 0.4243 0.4839 0.0000
vt 0.4333 0.4615 0.0000
vt 0.4423 0.4648 0.0000
vt 0.4023 0.5904 0.0000
vt 0.3488 0.5535 0.0000
vt 0.3818 0.5162 0.0000
vt 0.3993 0.5258 0.0000
vt 0.4281 0.5369 0.0000
vt 0.1314 0.6918 0.0000
vt 0.0651 0.6538 0.0000
vt 0.1038 0.5910 0.0000
vt 0.1696 0.6324 0.0000
vt 0.0577 0.6469 0.0000
vt 0.0193 0.6178 0.0000
vt 0.0600 0.5514 0.0000
vt 0.0954 0.5847 0.0000
vt 0.1204 0.7014 0.0000
vt 0.0623 0.6701 0.0000
vt 0.0473 0.6579 0.0000
vt 0.0123 0.6331 0.0000
vt 0.1890 0.6326 0.0000
vt 0.2240 0.6596 0.0000
vt 0.2219 0.6655 0.0000
vt 0.1794 0.6387 0.0000
vt 0.1155 0.5830 0.0000
vt 0.1739 0.6215 0.0000
vt 0.1541 0.5452 0.0000
vt 0.1996 0.5934 0.0000
vt 0.0716 0.5422 0.0000
vt 0.1161 0.5029 0.0000
vt 0.1452 0.5345 0.0000
vt 0.1024 0.5724 0.0000
vt 0.2494 0.6881 0.0000
vt 0.2830 0.6186 0.0000
vt 0.3114 0.6351 0.0000
vt 0.2657 0.7049 0.0000
vt 0.2919 0.6081 0.0000
vt 0.3178 0.5603 0.0000
vt 0.3508 0.5738 0.0000
vt 0.3192 0.6241 0.0000
vt 0.2341 0.6755 0.0000
vt 0.2641 0.6183 0.0000
vt 0.2846 0.5913 0.0000
vt 0.3047 0.5551 0.0000
vt 0.2771 0.7563 0.0000
vt 0.2488 0.7879 0.0000
vt 0.2434 0.7825 0.0000
vt 0.2808 0.7414 0.0000
vt 0.3585 0.7069 0.0000
vt 0.2987 0.7426 0.0000
vt 0.2908 0.7305 0.0000
vt 0.3596 0.6876 0.0000
vt 0.3221 0.5063 0.0000
vt 0.2879 0.5584 0.0000
vt 0.2221 0.5051 0.0000
vt 0.2672 0.4536 0.0000
vt 0.2549 0.5974 0.0000
vt 0.1951 0.5517 0.0000
vt 0.2143 0.5171 0.0000
vt 0.2802 0.5691 0.0000
vt 0.2554 0.4437 0.0000
vt 0.2089 0.5010 0.0000
vt 0.2044 0.5084 0.0000
vt 0.1837 0.5503 0.0000
vt 0.4876 0.4614 0.0000
vt 0.4568 0.5157 0.0000
vt 0.4445 0.5181 0.0000
vt 0.4727 0.4503 0.0000
vt 0.4358 0.5684 0.0000
vt 0.4173 0.5988 0.0000
vt 0.4107 0.5947 0.0000
vt 0.4337 0.5542 0.0000
vt 0.6644 0.6905 0.0000
vt 0.7114 0.6698 0.0000
vt 0.6103 0.6999 0.0000
vt 0.6403 0.6952 0.0000
vt 0.7624 0.7374 0.0000
vt 0.7822 0.6963 0.0000
vt 0.7935 0.7211 0.0000
vt 0.7904 0.7229 0.0000
vt 0.7627 0.7572 0.0000
vt 0.7914 0.7273 0.0000
vt 0.7698 0.7642 0.0000
vt 0.4360 0.5007 0.0000
vt 0.4511 0.4587 0.0000
vt 0.4110 0.4963 0.0000
vt 0.3680 0.4879 0.0000
vt 0.3791 0.4340 0.0000
vt 0.3867 0.4413 0.0000
vt 0.3762 0.4846 0.0000
vt 0.4066 0.4228 0.0000
vt 0.4265 0.4503 0.0000
vt 0.4133 0.4528 0.0000
vt 0.4006 0.4611 0.0000
vt 0.3962 0.4747 0.0000
vt 0.4185 0.4679 0.0000
vt 0.4153 0.4735 0.0000
vt 0.4248 0.4634 0.0000
vt 0.6646 0.7916 0.0000
vt 0.6192 0.7918 0.0000
vt 0.7167 0.7858 0.0000
vt 0.6830 0.8124 0.0000
vt 0.6778 0.8012 0.0000
vt 0.7104 0.7814 0.0000
vt 0.7546 0.7634 0.0000
vt 0.7233 0.7695 0.0000
vt 0.7190 0.7806 0.0000
vt 0.7181 0.7741 0.0000
vt 0.7007 0.7755 0.0000
vt 0.3839 0.4172 0.0000
vt 0.3982 0.4218 0.0000
vt 0.3776 0.5118 0.0000
vt 0.3591 0.5029 0.0000
vt 0.4620 0.4239 0.0000
vt 0.4469 0.5338 0.0000
vt 0.7768 0.7777 0.0000
vt 0.7401 0.6905 0.0000
vt 0.7404 0.6838 0.0000
vt 0.6529 0.7151 0.0000
vt 0.6738 0.7234 0.0000
vt 0.7279 0.6659 0.0000
vt 0.6516 0.6941 0.0000
vt 0.1436 0.6945 0.0000
vt 0.1395 0.7085 0.0000
vt 0.2094 0.6009 0.0000
vt 0.2398 0.6984 0.0000
vt 0.2580 0.7135 0.0000
vt 0.2216 0.6849 0.0000
vt 0.2726 0.6006 0.0000
vt 0.2893 0.7548 0.0000
vt 0.3829 0.6778 0.0000
vt 0.3775 0.6905 0.0000
vt 0.3666 0.6777 0.0000
vt 0.3322 0.4926 0.0000
vt 0.2799 0.4345 0.0000
vt 0.2645 0.4327 0.0000
vt 0.4772 0.4338 0.0000
vt 0.4724 0.4177 0.0000
vt 0.4805 0.4082 0.0000
vt 0.4868 0.4251 0.0000
vt 0.4606 0.5308 0.0000
vt 0.7250 0.6637 0.0000
vt 0.6518 0.6909 0.0000
vt 0.7517 0.7441 0.0000
vt 0.6746 0.7904 0.0000
vt 0.2169 0.7560 0.0000
vt 0.4167 0.4793 0.0000
vt 0.4020 0.4879 0.0000
vt 0.4277 0.4243 0.0000
vt 0.3766 0.3815 0.0000
vt 0.3865 0.3803 0.0000
vt 0.4059 0.3788 0.0000
vt 0.4679 0.3719 0.0000
vt 0.8002 0.7252 0.0000
vt 0.7985 0.7360 0.0000
vt 0.8007 0.7253 0.0000
vt 0.6080 0.8011 0.0000
vt 0.6083 0.7958 0.0000
vt 0.6105 0.7899 0.0000
vt 0.7704 0.6682 0.0000
vt 0.7024 0.7604 0.0000
vt 0.6628 0.7591 0.0000
vt 0.6899 0.7625 0.0000
vt 0.7677 0.6647 0.0000
vt 0.7530 0.6474 0.0000
vt 0.4806 0.3720 0.0000
vt 0.1838 0.7226 0.0000
vt 0.1762 0.7317 0.0000
vt 0.2427 0.6275 0.0000
vt 0.1977 0.7398 0.0000
vt 0.2213 0.7063 0.0000
vt 0.1941 0.7371 0.0000
vt 0.4027 0.6350 0.0000
vt 0.4097 0.6460 0.0000
vt 0.3475 0.4493 0.0000
vt 0.3177 0.4050 0.0000
vt 0.3159 0.3979 0.0000
vt 0.4879 0.3727 0.0000
vt 0.7487 0.6437 0.0000
vt 0.3353 0.5343 0.0000
vt 0.3279 0.5216 0.0000
# 789 texture coords

o arch
g arch
f 2763/2655/104 2764/2656/104 2765/2657/104 
f 2765/2657/105 2766/2658/105 2763/2655/105 
f 2767/2659/106 2768/2660/106 2769/2661/106 
f 2769/2661/107 2770/2662/107 2767/2659/107 
f 2771/2663/108 2772/2664/108 2773/2665/108 
f 2773/2665/109 2774/2666/109 2771/2663/109 
f 2775/2667/110 2776/2668/110 2777/2669/110 
f 2777/2669/111 2778/2670/111 2775/2667/111 
f 2774/2666/112 2773/2665/112 2779/2671/112 
f 2779/2671/113 2780/2672/113 2774/2666/113 
f 2776/2668/114 2781/2673/115 2782/2674/116 
f 2782/2674/116 2777/2669/117 2776/2668/114 
f 2783/2675/118 2784/2676/118 2785/2677/118 
f 2785/2677/119 2786/2678/119 2783/2675/119 
f 2787/2679/120 2788/2680/120 2789/2681/120 
f 2787/2679/121 2789/2681/121 2790/2682/121 
f 2791/2683/122 2787/2679/122 2790/2682/122 
f 2792/2684/123 2793/2685/123 2794/2686/123 
f 2794/2686/124 2795/2687/124 2792/2684/124 
f 2796/2688/125 2797/2689/126 2798/2690/127 
f 2798/2690/127 2799/2691/128 2796/2688/125 
f 2800/2692/129 2801/2693/129 2793/2685/129 
f 2793/2685/130 2792/2684/130 2800/2692/130 
f 2802/2694/131 2803/2695/131 2797/2689/131 
f 2797/2689/132 2796/2688/132 2802/2694/132 
f 2804/2696/133 2805/2697/133 2806/2698/133 
f 2806/2698/134 2807/2699/134 2804/2696/134 
f 2808/2700/135 2809/2701/135 2795/2687/135 
f 2795/2687/136 2794/2686/136 2808/2700/136 
f 2809/2701/137 2808/2700/137 2810/2702/137 
f 2810/2702/138 2811/2703/138 2809/2701/138 
f 2812/2704/139 2813/2705/139 2814/2706/139 
f 2814/2706/140 2815/2707/140 2812/2704/140 
f 2816/2708/141 2817/2709/141 2818/2710/141 
f 2818/2710/142 2819/2711/142 2816/2708/142 
f 2820/2712/143 2821/2713/144 2822/2714/145 
f 2822/2714/145 2823/2715/146 2820/2712/143 
f 2811/2703/147 2810/2702/147 2817/2709/147 
f 2817/2709/148 2816/2708/148 2811/2703/148 
f 2814/2706/149 2813/2705/149 2821/2713/149 
f 2821/2713/150 2820/2712/150 2814/2706/150 
f 2824/2716/151 2825/2717/151 2826/2718/151 
f 2826/2718/152 2827/2719/152 2824/2716/152 
f 2828/2720/153 2829/2721/153 2830/2722/154 
f 2830/2722/154 2831/2723/154 2828/2720/153 
f 2829/2721/155 2828/2720/155 2832/2724/155 
f 2832/2724/156 2833/2725/156 2829/2721/156 
f 2834/2726/157 2835/2727/157 2836/2728/157 
f 2836/2728/158 2837/2729/158 2834/2726/158 
f 2838/2730/159 2839/2731/159 2840/2732/159 
f 2840/2732/160 2841/2733/160 2838/2730/160 
f 2842/2734/161 2843/2735/161 2844/2736/161 
f 2844/2736/162 2845/2737/162 2842/2734/162 
f 2833/2725/163 2832/2724/163 2839/2731/163 
f 2839/2731/164 2838/2730/164 2833/2725/164 
f 2836/2728/165 2835/2727/166 2843/2735/167 
f 2843/2735/167 2842/2734/168 2836/2728/165 
f 2846/2738/169 2847/2739/169 2848/2740/169 
f 2848/2740/170 2849/2741/170 2846/2738/170 
f 2850/2742/171 2851/2743/171 2852/2744/171 
f 2852/2744/172 2853/2745/172 2850/2742/172 
f 2780/2672/173 2779/2671/173 2847/2746/173 
f 2847/2746/174 2846/2747/174 2780/2672/174 
f 2782/2674/175 2781/2673/175 2851/2748/175 
f 2851/2748/176 2850/2749/176 2782/2674/176 
f 2854/2750/177 2855/2751/177 2856/2752/177 
f 2854/2750/178 2856/2752/178 2857/2753/179 
f 2858/2754/180 2854/2750/178 2857/2753/179 
f 2858/2754/181 2857/2753/182 2859/2755/181 
f 2859/2755/183 2860/2756/183 2858/2754/183 
f 2849/2741/184 2848/2740/184 2861/2757/184 
f 2861/2757/185 2862/2758/185 2849/2741/185 
f 2791/2683/186 2790/2682/186 2863/2759/186 
f 2863/2759/187 2861/2757/187 2791/2683/187 
f 2801/2760/188 2800/2761/188 2864/2762/188 
f 2864/2762/189 2865/2763/189 2801/2760/189 
f 2866/2764/190 2867/2765/190 2868/2766/190 
f 2868/2766/191 2869/2767/191 2866/2764/191 
f 2862/2758/192 2861/2757/193 2783/2675/194 
f 2783/2675/194 2786/2678/194 2862/2758/192 
f 2861/2757/195 2863/2759/195 2784/2676/195 
f 2784/2676/196 2783/2675/196 2861/2757/196 
f 2870/2768/197 2869/2767/197 2871/2769/197 
f 2871/2769/198 2872/2770/198 2870/2768/198 
f 2868/2766/199 2873/2771/199 2871/2769/199 
f 2871/2769/200 2869/2767/200 2868/2766/200 
f 2874/2772/201 2769/2661/201 2768/2660/201 
f 2768/2660/202 2875/2773/202 2874/2772/202 
f 2876/2774/203 2877/2775/203 2878/2776/203 
f 2878/2776/204 2879/2777/204 2876/2774/204 
f 2880/2778/205 2765/2657/205 2764/2656/205 
f 2764/2656/206 2881/2779/206 2880/2778/206 
f 2763/2655/207 2882/2780/207 2764/2656/207 
f 2883/2781/208 2882/2780/208 2879/2777/208 
f 2879/2777/209 2884/2782/209 2883/2781/209 
f 2881/2779/210 2764/2656/210 2882/2780/210 
f 2882/2780/211 2883/2781/211 2881/2779/211 
f 2876/2774/212 2879/2777/212 2882/2780/212 
f 2800/2761/213 2885/2783/213 2886/2784/213 
f 2886/2784/214 2864/2762/214 2800/2761/214 
f 2801/2760/215 2865/2763/215 2887/2785/215 
f 2887/2785/216 2802/2786/216 2801/2760/216 
f 2888/2787/217 2849/2788/217 2862/2758/217 
f 2791/2683/218 2848/2740/218 2853/2789/218 
f 2889/2790/219 2766/2658/219 2765/2657/219 
f 2765/2657/220 2860/2756/220 2889/2790/220 
f 2877/2775/221 2770/2662/221 2769/2661/221 
f 2769/2661/222 2878/2776/222 2877/2775/222 
f 2890/2791/223 2771/2663/224 2774/2666/225 
f 2774/2666/225 2891/2792/223 2890/2791/223 
f 2778/2670/226 2777/2669/226 2773/2665/226 
f 2892/2793/227 2778/2670/227 2773/2665/227 
f 2772/2664/228 2892/2793/228 2773/2665/228 
f 2891/2792/229 2774/2666/229 2780/2672/229 
f 2780/2672/230 2893/2794/230 2891/2792/230 
f 2773/2665/231 2777/2669/232 2782/2674/233 
f 2782/2674/233 2779/2671/231 2773/2665/231 
f 2894/2795/234 2792/2684/235 2795/2687/236 
f 2795/2687/236 2807/2699/237 2894/2795/234 
f 2793/2685/238 2796/2688/238 2799/2691/238 
f 2799/2691/239 2794/2686/239 2793/2685/239 
f 2885/2796/240 2800/2692/240 2792/2684/240 
f 2792/2684/241 2894/2795/241 2885/2796/241 
f 2801/2693/242 2802/2694/243 2796/2688/244 
f 2796/2688/244 2793/2685/245 2801/2693/242 
f 2809/2701/246 2804/2696/246 2807/2699/246 
f 2807/2699/247 2795/2687/247 2809/2701/247 
f 2815/2707/248 2808/2700/248 2794/2686/248 
f 2794/2686/249 2799/2691/249 2815/2707/249 
f 2804/2696/250 2809/2701/250 2811/2703/250 
f 2811/2703/251 2895/2797/251 2804/2696/251 
f 2808/2700/252 2815/2707/252 2814/2706/252 
f 2814/2706/253 2810/2702/253 2808/2700/253 
f 2896/2798/254 2816/2708/254 2819/2711/254 
f 2819/2711/255 2897/2799/255 2896/2798/255 
f 2817/2709/256 2820/2712/256 2823/2715/256 
f 2823/2715/257 2818/2710/257 2817/2709/257 
f 2895/2797/258 2811/2703/258 2816/2708/258 
f 2816/2708/259 2896/2798/259 2895/2797/259 
f 2810/2702/260 2814/2706/260 2820/2712/260 
f 2820/2712/261 2817/2709/261 2810/2702/261 
f 2829/2721/262 2824/2716/263 2827/2719/263 
f 2827/2719/263 2830/2722/264 2829/2721/262 
f 2837/2729/265 2828/2720/265 2831/2723/265 
f 2831/2723/266 2898/2800/266 2837/2729/266 
f 2824/2716/267 2829/2721/267 2833/2725/267 
f 2833/2725/268 2899/2801/268 2824/2716/268 
f 2828/2720/269 2837/2729/269 2836/2728/269 
f 2836/2728/270 2832/2724/270 2828/2720/270 
f 2900/2802/271 2838/2730/271 2841/2733/271 
f 2841/2733/272 2901/2803/272 2900/2802/272 
f 2842/2734/273 2845/2737/273 2840/2732/273 
f 2840/2732/274 2839/2731/274 2842/2734/274 
f 2899/2801/275 2833/2725/275 2838/2730/275 
f 2838/2730/276 2900/2802/276 2899/2801/276 
f 2832/2724/277 2836/2728/277 2842/2734/277 
f 2842/2734/278 2839/2731/278 2832/2724/278 
f 2849/2788/279 2902/2804/279 2903/2805/279 
f 2903/2805/280 2846/2806/280 2849/2788/280 
f 2853/2789/281 2848/2740/281 2847/2739/281 
f 2847/2739/282 2850/2807/282 2853/2789/282 
f 2846/2747/283 2903/2808/284 2893/2794/285 
f 2893/2794/285 2780/2672/286 2846/2747/283 
f 2850/2749/287 2847/2746/287 2779/2671/287 
f 2779/2671/288 2782/2674/288 2850/2749/288 
f 2858/2754/289 2880/2778/289 2904/2809/289 
f 2904/2809/290 2854/2750/290 2858/2754/290 
f 2880/2778/206 2858/2754/206 2860/2756/206 
f 2860/2756/206 2765/2657/291 2880/2778/206 
f 2905/2810/292 2884/2782/292 2879/2777/292 
f 2879/2777/206 2878/2776/206 2905/2810/206 
f 2818/2710/293 2831/2723/293 2819/2711/293 
f 2827/2719/294 2826/2718/294 2906/2811/294 
f 2906/2811/295 2897/2799/295 2827/2719/295 
f 2819/2711/296 2830/2722/297 2827/2719/298 
f 2827/2719/298 2897/2799/296 2819/2711/296 
f 2898/2800/299 2831/2723/299 2818/2710/299 
f 2818/2710/300 2823/2715/300 2898/2800/300 
f 2831/2723/301 2830/2722/301 2819/2711/301 
f 2907/2812/302 2873/2771/302 2785/2677/302 
f 2785/2677/303 2784/2676/303 2907/2812/303 
f 2863/2759/304 2908/2813/304 2907/2812/304 
f 2907/2812/305 2784/2676/305 2863/2759/305 
f 2862/2758/306 2786/2678/307 2785/2677/308 
f 2785/2677/308 2867/2765/309 2862/2758/306 
f 2888/2787/310 2862/2758/310 2867/2765/310 
f 2867/2765/311 2909/2814/311 2888/2787/311 
f 2790/2682/312 2789/2681/312 2863/2759/312 
f 2885/2783/313 2910/2815/313 2911/2816/313 
f 2911/2816/314 2886/2784/314 2885/2783/314 
f 2909/2814/315 2866/2764/316 2912/2817/317 
f 2888/2787/318 2909/2814/315 2912/2817/317 
f 2888/2787/318 2912/2817/317 2913/2818/319 
f 2853/2745/320 2852/2744/320 2787/2679/320 
f 2787/2679/321 2791/2683/321 2853/2745/321 
f 2870/2768/322 2865/2763/322 2864/2762/322 
f 2864/2762/323 2869/2767/323 2870/2768/323 
f 2886/2784/324 2866/2764/324 2869/2767/324 
f 2869/2767/325 2864/2762/325 2886/2784/325 
f 2865/2763/326 2870/2768/326 2789/2681/326 
f 2789/2681/327 2887/2785/327 2865/2763/327 
f 2886/2784/328 2911/2816/328 2912/2817/328 
f 2912/2817/329 2866/2764/329 2886/2784/329 
f 2866/2764/330 2909/2814/330 2867/2765/330 
f 2789/2681/331 2870/2768/331 2908/2813/331 
f 2908/2813/332 2863/2759/332 2789/2681/332 
f 2791/2683/333 2861/2757/333 2848/2740/333 
f 2888/2787/334 2902/2804/334 2849/2788/334 
f 2867/2765/335 2785/2677/335 2873/2771/335 
f 2873/2771/336 2868/2766/336 2867/2765/336 
f 2872/2770/337 2871/2769/337 2873/2771/337 
f 2873/2771/338 2907/2812/338 2872/2770/338 
f 2908/2813/339 2870/2768/339 2872/2770/339 
f 2872/2770/340 2907/2812/340 2908/2813/340 
f 2856/2752/341 2914/2819/341 2859/2755/341 
f 2859/2755/181 2857/2753/182 2856/2752/182 
f 2915/2820/342 2889/2790/342 2860/2756/342 
f 2860/2756/343 2859/2755/343 2915/2820/343 
f 2915/2820/344 2859/2755/344 2914/2819/344 
f 2914/2819/345 2916/2821/345 2915/2820/345 
f 2767/2659/346 2917/2822/346 2768/2660/346 
f 2768/2660/347 2917/2822/347 2875/2773/347 
f 2875/2773/348 2918/2823/348 2919/2824/348 
f 2890/2791/349 2920/2825/349 2855/2751/349 
f 2855/2751/350 2854/2750/350 2890/2791/350 
f 2772/2664/351 2771/2663/351 2904/2809/351 
f 2904/2809/352 2921/2826/352 2772/2664/352 
f 2771/2663/353 2890/2791/353 2854/2750/353 
f 2854/2750/354 2904/2809/354 2771/2663/354 
f 2922/2827/355 2778/2670/355 2892/2793/355 
f 2892/2793/356 2923/2828/356 2922/2827/356 
f 2921/2826/357 2881/2779/357 2884/2782/357 
f 2923/2828/358 2884/2782/358 2905/2810/358 
f 2922/2827/359 2923/2828/359 2905/2810/359 
f 2874/2772/360 2922/2827/360 2905/2810/360 
f 2769/2661/206 2874/2772/292 2905/2810/292 
f 2905/2810/292 2878/2776/206 2769/2661/206 
f 2772/2664/361 2921/2826/361 2923/2828/361 
f 2923/2828/362 2892/2793/362 2772/2664/362 
f 2923/2828/363 2921/2826/363 2884/2782/363 
f 2921/2826/364 2904/2809/364 2880/2778/364 
f 2880/2778/365 2881/2779/365 2921/2826/365 
f 2881/2779/366 2883/2781/366 2884/2782/366 
f 2920/2825/367 2890/2791/367 2891/2792/367 
f 2891/2792/368 2924/2829/368 2920/2825/368 
f 2891/2792/369 2893/2794/370 2925/2830/370 
f 2925/2830/370 2924/2829/371 2891/2792/369 
f 2902/2804/372 2888/2787/372 2913/2818/372 
f 2913/2818/373 2926/2831/373 2902/2804/373 
f 2894/2795/374 2807/2699/375 2806/2698/376 
f 2806/2698/376 2927/2832/377 2894/2795/374 
f 2885/2796/378 2894/2795/378 2927/2832/378 
f 2927/2832/379 2910/2833/379 2885/2796/379 
f 2815/2707/380 2799/2691/380 2798/2690/380 
f 2798/2690/381 2812/2704/381 2815/2707/381 
f 2805/2697/382 2804/2696/382 2895/2797/382 
f 2895/2797/383 2928/2834/383 2805/2697/383 
f 2896/2798/384 2897/2799/384 2906/2811/384 
f 2906/2811/385 2929/2835/385 2896/2798/385 
f 2895/2797/386 2896/2798/386 2929/2835/386 
f 2929/2835/387 2928/2834/387 2895/2797/387 
f 2837/2729/388 2898/2800/388 2930/2836/388 
f 2930/2836/389 2834/2726/389 2837/2729/389 
f 2825/2717/390 2824/2716/390 2899/2801/390 
f 2899/2801/391 2931/2837/391 2825/2717/391 
f 2932/2838/392 2900/2802/392 2901/2803/392 
f 2901/2803/393 2933/2839/393 2932/2838/393 
f 2899/2801/394 2900/2802/394 2932/2838/394 
f 2932/2838/395 2931/2837/395 2899/2801/395 
f 2903/2805/396 2902/2804/396 2926/2831/396 
f 2926/2831/397 2934/2840/397 2903/2805/397 
f 2925/2830/398 2893/2794/398 2903/2808/398 
f 2903/2808/399 2934/2841/399 2925/2830/399 
f 2775/2667/400 2778/2670/401 2922/2827/402 
f 2922/2827/403 2874/2772/403 2875/2773/403 
f 2775/2667/400 2922/2827/402 2875/2773/404 
f 2775/2667/405 2875/2773/405 2919/2824/405 
f 2898/2800/406 2823/2715/406 2822/2714/406 
f 2822/2714/407 2930/2836/407 2898/2800/407 
f 2802/2786/408 2887/2785/408 2935/2842/409 
f 2935/2842/409 2803/2843/408 2802/2786/408 
f 2887/2785/410 2789/2681/410 2788/2680/410 
f 2788/2680/411 2935/2842/411 2887/2785/411 
f 2936/2844/412 2937/2845/412 2938/2846/412 
f 2938/2846/413 2939/2847/413 2936/2844/413 
f 2940/2848/414 2941/2849/414 2942/2850/414 
f 2942/2850/415 2943/2851/415 2940/2848/415 
f 2944/2852/416 2945/2853/416 2946/2854/416 
f 2946/2854/417 2947/2855/417 2944/2852/417 
f 2775/2856/418 2948/2857/418 2949/2858/418 
f 2949/2858/419 2776/2859/419 2775/2856/419 
f 2945/2853/420 2950/2860/420 2951/2861/420 
f 2951/2861/421 2946/2854/421 2945/2853/421 
f 2776/2859/422 2949/2858/423 2952/2862/424 
f 2952/2862/424 2781/2863/424 2776/2859/422 
f 2953/2864/425 2954/2865/425 2955/2866/425 
f 2955/2866/426 2956/2867/426 2953/2864/426 
f 2957/2868/427 2788/2869/427 2787/2870/427 
f 2958/2871/428 2957/2868/428 2787/2870/428 
f 2959/2872/429 2958/2871/429 2787/2870/429 
f 2960/2873/430 2961/2874/430 2962/2875/430 
f 2962/2875/431 2963/2876/431 2960/2873/431 
f 2964/2877/432 2965/2878/433 2798/2879/434 
f 2798/2879/434 2797/2880/435 2964/2877/432 
f 2966/2881/436 2960/2873/436 2963/2876/436 
f 2963/2876/437 2967/2882/437 2966/2881/437 
f 2968/2883/438 2964/2877/438 2797/2880/438 
f 2797/2880/439 2803/2884/439 2968/2883/439 
f 2969/2885/440 2970/2886/440 2806/2887/440 
f 2806/2887/441 2805/2888/441 2969/2885/441 
f 2971/2889/442 2962/2875/443 2961/2874/444 
f 2961/2874/444 2972/2890/445 2971/2889/442 
f 2972/2890/446 2973/2891/446 2974/2892/446 
f 2974/2892/447 2971/2889/447 2972/2890/447 
f 2812/2893/448 2975/2894/448 2976/2895/448 
f 2976/2895/449 2813/2896/449 2812/2893/449 
f 2977/2897/450 2978/2898/450 2979/2899/450 
f 2979/2899/451 2980/2900/451 2977/2897/451 
f 2981/2901/452 2982/2902/452 2822/2903/452 
f 2822/2903/453 2821/2904/453 2981/2901/453 
f 2973/2891/454 2977/2897/454 2980/2900/454 
f 2980/2900/455 2974/2892/455 2973/2891/455 
f 2976/2895/456 2981/2901/456 2821/2904/456 
f 2821/2904/457 2813/2896/457 2976/2895/457 
f 2983/2905/458 2984/2906/458 2826/2907/458 
f 2826/2907/459 2825/2908/459 2983/2905/459 
f 2985/2909/460 2986/2910/460 2987/2911/460 
f 2987/2911/461 2988/2912/461 2985/2909/461 
f 2988/2912/462 2989/2913/462 2990/2914/462 
f 2990/2914/463 2985/2909/463 2988/2912/463 
f 2834/2915/464 2991/2916/464 2992/2917/464 
f 2992/2917/465 2835/2918/465 2834/2915/465 
f 2993/2919/466 2994/2920/466 2995/2921/466 
f 2995/2921/467 2996/2922/467 2993/2919/467 
f 2997/2923/468 2998/2924/468 2844/2925/468 
f 2844/2925/469 2843/2926/469 2997/2923/469 
f 2989/2913/470 2993/2919/470 2996/2922/470 
f 2996/2922/471 2990/2914/471 2989/2913/471 
f 2992/2917/472 2997/2923/473 2843/2926/474 
f 2843/2926/474 2835/2918/475 2992/2917/472 
f 2999/2927/476 3000/2928/476 3001/2929/476 
f 3001/2929/477 3002/2930/477 2999/2927/477 
f 3003/2931/478 3004/2932/478 2852/2933/478 
f 2852/2933/479 2851/2934/479 3003/2931/479 
f 2950/2860/480 2999/2935/480 3002/2936/480 
f 3002/2936/481 2951/2861/481 2950/2860/481 
f 2952/2862/482 3003/2937/482 2851/2938/482 
f 2851/2938/483 2781/2863/483 2952/2862/483 
f 2856/2939/484 2855/2940/484 3005/2941/484 
f 3006/2942/485 2856/2939/486 3005/2941/487 
f 3007/2943/487 3006/2942/485 3005/2941/487 
f 3007/2943/488 3008/2944/488 3009/2945/488 
f 3009/2945/489 3006/2942/490 3007/2943/489 
f 3000/2928/491 3010/2946/491 3011/2947/491 
f 3011/2947/492 3001/2929/492 3000/2928/492 
f 2959/2872/493 3011/2947/493 3012/2948/493 
f 3012/2948/494 2958/2871/494 2959/2872/494 
f 2967/2949/495 3013/2950/495 3014/2951/495 
f 3014/2951/496 2966/2952/496 2967/2949/496 
f 3015/2953/497 3016/2954/497 3017/2955/497 
f 3017/2955/498 3018/2956/498 3015/2953/498 
f 3010/2946/499 2954/2865/499 2953/2864/499 
f 2953/2864/499 3011/2947/499 3010/2946/499 
f 3011/2947/500 2953/2864/500 2956/2867/500 
f 2956/2867/501 3012/2948/501 3011/2947/501 
f 3019/2957/502 3020/2958/502 3021/2959/502 
f 3021/2959/503 3016/2954/503 3019/2957/503 
f 3017/2955/504 3016/2954/504 3021/2959/504 
f 3021/2959/505 3022/2960/505 3017/2955/505 
f 3023/2961/506 3024/2962/506 2943/2851/506 
f 2943/2851/507 2942/2850/507 3023/2961/507 
f 3025/2963/508 3026/2964/508 3027/2965/508 
f 3027/2965/509 3028/2966/509 3025/2963/509 
f 3029/2967/510 3030/2968/510 2939/2847/510 
f 2939/2847/511 2938/2846/511 3029/2967/511 
f 2936/2844/512 2939/2847/512 3031/2969/512 
f 3032/2970/513 3033/2971/513 3026/2964/513 
f 3026/2964/514 3031/2969/514 3032/2970/514 
f 3030/2968/515 3032/2970/515 3031/2969/515 
f 3031/2969/516 2939/2847/516 3030/2968/516 
f 3025/2963/517 3031/2969/517 3026/2964/517 
f 2966/2952/518 3014/2951/518 3034/2972/518 
f 3034/2972/519 3035/2973/519 2966/2952/519 
f 2967/2949/520 2968/2974/520 3036/2975/520 
f 3036/2975/521 3013/2950/521 2967/2949/521 
f 3037/2976/522 3010/2946/522 3000/2928/522 
f 2959/2872/523 3004/2977/523 3001/2929/523 
f 3038/2978/524 3008/2944/524 2938/2846/524 
f 2938/2846/525 2937/2845/525 3038/2978/525 
f 3028/2966/526 3027/2965/526 2942/2850/526 
f 2942/2850/527 2941/2849/527 3028/2966/527 
f 3039/2979/528 3040/2980/529 2945/2853/530 
f 2945/2853/530 2944/2852/531 3039/2979/528 
f 2946/2854/532 2949/2858/532 2948/2857/532 
f 2946/2854/533 2948/2857/533 3041/2981/533 
f 2947/2855/534 2946/2854/534 3041/2981/534 
f 3040/2980/535 3042/2982/535 2950/2860/535 
f 2950/2860/536 2945/2853/536 3040/2980/536 
f 2946/2854/537 2951/2861/538 2952/2862/539 
f 2952/2862/539 2949/2858/540 2946/2854/537 
f 3043/2983/541 2970/2886/541 2961/2874/541 
f 2961/2874/542 2960/2873/542 3043/2983/542 
f 2963/2876/543 2962/2875/543 2965/2878/543 
f 2965/2878/544 2964/2877/544 2963/2876/544 
f 3035/2984/545 3043/2983/545 2960/2873/545 
f 2960/2873/546 2966/2881/546 3035/2984/546 
f 2967/2882/547 2963/2876/547 2964/2877/547 
f 2964/2877/548 2968/2883/548 2967/2882/548 
f 2972/2890/549 2961/2874/549 2970/2886/549 
f 2970/2886/550 2969/2885/550 2972/2890/550 
f 2975/2894/551 2965/2878/551 2962/2875/551 
f 2962/2875/552 2971/2889/552 2975/2894/552 
f 2969/2885/553 3044/2985/553 2973/2891/553 
f 2973/2891/554 2972/2890/554 2969/2885/554 
f 2971/2889/555 2974/2892/555 2976/2895/555 
f 2976/2895/556 2975/2894/556 2971/2889/556 
f 3045/2986/557 3046/2987/557 2978/2898/557 
f 2978/2898/558 2977/2897/558 3045/2986/558 
f 2980/2900/559 2979/2899/559 2982/2902/559 
f 2982/2902/560 2981/2901/560 2980/2900/560 
f 3044/2985/561 3045/2986/561 2977/2897/561 
f 2977/2897/562 2973/2891/562 3044/2985/562 
f 2974/2892/563 2980/2900/563 2981/2901/563 
f 2981/2901/564 2976/2895/564 2974/2892/564 
f 2988/2912/565 2987/2911/565 2984/2906/565 
f 2984/2906/566 2983/2905/566 2988/2912/566 
f 2991/2916/567 3047/2988/568 2986/2910/567 
f 2986/2910/567 2985/2909/569 2991/2916/567 
f 2983/2905/570 3048/2989/570 2989/2913/570 
f 2989/2913/571 2988/2912/571 2983/2905/571 
f 2985/2909/572 2990/2914/572 2992/2917/572 
f 2992/2917/573 2991/2916/573 2985/2909/573 
f 3049/2990/574 3050/2991/574 2994/2920/574 
f 2994/2920/575 2993/2919/575 3049/2990/575 
f 2995/2921/576 2998/2924/576 2997/2923/576 
f 2997/2923/577 2996/2922/577 2995/2921/577 
f 3048/2989/578 3049/2990/578 2993/2919/578 
f 2993/2919/579 2989/2913/579 3048/2989/579 
f 2990/2914/580 2996/2922/580 2997/2923/580 
f 2997/2923/581 2992/2917/581 2990/2914/581 
f 3000/2928/582 2999/2927/582 3051/2992/582 
f 3051/2992/583 3052/2993/583 3000/2928/583 
f 3004/2977/584 3003/2994/584 3002/2930/584 
f 3002/2930/585 3001/2929/585 3004/2977/585 
f 2999/2935/586 2950/2860/587 3042/2982/588 
f 3042/2982/588 3051/2995/586 2999/2935/586 
f 3003/2937/589 2952/2862/589 2951/2861/589 
f 2951/2861/590 3002/2936/590 3003/2937/590 
f 3007/2943/591 3005/2941/591 3053/2996/591 
f 3053/2996/592 3029/2967/592 3007/2943/592 
f 3029/2967/593 2938/2846/593 3008/2944/593 
f 3008/2944/593 3007/2943/593 3029/2967/593 
f 3054/2997/594 3027/2965/594 3026/2964/594 
f 3026/2964/595 3033/2971/595 3054/2997/595 
f 2979/2899/596 2978/2898/596 2986/2910/596 
f 2984/2906/597 3046/2987/597 2906/2998/597 
f 2906/2998/598 2826/2907/598 2984/2906/598 
f 2978/2898/599 3046/2987/599 2984/2906/599 
f 2984/2906/600 2987/2911/600 2978/2898/600 
f 3047/2988/601 2982/2902/601 2979/2899/601 
f 2979/2899/602 2986/2910/602 3047/2988/602 
f 2986/2910/603 2978/2898/603 2987/2911/603 
f 3055/2999/604 2956/2867/604 2955/2866/604 
f 2955/2866/605 3022/2960/605 3055/2999/605 
f 3012/2948/606 2956/2867/606 3055/2999/606 
f 3055/2999/607 3056/3000/607 3012/2948/607 
f 3010/2946/608 3018/2956/609 2955/2866/610 
f 2955/2866/610 2954/2865/611 3010/2946/608 
f 3037/2976/612 3057/3001/612 3018/2956/612 
f 3018/2956/613 3010/2946/613 3037/2976/613 
f 2958/2871/614 3012/2948/614 2957/2868/614 
f 3035/2973/615 3034/2972/615 2911/3002/615 
f 2911/3002/616 2910/3003/616 3035/2973/616 
f 3037/2976/617 2913/3004/618 2912/3005/619 
f 2912/3005/619 3015/2953/620 3057/3001/621 
f 3037/2976/617 2912/3005/619 3057/3001/621 
f 3004/2932/622 2959/2872/622 2787/2870/622 
f 2787/2870/623 2852/2933/623 3004/2932/623 
f 3019/2957/624 3016/2954/624 3014/2951/624 
f 3014/2951/625 3013/2950/625 3019/2957/625 
f 3034/2972/626 3014/2951/626 3016/2954/626 
f 3016/2954/627 3015/2953/627 3034/2972/627 
f 3013/2950/628 3036/2975/628 2957/2868/628 
f 2957/2868/629 3019/2957/629 3013/2950/629 
f 3034/2972/630 3015/2953/630 2912/3005/630 
f 2912/3005/631 2911/3002/631 3034/2972/631 
f 3015/2953/632 3018/2956/632 3057/3001/632 
f 2957/2868/633 3012/2948/634 3056/3000/635 
f 3056/3000/635 3019/2957/636 2957/2868/633 
f 2959/2872/637 3001/2929/637 3011/2947/637 
f 3037/2976/638 3000/2928/638 3052/2993/638 
f 3018/2956/639 3017/2955/640 3022/2960/641 
f 3022/2960/641 2955/2866/642 3018/2956/639 
f 3020/2958/643 3055/2999/643 3022/2960/643 
f 3022/2960/644 3021/2959/644 3020/2958/644 
f 3056/3000/645 3055/2999/645 3020/2958/645 
f 3020/2958/646 3019/2957/646 3056/3000/646 
f 2856/2939/490 3006/2942/490 3009/2945/489 
f 3009/2945/647 2914/3006/647 2856/2939/647 
f 3058/3007/648 3009/2945/648 3008/2944/648 
f 3008/2944/649 3038/2978/649 3058/3007/649 
f 3058/3007/650 2916/3008/651 2914/3006/652 
f 2914/3006/652 3009/2945/653 3058/3007/650 
f 2940/2848/654 2943/2851/654 2917/3009/654 
f 2917/2822/655 2918/2823/655 2875/2773/655 
f 2943/2851/656 3024/2962/656 2917/3009/656 
f 3024/2962/657 2919/3010/657 2918/3011/657 
f 3039/2979/658 3005/2941/658 2855/2940/658 
f 2855/2940/659 2920/3012/659 3039/2979/659 
f 2947/2855/660 3059/3013/660 3053/2996/660 
f 3053/2996/661 2944/2852/661 2947/2855/661 
f 2944/2852/662 3053/2996/662 3005/2941/662 
f 3005/2941/663 3039/2979/663 2944/2852/663 
f 3060/3014/664 3061/3015/664 3041/2981/664 
f 3041/2981/665 2948/2857/665 3060/3014/665 
f 3059/3013/666 3033/2971/666 3030/2968/666 
f 3054/2997/667 3033/2971/667 3061/3015/667 
f 3054/2997/668 3061/3015/668 3060/3014/668 
f 3023/2961/669 3054/2997/669 3060/3014/669 
f 2942/2850/670 3027/2965/671 3054/2997/672 
f 3054/2997/672 3023/2961/672 2942/2850/670 
f 2947/2855/673 3041/2981/673 3061/3015/673 
f 3061/3015/674 3059/3013/674 2947/2855/674 
f 3061/3015/675 3033/2971/675 3059/3013/675 
f 3059/3013/676 3030/2968/676 3029/2967/676 
f 3029/2967/677 3053/2996/677 3059/3013/677 
f 3030/2968/678 3033/2971/678 3032/2970/678 
f 2920/3012/679 2924/3016/679 3040/2980/679 
f 3040/2980/680 3039/2979/680 2920/3012/680 
f 3040/2980/681 2924/3016/682 2925/3017/683 
f 2925/3017/683 3042/2982/684 3040/2980/681 
f 3052/3018/685 2926/3019/685 2913/3004/685 
f 2913/3004/686 3037/2976/686 3052/3018/686 
f 3043/2983/687 2927/3020/688 2806/2887/689 
f 2806/2887/689 2970/2886/690 3043/2983/687 
f 3035/2984/691 2910/3021/691 2927/3020/691 
f 2927/3020/692 3043/2983/692 3035/2984/692 
f 2975/2894/693 2812/2893/693 2798/2879/693 
f 2798/2879/694 2965/2878/694 2975/2894/694 
f 2805/2888/695 2928/3022/695 3044/2985/695 
f 3044/2985/696 2969/2885/696 2805/2888/696 
f 3045/2986/697 2929/3023/697 2906/2998/697 
f 2906/2998/698 3046/2987/698 3045/2986/698 
f 3044/2985/699 2928/3022/699 2929/3023/699 
f 2929/3023/700 3045/2986/700 3044/2985/700 
f 2991/2916/701 2834/2915/701 2930/3024/701 
f 2930/3024/702 3047/2988/702 2991/2916/702 
f 2825/2908/703 2931/3025/703 3048/2989/703 
f 3048/2989/704 2983/2905/704 2825/2908/704 
f 2932/3026/705 2933/3027/705 3050/2991/705 
f 3050/2991/706 3049/2990/706 2932/3026/706 
f 3048/2989/707 2931/3025/707 2932/3026/707 
f 2932/3026/708 3049/2990/708 3048/2989/708 
f 3051/3028/709 2934/3029/709 2926/3019/709 
f 2926/3019/710 3052/3018/710 3051/3028/710 
f 2925/3017/711 2934/3030/711 3051/2995/711 
f 3051/2995/712 3042/2982/712 2925/3017/712 
f 2775/2856/713 2919/3010/713 3024/2962/713 
f 3024/2962/714 3023/2961/714 3060/3014/715 
f 2775/2856/716 3024/2962/714 3060/3014/715 
f 2775/2856/717 3060/3014/717 2948/2857/717 
f 3047/2988/718 2930/3024/718 2822/2903/718 
f 2822/2903/719 2982/2902/719 3047/2988/719 
f 2968/2974/720 2803/3031/721 2935/3032/722 
f 2935/3032/722 3036/2975/723 2968/2974/720 
f 3036/2975/724 2935/3032/724 2788/2869/724 
f 2788/2869/725 2957/2868/725 3036/2975/725 
f 3062/3033/726 3063/3034/726 3064/3035/726 
f 3064/3035/727 3065/3036/727 3062/3033/727 
f 3066/3037/728 3067/3038/728 3068/3039/728 
f 3068/3039/729 3069/3040/729 3066/3037/729 
f 3070/3041/730 3071/3042/730 3072/3043/730 
f 3072/3043/731 3073/3044/731 3070/3041/731 
f 3074/3045/732 3075/3046/732 3076/3047/732 
f 3076/3047/733 3077/3048/733 3074/3045/733 
f 3071/3042/734 3078/3049/734 3079/3050/734 
f 3079/3050/735 3072/3043/735 3071/3042/735 
f 3077/3048/736 3076/3047/736 3080/3051/737 
f 3080/3051/737 3081/3052/736 3077/3048/736 
f 3082/3053/738 3083/3054/738 3084/3055/738 
f 3084/3055/739 3085/3056/739 3082/3053/739 
f 3086/3057/740 3087/3058/741 3088/3059/740 
f 3089/3060/742 3086/3057/740 3088/3059/740 
f 3090/3061/743 3089/3060/742 3088/3059/740 
f 3091/3062/744 3092/3063/744 3093/3064/744 
f 3093/3064/745 3094/3065/745 3091/3062/745 
f 3095/3066/746 3096/3067/746 3097/3068/746 
f 3097/3068/746 3098/3069/747 3095/3066/746 
f 3099/3070/748 3091/3062/748 3094/3065/748 
f 3094/3065/749 3100/3071/749 3099/3070/749 
f 3101/3072/750 3095/3066/750 3098/3069/750 
f 3098/3069/751 3102/3073/751 3101/3072/751 
f 3103/3074/752 3104/3075/752 3105/3076/752 
f 3105/3076/753 3106/3077/753 3103/3074/753 
f 3107/3078/754 3093/3064/754 3092/3063/754 
f 3092/3063/755 3108/3079/755 3107/3078/755 
f 3108/3079/756 3109/3080/756 3110/3081/756 
f 3110/3081/757 3107/3078/757 3108/3079/757 
f 3111/3082/758 3112/3083/758 3113/3084/758 
f 3113/3084/759 3114/3085/759 3111/3082/759 
f 3115/3086/760 3116/3087/760 3117/3088/760 
f 3117/3088/761 3118/3089/761 3115/3086/761 
f 3119/3090/762 3120/3091/762 3121/3092/762 
f 3121/3092/763 3122/3093/763 3119/3090/763 
f 3109/3094/764 3115/3086/764 3118/3089/764 
f 3118/3089/765 3110/3095/765 3109/3094/765 
f 3113/3096/766 3119/3090/766 3122/3093/766 
f 3122/3093/767 3114/3097/767 3113/3096/767 
f 3123/3098/768 3124/3099/768 3125/3100/768 
f 3125/3100/769 3126/3101/769 3123/3098/769 
f 3127/3102/770 3128/3103/770 3129/3104/770 
f 3129/3104/771 3130/3105/771 3127/3102/771 
f 3130/3106/772 3131/3107/772 3132/3108/772 
f 3132/3108/773 3127/3109/773 3130/3106/773 
f 3133/3110/774 3134/3111/774 3135/3112/774 
f 3135/3112/775 3136/3113/775 3133/3110/775 
f 3137/3114/776 2841/2733/776 2840/2732/776 
f 2840/2732/777 3138/3115/777 3137/3114/777 
f 3139/3116/778 2845/2737/778 2844/2736/778 
f 2844/2736/779 3140/3117/779 3139/3116/779 
f 3131/3107/780 3137/3114/780 3138/3115/780 
f 3138/3115/781 3132/3108/781 3131/3107/781 
f 3135/3112/782 3139/3116/783 3140/3117/784 
f 3140/3117/784 3136/3113/785 3135/3112/782 
f 3141/3118/786 3142/3119/786 3143/3120/786 
f 3143/3120/787 3144/3121/787 3141/3118/787 
f 3145/3122/788 3146/3123/788 3147/3124/788 
f 3147/3124/789 3148/3125/789 3145/3122/789 
f 3078/3049/790 3141/3126/790 3144/3127/790 
f 3144/3127/791 3079/3050/791 3078/3049/791 
f 3080/3051/792 3145/3128/792 3148/3129/792 
f 3148/3129/793 3081/3052/793 3080/3051/793 
f 3149/3130/794 3150/3131/794 3151/3132/794 
f 3152/3133/795 3149/3130/796 3151/3132/796 
f 3153/3134/797 3152/3133/795 3151/3132/796 
f 3153/3134/798 3154/3135/798 3155/3136/798 
f 3155/3136/799 3152/3133/799 3153/3134/799 
f 3142/3119/800 3156/3137/801 3157/3138/802 
f 3157/3138/802 3143/3120/803 3142/3119/800 
f 3090/3061/804 3157/3138/804 3158/3139/804 
f 3158/3139/805 3089/3060/805 3090/3061/805 
f 3100/3140/806 3159/3141/806 3160/3142/806 
f 3160/3142/807 3099/3143/807 3100/3140/807 
f 3161/3144/808 3162/3145/808 3163/3146/808 
f 3163/3146/809 3164/3147/809 3161/3144/809 
f 3156/3137/810 3083/3054/810 3082/3053/810 
f 3082/3053/810 3157/3138/811 3156/3137/810 
f 3157/3138/812 3082/3053/813 3085/3056/814 
f 3085/3056/814 3158/3139/815 3157/3138/812 
f 3165/3148/816 3166/3149/816 3167/3150/816 
f 3167/3150/817 3162/3145/817 3165/3148/817 
f 3163/3146/818 3162/3145/818 3167/3150/818 
f 3167/3150/819 3168/3151/819 3163/3146/819 
f 3169/3152/820 3170/3153/820 3069/3040/820 
f 3069/3040/181 3068/3039/181 3169/3152/181 
f 3171/3154/821 3172/3155/821 3173/3156/821 
f 3173/3156/822 3174/3157/822 3171/3154/822 
f 3175/3158/823 3176/3159/823 3065/3036/823 
f 3065/3036/824 3064/3035/824 3175/3158/824 
f 3062/3033/825 3065/3036/825 3177/3160/825 
f 3178/3161/826 3179/3162/826 3172/3155/826 
f 3172/3155/827 3177/3160/827 3178/3161/827 
f 3176/3159/828 3178/3161/828 3177/3160/828 
f 3177/3160/829 3065/3036/829 3176/3159/829 
f 3171/3154/830 3177/3160/830 3172/3155/830 
f 3099/3143/831 3160/3142/831 3180/3163/831 
f 3180/3163/832 3181/3164/832 3099/3143/832 
f 3100/3140/833 3101/3165/833 3182/3166/833 
f 3182/3166/834 3159/3141/834 3100/3140/834 
f 3183/3167/835 3156/3137/835 3142/3119/835 
f 3090/3061/836 3146/3168/836 3143/3120/836 
f 3184/3169/837 3154/3135/837 3064/3035/837 
f 3064/3035/838 3063/3034/838 3184/3169/838 
f 3174/3157/839 3173/3156/839 3068/3039/839 
f 3068/3039/840 3067/3038/840 3174/3157/840 
f 3185/3170/841 3186/3171/841 3071/3042/841 
f 3071/3042/842 3070/3041/842 3185/3170/842 
f 3072/3043/843 3076/3172/843 3075/3046/843 
f 3072/3043/844 3075/3046/844 3187/3173/844 
f 3073/3044/845 3072/3043/845 3187/3173/845 
f 3186/3171/846 3188/3174/846 3078/3049/846 
f 3078/3049/847 3071/3042/847 3186/3171/847 
f 3072/3043/848 3079/3050/849 3080/3175/850 
f 3080/3175/850 3076/3172/851 3072/3043/848 
f 3189/3176/852 3104/3075/852 3092/3063/852 
f 3092/3063/853 3091/3062/853 3189/3176/853 
f 3094/3065/854 3093/3064/854 3096/3067/854 
f 3096/3067/855 3095/3066/855 3094/3065/855 
f 3181/3177/856 3189/3176/856 3091/3062/856 
f 3091/3062/857 3099/3070/857 3181/3177/857 
f 3100/3071/858 3094/3065/858 3095/3066/858 
f 3095/3066/859 3101/3072/859 3100/3071/859 
f 3108/3079/860 3092/3063/861 3104/3075/862 
f 3104/3075/862 3103/3074/863 3108/3079/860 
f 3112/3083/864 3096/3067/864 3093/3064/864 
f 3093/3064/865 3107/3078/865 3112/3083/865 
f 3103/3074/866 3190/3178/866 3109/3080/866 
f 3109/3080/867 3108/3079/867 3103/3074/867 
f 3107/3078/868 3110/3081/868 3113/3084/868 
f 3113/3084/869 3112/3083/869 3107/3078/869 
f 3191/3179/870 3192/3180/870 3116/3087/870 
f 3116/3087/871 3115/3086/871 3191/3179/871 
f 3118/3089/872 3117/3088/872 3120/3091/872 
f 3120/3091/873 3119/3090/873 3118/3089/873 
f 3190/3181/874 3191/3179/874 3115/3086/874 
f 3115/3086/875 3109/3182/875 3190/3181/875 
f 3110/3095/876 3118/3089/876 3119/3090/876 
f 3119/3090/877 3113/3183/877 3110/3095/877 
f 3130/3184/878 3129/3104/878 3124/3099/878 
f 3124/3099/879 3123/3098/879 3130/3184/879 
f 3134/3185/880 3193/3186/881 3128/3103/882 
f 3128/3103/882 3127/3187/883 3134/3185/880 
f 3123/3188/884 3194/3189/884 3131/3107/884 
f 3131/3107/885 3130/3106/885 3123/3188/885 
f 3127/3109/886 3132/3108/886 3135/3112/886 
f 3135/3112/887 3134/3111/887 3127/3109/887 
f 3195/3190/888 2901/2803/888 2841/2733/888 
f 2841/2733/889 3137/3114/889 3195/3190/889 
f 3139/3116/890 3138/3115/890 2840/2732/890 
f 2840/2732/891 2845/2737/891 3139/3116/891 
f 3194/3189/892 3195/3190/892 3137/3114/892 
f 3137/3114/893 3131/3107/893 3194/3189/893 
f 3132/3108/894 3138/3115/894 3139/3116/894 
f 3139/3116/895 3135/3112/895 3132/3108/895 
f 3142/3119/896 3141/3118/896 3196/3191/896 
f 3196/3191/897 3197/3192/897 3142/3119/897 
f 3146/3168/898 3145/3193/898 3144/3121/898 
f 3144/3121/899 3143/3120/899 3146/3168/899 
f 3141/3126/900 3078/3049/900 3188/3174/900 
f 3188/3174/901 3196/3194/901 3141/3126/901 
f 3145/3195/902 3080/3175/902 3079/3050/902 
f 3079/3050/903 3144/3127/903 3145/3195/903 
f 3153/3134/904 3151/3132/904 3198/3196/904 
f 3198/3196/905 3175/3158/905 3153/3134/905 
f 3175/3158/906 3064/3035/292 3154/3135/292 
f 3154/3135/292 3153/3134/206 3175/3158/906 
f 3199/3197/907 3173/3156/907 3172/3155/907 
f 3172/3155/908 3179/3162/908 3199/3197/908 
f 3117/3088/909 3116/3087/909 3128/3103/909 
f 3124/3099/910 3192/3180/910 3200/3198/910 
f 3200/3198/911 3125/3100/911 3124/3099/911 
f 3116/3087/912 3192/3180/913 3124/3099/914 
f 3124/3099/914 3129/3104/915 3116/3087/912 
f 3193/3186/916 3120/3091/916 3117/3088/917 
f 3117/3088/917 3128/3103/918 3193/3186/916 
f 3128/3103/919 3116/3087/919 3129/3104/919 
f 3201/3199/920 3085/3056/920 3084/3055/920 
f 3084/3055/921 3168/3151/921 3201/3199/921 
f 3158/3139/922 3085/3056/922 3201/3199/922 
f 3201/3199/923 3202/3200/923 3158/3139/923 
f 3156/3137/924 3164/3147/925 3084/3055/926 
f 3084/3055/926 3083/3054/924 3156/3137/924 
f 3183/3167/927 3203/3201/927 3164/3147/927 
f 3164/3147/928 3156/3137/928 3183/3167/928 
f 3089/3060/929 3158/3139/929 3086/3057/929 
f 3181/3202/930 3180/3203/930 3204/3204/930 
f 3204/3204/931 3205/3205/931 3181/3202/931 
f 3183/3167/932 3206/3206/933 3207/3207/934 
f 3207/3207/934 3161/3144/935 3203/3201/936 
f 3183/3167/932 3207/3207/934 3203/3201/936 
f 3146/3123/937 3090/3061/937 3088/3059/937 
f 3088/3059/938 3147/3124/938 3146/3123/938 
f 3165/3148/939 3162/3145/939 3160/3142/939 
f 3160/3142/940 3159/3141/940 3165/3148/940 
f 3180/3163/941 3160/3142/941 3162/3145/941 
f 3162/3145/942 3161/3144/942 3180/3163/942 
f 3159/3141/943 3182/3166/943 3086/3057/943 
f 3086/3057/944 3165/3148/944 3159/3141/944 
f 3180/3203/945 3161/3144/945 3207/3207/945 
f 3207/3207/946 3204/3204/946 3180/3203/946 
f 3161/3144/947 3164/3147/947 3203/3201/947 
f 3086/3057/948 3158/3139/948 3202/3200/948 
f 3202/3200/949 3165/3148/949 3086/3057/949 
f 3090/3061/950 3143/3120/950 3157/3138/950 
f 3183/3167/951 3142/3119/951 3197/3192/951 
f 3164/3147/952 3163/3146/952 3168/3151/952 
f 3168/3151/953 3084/3055/953 3164/3147/953 
f 3166/3149/954 3201/3199/954 3168/3151/954 
f 3168/3151/955 3167/3150/955 3166/3149/955 
f 3202/3200/956 3201/3199/956 3166/3149/956 
f 3166/3149/957 3165/3148/957 3202/3200/957 
f 3149/3130/799 3152/3133/799 3155/3136/799 
f 3155/3136/958 3208/3208/958 3149/3130/958 
f 3209/3209/959 3155/3136/959 3154/3135/959 
f 3154/3135/960 3184/3169/960 3209/3209/960 
f 3209/3209/961 3210/3210/962 3208/3208/963 
f 3208/3208/963 3155/3136/964 3209/3209/961 
f 3066/3037/965 3069/3040/965 3211/3211/965 
f 3170/3153/966 3212/3212/966 3211/3211/966 
f 3069/3040/967 3170/3153/967 3211/3211/967 
f 3170/3153/968 3213/3213/969 3212/3212/968 
f 3185/3170/970 3151/3132/970 3150/3131/970 
f 3150/3131/971 3214/3214/971 3185/3170/971 
f 3073/3044/972 3215/3215/972 3198/3196/972 
f 3198/3196/973 3070/3041/973 3073/3044/973 
f 3070/3041/974 3198/3196/974 3151/3132/974 
f 3151/3132/975 3185/3170/975 3070/3041/975 
f 3216/3216/976 3217/3217/976 3187/3173/976 
f 3187/3173/977 3075/3046/977 3216/3216/977 
f 3215/3215/978 3179/3162/978 3176/3159/978 
f 3199/3197/979 3179/3162/979 3217/3217/979 
f 3199/3197/980 3217/3217/980 3216/3216/980 
f 3169/3152/981 3199/3197/981 3216/3216/981 
f 3068/3039/906 3173/3156/206 3199/3197/291 
f 3199/3197/291 3169/3152/292 3068/3039/906 
f 3073/3044/982 3187/3173/982 3217/3217/982 
f 3217/3217/983 3215/3215/983 3073/3044/983 
f 3217/3217/984 3179/3162/984 3215/3215/984 
f 3215/3215/985 3176/3159/985 3175/3158/985 
f 3175/3158/986 3198/3196/986 3215/3215/986 
f 3176/3159/987 3179/3162/987 3178/3161/987 
f 3214/3214/988 3218/3218/988 3186/3219/988 
f 3186/3219/989 3185/3170/989 3214/3214/989 
f 3186/3219/990 3218/3218/990 3219/3220/991 
f 3219/3220/991 3188/3221/992 3186/3219/990 
f 3197/3222/993 3220/3223/993 3206/3206/993 
f 3206/3206/994 3183/3167/994 3197/3222/994 
f 3189/3176/995 3221/3224/996 3105/3076/997 
f 3105/3076/997 3104/3075/998 3189/3176/995 
f 3181/3177/999 3205/3225/999 3221/3224/999 
f 3221/3224/1000 3189/3176/1000 3181/3177/1000 
f 3112/3083/1001 3111/3082/1001 3097/3068/1001 
f 3097/3068/1002 3096/3067/1002 3112/3083/1002 
f 3106/3077/1003 3222/3226/1003 3190/3178/1003 
f 3190/3178/1004 3103/3074/1004 3106/3077/1004 
f 3191/3179/1005 3223/3227/1005 3200/3198/1005 
f 3200/3198/1006 3192/3180/1006 3191/3179/1006 
f 3190/3181/1007 3222/3228/1007 3223/3227/1007 
f 3223/3227/1008 3191/3179/1008 3190/3181/1008 
f 3134/3185/1009 3133/3229/1009 3224/3230/1009 
f 3224/3230/1010 3193/3186/1010 3134/3185/1010 
f 3126/3231/1011 3225/3232/1011 3194/3189/1011 
f 3194/3189/1012 3123/3188/1012 3126/3231/1012 
f 3226/3233/1013 2933/2839/1013 2901/2803/1013 
f 2901/2803/1014 3195/3190/1014 3226/3233/1014 
f 3194/3189/1015 3225/3232/1015 3226/3233/1015 
f 3226/3233/1016 3195/3190/1016 3194/3189/1016 
f 3196/3234/1017 3227/3235/1017 3220/3223/1017 
f 3220/3223/1018 3197/3222/1018 3196/3234/1018 
f 3219/3220/1019 3227/3236/1019 3196/3237/1019 
f 3196/3237/1020 3188/3221/1020 3219/3220/1020 
f 3074/3045/1021 3213/3213/969 3170/3153/968 
f 3170/3153/1022 3169/3152/1022 3216/3216/1022 
f 3074/3045/1023 3170/3153/1023 3216/3216/1023 
f 3074/3045/1024 3216/3216/1024 3075/3046/1024 
f 3193/3186/1025 3224/3230/1025 3121/3092/1025 
f 3121/3092/1026 3120/3091/1026 3193/3186/1026 
f 3101/3238/1027 3102/3239/1027 3228/3240/1028 
f 3228/3240/1028 3182/3241/1028 3101/3238/1027 
f 3182/3241/1029 3228/3240/1029 3087/3058/1029 
f 3087/3058/1030 3086/3057/1030 3182/3241/1030 
f 3229/3242/1031 3230/3243/1031 3231/3244/1031 
f 3231/3244/1032 3232/3245/1032 3229/3242/1032 
f 3233/3246/1033 3234/3247/1033 3235/3248/1033 
f 3235/3248/1034 3236/3249/1034 3233/3246/1034 
f 3237/3250/1035 3238/3251/1035 3239/3252/1035 
f 3239/3252/1036 3240/3253/1036 3237/3250/1036 
f 3074/3254/1037 3077/3255/1037 3241/3256/1037 
f 3241/3256/1038 3242/3257/1038 3074/3254/1038 
f 3240/3253/1039 3239/3252/1039 3243/3258/1039 
f 3243/3258/1040 3244/3259/1040 3240/3253/1040 
f 3077/3255/1041 3081/3260/1042 3245/3261/1041 
f 3245/3261/1041 3241/3256/1043 3077/3255/1041 
f 3246/3262/1044 3247/3263/1044 3248/3264/1044 
f 3248/3264/1045 3249/3265/1045 3246/3262/1045 
f 3088/3266/1046 3087/3267/1047 3250/3268/1048 
f 3088/3266/1046 3250/3268/1048 3251/3269/1049 
f 3252/3270/1050 3088/3266/1046 3251/3269/1049 
f 3253/3271/1051 3254/3272/1051 3255/3273/1051 
f 3255/3273/1052 3256/3274/1052 3253/3271/1052 
f 3257/3275/1053 3098/3276/1054 3097/3277/1055 
f 3097/3277/1055 3258/3278/1056 3257/3275/1053 
f 3259/3279/1057 3260/3280/1057 3254/3272/1057 
f 3254/3272/1058 3253/3271/1058 3259/3279/1058 
f 3261/3281/1059 3102/3282/1059 3098/3276/1059 
f 3098/3276/1060 3257/3275/1060 3261/3281/1060 
f 3262/3283/1061 3106/3284/1061 3105/3285/1061 
f 3105/3285/1062 3263/3286/1062 3262/3283/1062 
f 3264/3287/1063 3265/3288/1063 3256/3274/1063 
f 3256/3274/1064 3255/3273/1064 3264/3287/1064 
f 3265/3288/1065 3264/3287/1065 3266/3289/1065 
f 3266/3289/1066 3267/3290/1066 3265/3288/1066 
f 3111/3291/1067 3114/3292/1067 3268/3293/1067 
f 3268/3293/1068 3269/3294/1068 3111/3291/1068 
f 3270/3295/1069 3271/3296/1069 3272/3297/1069 
f 3272/3297/1070 3273/3298/1070 3270/3295/1070 
f 3274/3299/1071 3122/3300/1071 3121/3301/1071 
f 3121/3301/1072 3275/3302/1072 3274/3299/1072 
f 3267/3303/1073 3266/3304/1073 3271/3296/1073 
f 3271/3296/1074 3270/3295/1074 3267/3303/1074 
f 3268/3305/1075 3114/3306/1075 3122/3300/1075 
f 3122/3300/1076 3274/3299/1076 3268/3305/1076 
f 3276/3307/1077 3126/3308/1077 3125/3309/1077 
f 3125/3309/1078 3277/3310/1078 3276/3307/1078 
f 3278/3311/1079 3279/3312/1079 3280/3313/1079 
f 3280/3313/1080 3281/3314/1080 3278/3311/1080 
f 3279/3315/1081 3278/3316/1081 3282/3317/1081 
f 3282/3317/1082 3283/3318/1082 3279/3315/1082 
f 3133/3319/1083 3136/3320/1083 3284/3321/1083 
f 3284/3321/1084 3285/3322/1084 3133/3319/1084 
f 3286/3323/1085 3287/3324/1085 2995/2921/1085 
f 2995/2921/1086 2994/2920/1086 3286/3323/1086 
f 3288/3325/1087 3140/3326/1087 2844/2925/1087 
f 2844/2925/1088 2998/2924/1088 3288/3325/1088 
f 3283/3318/1089 3282/3317/1089 3287/3324/1089 
f 3287/3324/1090 3286/3323/1090 3283/3318/1090 
f 3284/3321/1091 3136/3320/1091 3140/3326/1091 
f 3140/3326/1092 3288/3325/1092 3284/3321/1092 
f 3289/3327/1093 3290/3328/1093 3291/3329/1093 
f 3291/3329/1094 3292/3330/1094 3289/3327/1094 
f 3293/3331/1095 3148/3332/1095 3147/3333/1095 
f 3147/3333/1096 3294/3334/1096 3293/3331/1096 
f 3244/3259/1097 3243/3258/1097 3290/3335/1097 
f 3290/3335/1098 3289/3336/1098 3244/3259/1098 
f 3245/3261/1099 3081/3260/1100 3148/3337/1101 
f 3148/3337/1101 3293/3338/1102 3245/3261/1099 
f 3295/3339/1103 3150/3340/1103 3149/3341/1103 
f 3295/3339/1104 3149/3341/1105 3296/3342/1106 
f 3297/3343/1107 3295/3339/1104 3296/3342/1106 
f 3297/3343/1108 3296/3342/1109 3298/3344/1109 
f 3298/3344/1109 3299/3345/1110 3297/3343/1108 
f 3292/3330/1111 3291/3329/1112 3300/3346/1113 
f 3300/3346/1113 3301/3347/1114 3292/3330/1111 
f 3252/3270/1115 3251/3269/1115 3302/3348/1115 
f 3302/3348/1116 3300/3346/1116 3252/3270/1116 
f 3260/3349/1117 3259/3350/1117 3303/3351/1117 
f 3303/3351/1118 3304/3352/1118 3260/3349/1118 
f 3305/3353/1119 3306/3354/1119 3307/3355/1119 
f 3307/3355/1120 3308/3356/1120 3305/3353/1120 
f 3301/3347/1121 3300/3346/1122 3246/3262/1123 
f 3246/3262/1123 3249/3265/1121 3301/3347/1121 
f 3300/3346/1124 3302/3348/1125 3247/3263/1124 
f 3247/3263/1124 3246/3262/1126 3300/3346/1124 
f 3309/3357/1127 3308/3356/1127 3310/3358/1127 
f 3310/3358/1128 3311/3359/1128 3309/3357/1128 
f 3307/3355/1129 3312/3360/1129 3310/3358/1129 
f 3310/3358/1130 3308/3356/1130 3307/3355/1130 
f 3313/3361/490 3235/3248/490 3234/3247/490 
f 3234/3247/1131 3314/3362/1131 3313/3361/1131 
f 3315/3363/1132 3316/3364/1133 3317/3365/1134 
f 3317/3365/1134 3318/3366/1135 3315/3363/1132 
f 3319/3367/1136 3231/3244/1136 3230/3243/1136 
f 3230/3243/510 3320/3368/510 3319/3367/510 
f 3229/3242/1137 3321/3369/1137 3230/3243/1137 
f 3322/3370/1138 3321/3369/1138 3318/3366/1138 
f 3318/3366/1139 3323/3371/1139 3322/3370/1139 
f 3320/3368/1140 3230/3243/1140 3321/3369/1140 
f 3321/3369/1141 3322/3370/1141 3320/3368/1141 
f 3315/3363/1142 3318/3366/1142 3321/3369/1142 
f 3259/3350/1143 3324/3372/1143 3325/3373/1143 
f 3325/3373/1144 3303/3351/1144 3259/3350/1144 
f 3260/3349/1145 3304/3352/1145 3326/3374/1145 
f 3326/3374/1146 3261/3375/1146 3260/3349/1146 
f 3327/3376/1147 3292/3330/1147 3301/3347/1147 
f 3252/3270/1148 3291/3329/1148 3294/3377/1148 
f 3328/3378/1149 3232/3245/1149 3231/3244/1149 
f 3231/3244/1150 3299/3345/1150 3328/3378/1150 
f 3316/3364/1151 3236/3249/1151 3235/3248/1151 
f 3235/3248/1152 3317/3365/1152 3316/3364/1152 
f 3329/3379/1153 3237/3250/1153 3240/3253/1153 
f 3240/3253/1154 3330/3380/1154 3329/3379/1154 
f 3242/3257/1155 3241/3381/1155 3239/3252/1155 
f 3331/3382/1156 3242/3257/1156 3239/3252/1156 
f 3238/3251/1157 3331/3382/1157 3239/3252/1157 
f 3330/3380/1158 3240/3253/1158 3244/3259/1158 
f 3244/3259/1159 3332/3383/1159 3330/3380/1159 
f 3239/3252/1160 3241/3381/1161 3245/3384/1162 
f 3245/3384/1162 3243/3258/1160 3239/3252/1160 
f 3333/3385/1163 3253/3271/1163 3256/3274/1163 
f 3256/3274/1164 3263/3286/1164 3333/3385/1164 
f 3254/3272/1165 3257/3275/1165 3258/3278/1165 
f 3258/3278/1166 3255/3273/1166 3254/3272/1166 
f 3324/3386/1167 3259/3279/1167 3253/3271/1167 
f 3253/3271/1168 3333/3385/1168 3324/3386/1168 
f 3260/3280/1169 3261/3281/1169 3257/3275/1169 
f 3257/3275/1170 3254/3272/1170 3260/3280/1170 
f 3265/3288/1171 3262/3283/1172 3263/3286/1173 
f 3263/3286/1173 3256/3274/1174 3265/3288/1171 
f 3269/3294/1175 3264/3287/1175 3255/3273/1175 
f 3255/3273/1176 3258/3278/1176 3269/3294/1176 
f 3262/3283/1177 3265/3288/1178 3267/3290/1179 
f 3267/3290/1179 3334/3387/1177 3262/3283/1177 
f 3264/3287/1180 3269/3294/1180 3268/3293/1180 
f 3268/3293/1181 3266/3289/1181 3264/3287/1181 
f 3335/3388/1182 3270/3295/1182 3273/3298/1183 
f 3273/3298/1183 3336/3389/1184 3335/3388/1182 
f 3271/3296/1185 3274/3299/1185 3275/3302/1185 
f 3275/3302/1186 3272/3297/1186 3271/3296/1186 
f 3334/3390/1187 3267/3303/1187 3270/3295/1187 
f 3270/3295/1188 3335/3388/1188 3334/3390/1188 
f 3266/3391/1189 3268/3305/1189 3274/3299/1189 
f 3274/3299/1190 3271/3296/1190 3266/3391/1190 
f 3279/3312/1191 3276/3392/1191 3277/3310/1191 
f 3277/3310/1192 3280/3313/1192 3279/3312/1192 
f 3285/3393/1193 3278/3394/1193 3281/3314/1193 
f 3281/3314/1194 3337/3395/1194 3285/3393/1194 
f 3276/3396/1195 3279/3315/1195 3283/3318/1195 
f 3283/3318/1196 3338/3397/1196 3276/3396/1196 
f 3278/3316/1197 3285/3322/1198 3284/3321/1199 
f 3284/3321/1199 3282/3317/1200 3278/3316/1197 
f 3339/3398/1201 3286/3323/1201 2994/2920/1201 
f 2994/2920/1202 3050/2991/1202 3339/3398/1202 
f 2995/2921/1203 3287/3324/1203 3288/3325/1203 
f 3288/3325/1204 2998/2924/1204 2995/2921/1204 
f 3338/3397/1205 3283/3318/1205 3286/3323/1205 
f 3286/3323/1206 3339/3398/1206 3338/3397/1206 
f 3282/3317/1207 3284/3321/1207 3288/3325/1207 
f 3288/3325/1208 3287/3324/1208 3282/3317/1208 
f 3292/3399/1209 3340/3400/1209 3341/3401/1209 
f 3341/3401/1210 3289/3402/1210 3292/3399/1210 
f 3294/3377/1211 3291/3329/1211 3290/3328/1211 
f 3290/3328/1212 3293/3403/1212 3294/3377/1212 
f 3289/3336/1213 3341/3404/1213 3332/3383/1213 
f 3332/3383/1214 3244/3259/1214 3289/3336/1214 
f 3293/3405/1215 3290/3335/1215 3243/3258/1215 
f 3243/3258/1216 3245/3384/1216 3293/3405/1216 
f 3297/3343/1217 3319/3367/1217 3342/3406/1217 
f 3342/3406/1218 3295/3339/1218 3297/3343/1218 
f 3319/3367/1219 3297/3343/1219 3299/3345/670 
f 3299/3345/670 3231/3244/1219 3319/3367/1219 
f 3343/3407/1220 3323/3371/1221 3318/3366/1222 
f 3318/3366/1222 3317/3365/1220 3343/3407/1220 
f 3272/3297/1223 3281/3314/1223 3273/3298/1223 
f 3277/3310/1224 3125/3309/1224 3200/3408/1224 
f 3200/3408/1225 3336/3389/1225 3277/3310/1225 
f 3273/3298/1226 3280/3313/1226 3277/3310/1226 
f 3277/3310/1227 3336/3389/1227 3273/3298/1227 
f 3337/3395/1228 3281/3314/1229 3272/3297/1230 
f 3272/3297/1230 3275/3302/1231 3337/3395/1228 
f 3281/3314/1232 3280/3313/1232 3273/3298/1232 
f 3344/3409/1233 3312/3360/1233 3248/3264/1233 
f 3248/3264/1234 3247/3263/1234 3344/3409/1234 
f 3302/3348/1235 3345/3410/1236 3344/3409/1235 
f 3344/3409/1235 3247/3263/1237 3302/3348/1235 
f 3301/3347/1238 3249/3265/1239 3248/3264/1240 
f 3248/3264/1240 3306/3354/1241 3301/3347/1238 
f 3327/3376/1242 3301/3347/1242 3306/3354/1242 
f 3306/3354/1243 3346/3411/1243 3327/3376/1243 
f 3251/3269/1244 3250/3268/1244 3302/3348/1244 
f 3324/3372/1245 3205/3412/1245 3204/3413/1245 
f 3204/3413/1246 3325/3373/1246 3324/3372/1246 
f 3346/3411/1247 3305/3353/1248 3207/3414/1249 
f 3327/3376/1250 3346/3411/1247 3207/3414/1249 
f 3327/3376/1250 3207/3414/1249 3206/3415/1251 
f 3294/3334/1252 3147/3333/1252 3088/3266/1252 
f 3088/3266/1253 3252/3270/1253 3294/3334/1253 
f 3309/3357/1254 3304/3352/1254 3303/3351/1254 
f 3303/3351/1255 3308/3356/1255 3309/3357/1255 
f 3325/3373/1256 3305/3353/1256 3308/3356/1256 
f 3308/3356/1257 3303/3351/1257 3325/3373/1257 
f 3304/3352/1258 3309/3357/1259 3250/3268/1260 
f 3250/3268/1261 3326/3374/1261 3304/3352/1261 
f 3325/3373/1262 3204/3413/1262 3207/3414/1262 
f 3207/3414/1263 3305/3353/1263 3325/3373/1263 
f 3305/3353/1264 3346/3411/1264 3306/3354/1264 
f 3250/3268/1260 3309/3357/1259 3345/3410/1260 
f 3345/3410/1265 3302/3348/1265 3250/3268/1265 
f 3252/3270/1266 3300/3346/1266 3291/3329/1266 
f 3327/3376/1267 3340/3400/1267 3292/3399/1267 
f 3306/3354/1268 3248/3264/1269 3312/3360/1270 
f 3312/3360/1270 3307/3355/1271 3306/3354/1268 
f 3311/3359/1272 3310/3358/1272 3312/3360/1272 
f 3312/3360/1273 3344/3409/1273 3311/3359/1273 
f 3345/3410/1274 3309/3357/1274 3311/3359/1274 
f 3311/3359/1275 3344/3409/1275 3345/3410/1275 
f 3149/3341/1276 3208/3416/1276 3298/3344/1276 
f 3298/3344/1109 3296/3342/1109 3149/3341/1109 
f 3347/3417/1277 3328/3378/1277 3299/3345/1277 
f 3299/3345/1278 3298/3344/1278 3347/3417/1278 
f 3347/3417/1279 3298/3344/1279 3208/3416/1279 
f 3208/3416/1280 3210/3418/1280 3347/3417/1280 
f 3233/3246/1281 3211/3419/1281 3234/3247/1281 
f 3211/3419/1282 3212/3420/1282 3314/3362/1282 
f 3234/3247/1283 3211/3419/1283 3314/3362/1283 
f 3314/3362/1284 3212/3420/1284 3213/3421/1285 
f 3329/3379/1286 3214/3422/1286 3150/3340/1286 
f 3150/3340/1287 3295/3339/1287 3329/3379/1287 
f 3238/3251/1288 3237/3250/1288 3342/3406/1288 
f 3342/3406/1289 3348/3423/1289 3238/3251/1289 
f 3237/3250/1290 3329/3379/1290 3295/3339/1290 
f 3295/3339/1291 3342/3406/1291 3237/3250/1291 
f 3349/3424/1292 3242/3257/1292 3331/3382/1292 
f 3331/3382/1293 3350/3425/1293 3349/3424/1293 
f 3348/3423/1294 3320/3368/1294 3323/3371/1294 
f 3350/3425/1295 3323/3371/1295 3343/3407/1295 
f 3349/3424/1296 3350/3425/1296 3343/3407/1296 
f 3313/3361/1297 3349/3424/1297 3343/3407/1297 
f 3235/3248/671 3313/3361/672 3343/3407/1219 
f 3343/3407/1219 3317/3365/670 3235/3248/671 
f 3238/3251/1298 3348/3423/1298 3350/3425/1298 
f 3350/3425/1299 3331/3382/1299 3238/3251/1299 
f 3350/3425/1300 3348/3423/1300 3323/3371/1300 
f 3348/3423/1301 3342/3406/1301 3319/3367/1301 
f 3319/3367/1302 3320/3368/1302 3348/3423/1302 
f 3320/3368/1303 3322/3370/1303 3323/3371/1303 
f 3214/3422/1304 3329/3379/1304 3330/3380/1304 
f 3330/3380/1305 3218/3426/1305 3214/3422/1305 
f 3330/3380/1306 3332/3383/1307 3219/3427/1308 
f 3219/3427/1308 3218/3426/1306 3330/3380/1306 
f 3340/3400/1309 3327/3376/1309 3206/3415/1309 
f 3206/3415/1310 3220/3428/1310 3340/3400/1310 
f 3333/3385/1311 3263/3286/1312 3105/3285/1313 
f 3105/3285/1313 3221/3429/1313 3333/3385/1311 
f 3324/3386/1314 3333/3385/1314 3221/3429/1314 
f 3221/3429/1315 3205/3430/1315 3324/3386/1315 
f 3269/3294/1316 3258/3278/1316 3097/3277/1316 
f 3097/3277/1317 3111/3291/1317 3269/3294/1317 
f 3106/3284/1318 3262/3283/1318 3334/3387/1318 
f 3334/3387/1319 3222/3431/1319 3106/3284/1319 
f 3335/3388/1320 3336/3389/1320 3200/3408/1320 
f 3200/3408/1321 3223/3432/1321 3335/3388/1321 
f 3334/3433/1322 3335/3388/1322 3223/3432/1322 
f 3223/3432/1323 3222/3434/1323 3334/3433/1323 
f 3285/3393/1324 3337/3395/1324 3224/3435/1324 
f 3224/3435/1325 3133/3436/1325 3285/3393/1325 
f 3126/3437/1326 3276/3396/1326 3338/3397/1326 
f 3338/3397/1327 3225/3438/1327 3126/3437/1327 
f 3226/3439/706 3339/3398/706 3050/2991/706 
f 3050/2991/1328 2933/3027/1328 3226/3439/1328 
f 3338/3397/1329 3339/3398/1329 3226/3439/1329 
f 3226/3439/707 3225/3438/707 3338/3397/707 
f 3341/3401/1330 3340/3400/1330 3220/3428/1330 
f 3220/3428/1331 3227/3440/1331 3341/3401/1331 
f 3219/3427/1332 3332/3383/1332 3341/3404/1332 
f 3341/3404/1333 3227/3441/1333 3219/3427/1333 
f 3074/3254/1334 3242/3257/1334 3349/3424/1334 
f 3349/3424/1335 3313/3361/1336 3314/3362/1337 
f 3074/3254/1338 3349/3424/1335 3314/3362/1337 
f 3074/3254/1339 3314/3362/1284 3213/3421/1285 
f 3337/3395/1340 3275/3302/1340 3121/3301/1340 
f 3121/3301/1341 3224/3435/1341 3337/3395/1341 
f 3261/3375/1342 3326/3374/1343 3228/3442/1344 
f 3228/3442/1344 3102/3443/1345 3261/3375/1342 
f 3326/3374/1346 3250/3268/1346 3087/3267/1346 
f 3087/3267/1347 3228/3442/1347 3326/3374/1347 
# 0 polygons - 1135 triangles

#
# object door
#

v  16.9720 8.6483 19.9880
v  10.2366 23.4428 17.4003
v  0.0203 8.8332 13.9240
v  25.4298 38.8704 21.4131
v  24.8319 51.1780 21.1992
v  23.8929 51.1780 23.8232
v  24.4910 38.8704 24.0372
v  17.7750 7.0462 21.6347
v  -0.4108 7.2445 15.1291
v  -0.4108 -0.4189 15.1291
v  24.1085 -0.4189 23.9003
v  6.8797 69.0960 17.7371
v  5.2122 63.1048 17.1406
v  11.4703 60.1065 19.3793
v  14.9617 64.5285 20.6283
v  15.9024 54.9315 20.9648
v  21.6204 56.9978 23.0102
v  17.7135 48.0728 21.6126
v  18.1099 42.0902 21.7544
v  18.0111 22.1740 21.7191
v  5.4420 60.9960 15.8635
v  10.9561 58.5935 17.8360
v  14.9398 53.7856 19.2610
v  16.7825 47.1595 19.9203
v  17.2828 42.7860 20.0993
v  10.2681 40.0560 17.4115
v  11.0648 24.9281 19.0558
v  11.0860 39.3814 19.0634
v  7.8187 69.0960 15.1131
v  0.5279 68.6445 12.5050
v  -0.4108 68.6445 15.1291
v  -0.4108 63.8239 15.1291
v  0.0203 61.7982 13.9240
v  -15.7834 64.5285 9.6299
v  -14.8447 64.5285 7.0058
v  -21.5031 56.9978 4.6239
v  -22.4421 56.9978 7.2479
v  -7.7013 69.0960 12.5211
v  -6.7626 69.0960 9.8970
v  -16.9311 8.6483 7.8600
v  -17.2424 38.6041 7.7487
v  -24.7145 51.1780 6.4350
v  -23.7758 51.1780 3.8109
v  -24.3737 38.8704 3.5969
v  -25.3127 38.8704 6.2210
v  -18.5966 7.0462 8.6236
v  -24.9301 -0.4189 6.3579
v  -12.2917 60.1065 10.8790
v  -6.0336 63.1048 13.1176
v  -16.7240 54.9315 9.2934
v  -18.5348 49.1745 8.6456
v  -18.9313 39.2994 8.5038
v  -10.9155 58.5935 10.0119
v  -5.4013 60.9960 11.9845
v  -14.8989 53.7856 8.5870
v  -16.7419 48.2611 7.9277
v  -23.9911 -0.4189 3.7338
v  17.1925 20.9613 20.0668
v  14.8631 40.6614 19.1376
v  15.6900 40.1422 20.7927
v  15.5911 24.0276 20.7574
v  14.7723 23.1228 19.1051
v  22.5592 56.9978 20.3862
v  15.9007 64.5285 18.0042
v  25.0472 -0.4189 21.2762
v  0.5279 -0.4189 12.5050
v  17.9871 8.6483 17.1501
v  1.0355 8.8332 11.0860
v  11.1390 23.4428 14.8787
v  26.3685 38.8704 18.7890
v  25.7706 51.1780 18.5751
v  19.6524 7.0462 16.3865
v  25.9859 -0.4189 18.6521
v  1.4669 -0.4189 9.8809
v  1.4669 7.2445 9.8809
v  8.7572 69.0960 12.4890
v  16.8392 64.5285 15.3801
v  13.3475 60.1065 14.1311
v  7.0897 63.1048 11.8924
v  23.4979 56.9978 17.7621
v  17.7801 54.9315 15.7166
v  19.5907 48.0728 16.3644
v  19.9874 42.0902 16.5063
v  19.8885 22.1740 16.4709
v  11.9713 58.5935 14.9981
v  6.4571 60.9960 13.0255
v  15.9549 53.7856 16.4231
v  17.7977 47.1595 17.0823
v  18.2979 42.7860 17.2613
v  11.1702 40.0560 14.8900
v  12.8504 39.3814 14.1316
v  12.8292 24.9281 14.1240
v  1.4669 68.6445 9.8809
v  1.4669 63.8239 9.8809
v  1.0355 61.7982 11.0860
v  -13.9059 64.5285 4.3817
v  -20.5646 56.9978 1.9998
v  -5.8239 69.0960 7.2729
v  -15.9159 8.6483 5.0220
v  -16.2267 38.6041 4.9108
v  -22.8373 51.1780 1.1868
v  -23.4352 38.8704 0.9729
v  -16.7192 7.0462 3.3754
v  -23.0527 -0.4189 1.1097
v  -4.1562 63.1048 7.8695
v  -10.4142 60.1065 5.6308
v  -14.8464 54.9315 4.0453
v  -16.6574 49.1745 3.3975
v  -17.0541 39.2994 3.2556
v  -4.3862 60.9960 9.1466
v  -9.9003 58.5935 7.1740
v  -13.8837 53.7856 5.7490
v  -15.7265 48.2611 5.0898
v  18.2076 20.9613 17.2289
v  17.5067 40.1422 15.7149
v  15.8172 40.6614 16.4699
v  15.7266 23.1228 16.4375
v  17.4078 24.0276 15.6795
v  21.3704 32.1533 15.1534
v  20.8250 31.8820 17.9665
v  16.3431 31.8820 16.7920
v  17.2471 32.1533 14.0730
v  21.3704 38.3872 15.1534
v  17.2471 38.3872 14.0730
v  16.3431 38.6586 16.7920
v  20.8250 38.6586 17.9665
v  22.1849 32.9953 15.3669
v  22.1849 37.5452 15.3669
v  21.7105 37.7433 18.1985
v  21.7105 32.7972 18.1985
v  15.4578 32.7972 16.5600
v  15.4578 37.7433 16.5600
v  16.4329 37.5452 13.8596
v  16.4329 32.9953 13.8596
v  17.5636 32.9953 12.8665
v  17.5636 37.5452 12.8665
v  21.6866 37.5452 13.9469
v  21.6866 32.9953 13.9469
v  13.3990 29.9789 13.9417
v  14.3721 35.2950 14.1967
v  15.7454 34.5046 13.1806
v  14.9801 30.3234 12.9801
v  16.4439 33.7142 14.7396
v  15.8863 30.6679 14.5935
v  15.0704 34.5046 15.7556
v  14.3052 30.3234 15.5551
v  18.9991 37.8230 15.4092
v  19.3846 36.4930 14.1342
v  19.0953 35.1629 15.4344
v  18.7100 36.4930 16.7093
v  23.7960 35.6595 16.6661
v  23.1578 34.7913 15.1229
v  21.8443 33.9231 16.1546
v  22.4827 34.7913 17.6979
v  25.1507 30.4335 17.0210
v  24.2230 30.6810 15.4020
v  22.6204 30.9284 16.3581
v  23.5484 30.6810 17.9771
v  22.0430 26.0804 16.2067
v  21.7786 27.2571 14.7615
v  20.8397 28.4339 15.8914
v  21.1038 27.2571 17.3366
v  16.8128 25.8781 14.8363
v  17.6651 27.0980 13.6836
v  17.8426 28.3180 15.1061
v  16.9903 27.0980 16.2587
v  18.3211 32.1533 23.6777
v  14.4483 32.1533 21.8977
v  15.4740 31.8820 19.2221
v  19.6839 31.8820 21.1570
v  18.3211 38.3872 23.6777
v  19.6839 38.6586 21.1570
v  15.4740 38.6586 19.2221
v  14.4483 38.3872 21.8977
v  19.0863 32.9953 24.0293
v  20.5155 32.7972 21.5393
v  20.5155 37.7433 21.5393
v  19.0863 37.5452 24.0293
v  14.6422 32.7972 18.8398
v  13.6834 32.9953 21.5461
v  13.6834 37.5452 21.5461
v  14.6422 37.7433 18.8398
v  13.9273 32.9953 23.0310
v  17.8004 32.9953 24.8109
v  17.8004 37.5452 24.8109
v  13.9273 37.5452 23.0310
v  11.3900 29.9789 19.5584
v  12.0023 30.3234 21.3046
v  12.7213 34.5046 21.6350
v  12.3038 35.2950 19.9784
v  13.7261 30.6679 20.6321
v  14.2501 33.7142 20.8728
v  13.1138 30.3234 18.8858
v  13.8328 34.5046 19.2162
v  16.1395 36.4930 23.2061
v  16.6502 37.8230 21.9759
v  16.7406 35.1629 22.0175
v  17.2513 36.4930 20.7873
v  19.6834 34.7913 24.8349
v  21.1558 35.6595 24.0468
v  19.3226 33.9231 23.2042
v  20.7952 34.7913 22.4161
v  20.6842 30.6810 25.2948
v  22.4283 30.4335 24.6316
v  20.0518 30.9284 23.5393
v  21.7957 30.6810 22.8761
v  18.3883 27.2571 24.2396
v  19.5091 26.0804 23.2899
v  18.3787 28.4339 22.7705
v  19.4998 27.2571 21.8208
v  14.5245 27.0980 22.4638
v  14.5968 25.8781 21.0321
v  15.5638 28.3180 21.4766
v  15.6361 27.0980 20.0450
# 214 vertices

vn -0.9959 0.0085 0.0905
vn -0.9835 0.0035 0.1809
vn -0.9958 0.0029 0.0916
vn 0.0821 0.0205 0.9964
vn 0.0890 0.2273 0.9698
vn -0.9958 0.0000 0.0913
vn -0.9946 0.0000 0.1040
vn -0.9959 0.0000 0.0905
vn -0.9958 0.0000 0.0916
vn -0.7790 0.6204 0.0908
vn -0.7760 0.6241 0.0913
vn -0.8527 -0.5142 -0.0922
vn -0.8595 -0.5028 -0.0917
vn -0.8459 -0.4573 -0.2744
vn -0.8404 -0.4662 -0.2763
vn -0.8838 -0.2769 -0.3771
vn -0.8820 -0.2901 -0.3714
vn -0.7847 -0.1083 -0.6103
vn -0.8288 -0.1270 -0.5450
vn -0.8156 -0.0570 -0.5757
vn -0.7274 -0.0461 -0.6846
vn -0.8209 0.0015 -0.5711
vn -0.8536 -0.3724 -0.3642
vn -0.8750 -0.3081 -0.3733
vn -0.8170 0.0015 -0.5767
vn 0.0000 0.9958 -0.0914
vn 0.0000 1.0000 -0.0000
vn -0.8418 -0.5319 0.0922
vn -0.8392 -0.5360 0.0920
vn -0.0557 0.8099 -0.5839
vn -0.0684 0.5180 -0.8527
vn -0.0415 0.8746 -0.4830
vn -0.0851 0.2173 -0.9724
vn -0.0843 0.0210 -0.9962
vn -0.8352 -0.5177 0.1856
vn -0.7714 -0.4528 0.4472
vn -0.7688 -0.4522 0.4522
vn -0.8424 -0.5063 0.1846
vn -0.7801 -0.2969 0.5507
vn -0.7829 -0.2857 0.5526
vn -0.6959 -0.1263 0.7069
vn -0.7380 -0.1056 0.6665
vn -0.6714 -0.0152 0.7409
vn -0.6273 -0.0068 0.7787
vn -0.6715 0.0080 0.7410
vn -0.0902 -0.0101 -0.9959
vn -0.7764 0.0113 -0.6301
vn -0.8169 0.0120 -0.5766
vn -0.8128 0.0136 -0.5823
vn -0.7231 0.0125 -0.6907
vn -0.9958 -0.0014 0.0916
vn -0.9959 -0.0046 0.0905
vn -0.7342 0.5128 -0.4450
vn -0.7740 0.5141 -0.3697
vn -0.7506 0.5478 -0.3695
vn -0.7372 0.5662 -0.3686
vn -0.8153 -0.4555 -0.3574
vn -0.8441 -0.4609 -0.2738
vn -0.8307 -0.4808 -0.2808
vn -0.8008 -0.4740 -0.3661
vn -0.9958 -0.0086 0.0916
vn -0.9958 -0.0079 0.0916
vn -0.9958 -0.0036 0.0916
vn -0.9958 0.0025 0.0916
vn -0.9958 0.0004 0.0916
vn -0.5491 0.8308 -0.0915
vn -0.5050 0.8582 -0.0918
vn -0.5155 0.8520 -0.0916
vn -0.5594 0.8238 -0.0913
vn -0.6198 -0.7848 -0.0000
vn -0.6907 -0.7231 -0.0000
vn -0.9835 0.0000 0.1809
vn 0.0527 0.8101 0.5839
vn 0.0657 0.5181 0.8528
vn 0.0415 0.8746 0.4830
vn 0.0887 -0.0099 0.9960
vn 0.0000 -1.0000 -0.0000
vn 0.0000 0.9958 0.0914
vn 0.9958 0.0086 -0.0916
vn 0.9958 0.0029 -0.0916
vn 0.9958 0.0036 -0.0916
vn 0.9951 0.0000 -0.0986
vn 0.9958 0.0000 -0.0915
vn 0.9958 0.0000 -0.0916
vn 0.7760 0.6241 -0.0913
vn 0.8215 -0.5022 -0.2701
vn 0.7965 -0.4744 -0.3748
vn 0.8029 -0.4655 -0.3724
vn 0.8424 -0.5063 -0.1846
vn 0.7426 -0.2730 -0.6116
vn 0.7818 -0.2742 -0.5601
vn 0.7355 -0.1327 -0.6644
vn 0.7423 -0.1171 -0.6598
vn 0.6133 -0.0472 -0.7885
vn 0.6705 -0.0549 -0.7399
vn 0.6715 0.0014 -0.7410
vn 0.6207 0.0014 -0.7840
vn 0.7832 -0.2997 -0.5448
vn 0.7603 -0.3658 -0.5367
vn 0.8418 -0.5319 -0.0922
vn 0.8425 -0.5309 -0.0911
vn 0.7729 0.6278 -0.0918
vn 0.8527 -0.5142 0.0922
vn 0.8489 -0.4966 0.1811
vn 0.8222 -0.4444 0.3556
vn 0.8437 -0.4618 0.2736
vn 0.8799 -0.2911 0.3754
vn 0.8767 -0.3025 0.3741
vn 0.8277 -0.1020 0.5518
vn 0.8285 -0.1298 0.5448
vn 0.8169 -0.0075 0.5767
vn 0.8169 -0.0158 0.5766
vn 0.7996 0.0082 0.6004
vn 0.6715 0.0116 -0.7409
vn 0.6207 0.0126 -0.7840
vn 0.6584 0.0132 -0.7525
vn 0.6207 0.0109 -0.7840
vn 0.9958 -0.0014 -0.0916
vn 0.9959 -0.0046 -0.0905
vn 0.6950 0.5430 -0.4712
vn 0.6385 0.5506 -0.5377
vn 0.6891 0.5540 -0.4672
vn 0.7139 0.5208 -0.4681
vn 0.7234 -0.4470 -0.5261
vn 0.7381 -0.4855 -0.4686
vn 0.7499 -0.4741 -0.4615
vn 0.7969 -0.4735 -0.3750
vn 0.9957 0.0000 -0.0926
vn 0.9958 -0.0086 -0.0916
vn 0.9957 -0.0036 -0.0926
vn 0.9957 -0.0080 -0.0926
vn 0.9957 0.0025 -0.0926
vn 0.9958 0.0004 -0.0916
vn 0.5177 0.8355 -0.1841
vn 0.5366 0.8238 -0.1827
vn 0.4921 0.8511 -0.1831
vn 0.4725 0.8618 -0.1844
vn 0.6878 -0.7201 -0.0917
vn 0.6100 -0.7870 -0.0921
vn 0.9831 0.0000 -0.1829
vn 0.0956 -0.9954 -0.0000
vn 0.0956 0.9954 -0.0000
vn 0.2529 0.0000 0.9675
vn -0.0849 0.0000 -0.9964
vn 0.5246 -0.6300 0.5727
vn 0.3206 -0.6371 -0.7010
vn 0.5246 0.6301 0.5726
vn 0.3206 0.6372 -0.7009
vn 0.5509 -0.8295 -0.0918
vn -0.0115 -0.7074 -0.7067
vn 0.2362 -0.6950 0.6791
vn 0.2344 0.6953 0.6794
vn -0.0114 0.6995 -0.7146
vn 0.5509 0.8295 -0.0918
vn 0.7108 0.0000 0.7034
vn 0.4008 0.0000 -0.9162
vn -0.1629 -0.2452 -0.9557
vn -0.1231 0.5794 -0.8057
vn 0.9531 0.1170 -0.2790
vn 0.9289 -0.0503 -0.3670
vn 0.1442 -0.6224 0.7693
vn 0.1629 0.2450 0.9557
vn -0.9934 0.1149 -0.0000
vn -0.9987 -0.0504 -0.0000
vn -0.0115 0.9999 -0.0000
vn 0.9644 0.1925 -0.1815
vn 0.0115 -0.9999 -0.0000
vn -0.9635 0.1946 0.1835
vn 0.1297 0.6148 0.7779
vn 0.9920 0.1265 -0.0000
vn -0.1388 -0.6579 -0.7402
vn -0.9517 0.1288 0.2786
vn 0.1690 -0.1958 0.9660
vn 0.9993 -0.0364 -0.0000
vn -0.1807 0.1954 -0.9639
vn -0.9294 -0.0364 0.3672
vn 0.0917 -0.8839 0.4586
vn 0.9806 -0.1732 -0.0923
vn -0.0878 0.8456 -0.5265
vn -0.9200 -0.1664 0.3547
vn -0.0695 -0.9261 -0.3707
vn 0.9454 -0.1774 -0.2734
vn 0.0695 0.9261 0.3707
vn -0.9794 -0.1795 0.0922
vn -0.0993 -0.9951 -0.0000
vn -0.0993 0.9951 -0.0000
vn -0.0793 0.0000 0.9969
vn -0.0905 0.0000 -0.9959
vn -1.0000 0.0000 -0.0000
vn -0.4196 -0.6252 0.6581
vn -0.4113 -0.6131 -0.6746
vn -0.4195 0.6253 0.6580
vn -0.4112 0.6132 -0.6745
vn -0.5612 -0.8277 -0.0000
vn -0.1147 -0.7028 -0.7021
vn -0.1104 -0.7109 0.6946
vn -0.1104 0.7109 0.6946
vn -0.1134 0.6950 -0.7100
vn -0.5611 0.8277 -0.0000
vn -0.5855 0.0000 0.8107
vn -0.5855 0.0000 -0.8107
vn 0.0000 -0.2485 -0.9686
vn -0.9819 -0.0501 -0.1827
vn -0.9762 0.1156 -0.1837
vn 0.0000 0.5839 -0.8118
vn 0.0000 0.2484 0.9687
vn 0.0000 -0.6290 0.7774
vn 0.9815 -0.0507 -0.1847
vn 0.9762 0.1156 -0.1837
vn -0.9806 0.1958 -0.0000
vn 0.9806 0.1958 -0.0000
vn -0.9549 0.1246 0.2696
vn 0.0000 0.6201 0.7845
vn 0.0000 -0.6200 -0.7846
vn 0.9753 0.1258 0.1815
vn -0.9821 -0.0366 0.1849
vn 0.0000 -0.1813 0.9834
vn 0.0000 0.1813 -0.9834
vn 0.9821 -0.0366 0.1849
vn -0.9806 -0.1732 0.0923
vn 0.0000 -0.8876 0.4605
vn 0.0000 0.8876 -0.4605
vn 0.9806 -0.1732 0.0923
vn -0.9794 -0.1795 -0.0922
vn 0.0000 -0.8943 -0.4475
vn 0.0000 0.9284 0.3716
vn 0.9794 -0.1795 -0.0922
# 227 vertex normals

vt 0.7369 0.0497 0.0000
vt 0.7044 0.1217 0.0000
vt 0.6511 0.0493 0.0000
vt 0.2333 0.9764 0.0000
vt 0.1751 0.9764 0.0000
vt 0.1751 0.9633 0.0000
vt 0.2333 0.9633 0.0000
vt 0.7449 0.0401 0.0000
vt 0.6510 0.0390 0.0000
vt 0.6506 0.0030 0.0000
vt 0.7771 0.0030 0.0000
vt 0.6912 0.3563 0.0000
vt 0.6819 0.3251 0.0000
vt 0.7165 0.3093 0.0000
vt 0.7358 0.3323 0.0000
vt 0.7408 0.2821 0.0000
vt 0.7725 0.2927 0.0000
vt 0.7506 0.2464 0.0000
vt 0.7849 0.2622 0.0000
vt 0.7524 0.2149 0.0000
vt 0.7869 0.1972 0.0000
vt 0.7492 0.1129 0.0000
vt 0.6802 0.3123 0.0000
vt 0.7099 0.2999 0.0000
vt 0.7311 0.2753 0.0000
vt 0.7407 0.2414 0.0000
vt 0.7431 0.2199 0.0000
vt 0.7059 0.2045 0.0000
vt 0.7132 0.1299 0.0000
vt 0.7152 0.1989 0.0000
vt 0.0506 0.9633 0.0000
vt 0.0506 0.9764 0.0000
vt 0.0140 0.9764 0.0000
vt 0.0140 0.9633 0.0000
vt 0.6508 0.3539 0.0000
vt 0.6508 0.3289 0.0000
vt 0.6508 0.3166 0.0000
vt 0.3376 0.9259 0.0000
vt 0.3376 0.9391 0.0000
vt 0.2888 0.9391 0.0000
vt 0.2888 0.9259 0.0000
vt 0.3835 0.9259 0.0000
vt 0.3835 0.9391 0.0000
vt 0.5636 0.0515 0.0000
vt 0.5588 0.1987 0.0000
vt 0.2591 0.9259 0.0000
vt 0.2591 0.9391 0.0000
vt 0.2009 0.9391 0.0000
vt 0.2009 0.9259 0.0000
vt 0.5550 0.0418 0.0000
vt 0.5219 0.0047 0.0000
vt 0.6104 0.3561 0.0000
vt 0.5658 0.3319 0.0000
vt 0.5852 0.3092 0.0000
vt 0.6197 0.3250 0.0000
vt 0.5298 0.2923 0.0000
vt 0.5611 0.2820 0.0000
vt 0.5179 0.2623 0.0000
vt 0.5514 0.2523 0.0000
vt 0.5160 0.1997 0.0000
vt 0.5493 0.2022 0.0000
vt 0.5918 0.2997 0.0000
vt 0.6215 0.3122 0.0000
vt 0.5706 0.2752 0.0000
vt 0.5610 0.2474 0.0000
vt 0.0153 0.9391 0.0000
vt 0.0153 0.9259 0.0000
vt 0.7402 0.1066 0.0000
vt 0.7306 0.2098 0.0000
vt 0.7389 0.2047 0.0000
vt 0.7363 0.1234 0.0000
vt 0.7283 0.1171 0.0000
vt 0.0965 0.9633 0.0000
vt 0.1453 0.9633 0.0000
vt 0.1453 0.9764 0.0000
vt 0.0965 0.9764 0.0000
vt 0.4189 0.9633 0.0000
vt 0.4189 0.9764 0.0000
vt 0.9572 0.9704 0.0000
vt 0.9572 0.8474 0.0000
vt 0.9703 0.8474 0.0000
vt 0.9703 0.9704 0.0000
vt 0.9572 0.7244 0.0000
vt 0.9703 0.7244 0.0000
vt 0.4202 0.9259 0.0000
vt 0.4202 0.9391 0.0000
vt 0.2955 0.0574 0.0000
vt 0.3795 0.0570 0.0000
vt 0.3273 0.1279 0.0000
vt 0.2333 0.9896 0.0000
vt 0.1751 0.9896 0.0000
vt 0.2876 0.0480 0.0000
vt 0.2561 0.0116 0.0000
vt 0.3800 0.0116 0.0000
vt 0.3796 0.0469 0.0000
vt 0.3403 0.3578 0.0000
vt 0.2965 0.3343 0.0000
vt 0.3155 0.3118 0.0000
vt 0.3493 0.3273 0.0000
vt 0.2606 0.2955 0.0000
vt 0.2917 0.2851 0.0000
vt 0.2485 0.2656 0.0000
vt 0.2820 0.2501 0.0000
vt 0.2465 0.2019 0.0000
vt 0.2803 0.2193 0.0000
vt 0.2834 0.1193 0.0000
vt 0.3219 0.3025 0.0000
vt 0.3510 0.3147 0.0000
vt 0.3011 0.2785 0.0000
vt 0.2918 0.2452 0.0000
vt 0.2894 0.2241 0.0000
vt 0.3259 0.2091 0.0000
vt 0.3168 0.2036 0.0000
vt 0.3187 0.1360 0.0000
vt 0.0506 0.9896 0.0000
vt 0.0140 0.9896 0.0000
vt 0.3798 0.3310 0.0000
vt 0.3799 0.3555 0.0000
vt 0.3798 0.3189 0.0000
vt 0.3376 0.9522 0.0000
vt 0.2888 0.9522 0.0000
vt 0.3835 0.9522 0.0000
vt 0.4653 0.0592 0.0000
vt 0.4700 0.2034 0.0000
vt 0.2591 0.9522 0.0000
vt 0.2009 0.9522 0.0000
vt 0.4737 0.0497 0.0000
vt 0.5061 0.0133 0.0000
vt 0.4195 0.3577 0.0000
vt 0.4103 0.3272 0.0000
vt 0.4441 0.3116 0.0000
vt 0.4631 0.3339 0.0000
vt 0.4677 0.2850 0.0000
vt 0.4984 0.2951 0.0000
vt 0.4773 0.2559 0.0000
vt 0.5101 0.2657 0.0000
vt 0.4793 0.2069 0.0000
vt 0.5120 0.2044 0.0000
vt 0.4086 0.3146 0.0000
vt 0.4377 0.3024 0.0000
vt 0.4584 0.2784 0.0000
vt 0.4678 0.2511 0.0000
vt 0.0153 0.9522 0.0000
vt 0.2923 0.1132 0.0000
vt 0.2936 0.2093 0.0000
vt 0.3016 0.2143 0.0000
vt 0.3039 0.1234 0.0000
vt 0.2960 0.1296 0.0000
vt 0.0337 0.4654 0.0000
vt 0.0322 0.4519 0.0000
vt 0.0541 0.4508 0.0000
vt 0.0538 0.4644 0.0000
vt 0.0358 0.5009 0.0000
vt 0.0555 0.5001 0.0000
vt 0.0566 0.5143 0.0000
vt 0.0341 0.5142 0.0000
vt 0.0271 0.4732 0.0000
vt 0.0280 0.4943 0.0000
vt 0.0138 0.4955 0.0000
vt 0.0138 0.4715 0.0000
vt 0.0746 0.4695 0.0000
vt 0.0757 0.4934 0.0000
vt 0.0623 0.4921 0.0000
vt 0.0611 0.4719 0.0000
vt 0.0542 0.4715 0.0000
vt 0.0552 0.4930 0.0000
vt 0.0350 0.4939 0.0000
vt 0.0340 0.4725 0.0000
vt 0.0284 0.4678 0.0000
vt 0.0596 0.4665 0.0000
vt 0.0304 0.4996 0.0000
vt 0.0611 0.4976 0.0000
vt 0.0733 0.4633 0.0000
vt 0.0148 0.4652 0.0000
vt 0.0278 0.5132 0.0000
vt 0.0749 0.4998 0.0000
vt 0.9204 0.9653 0.0000
vt 0.9199 0.9468 0.0000
vt 0.9271 0.9468 0.0000
vt 0.9277 0.9648 0.0000
vt 0.9362 0.9461 0.0000
vt 0.9368 0.9632 0.0000
vt 0.9020 0.9650 0.0000
vt 0.9029 0.9469 0.0000
vt 0.9124 0.9467 0.0000
vt 0.9120 0.9653 0.0000
vt 0.9200 0.9291 0.0000
vt 0.9273 0.9292 0.0000
vt 0.9364 0.9288 0.0000
vt 0.9035 0.9293 0.0000
vt 0.9127 0.9289 0.0000
vt 0.9203 0.9115 0.0000
vt 0.9276 0.9117 0.0000
vt 0.9368 0.9113 0.0000
vt 0.9039 0.9118 0.0000
vt 0.9130 0.9114 0.0000
vt 0.9204 0.8939 0.0000
vt 0.9279 0.8940 0.0000
vt 0.9374 0.8937 0.0000
vt 0.9041 0.8945 0.0000
vt 0.9131 0.8939 0.0000
vt 0.9199 0.8753 0.0000
vt 0.9283 0.8754 0.0000
vt 0.9383 0.8756 0.0000
vt 0.9035 0.8774 0.0000
vt 0.9126 0.8758 0.0000
vt 0.9180 0.8490 0.0000
vt 0.9303 0.8520 0.0000
vt 0.9412 0.8568 0.0000
vt 0.8991 0.8600 0.0000
vt 0.9083 0.8542 0.0000
vt 0.9223 0.9916 0.0000
vt 0.9320 0.9864 0.0000
vt 0.9412 0.9806 0.0000
vt 0.8991 0.9838 0.0000
vt 0.9099 0.9886 0.0000
vt 0.0965 0.9896 0.0000
vt 0.1453 0.9896 0.0000
vt 0.4189 0.9896 0.0000
vt 0.9835 0.9704 0.0000
vt 0.9835 0.8474 0.0000
vt 0.9835 0.7244 0.0000
vt 0.4202 0.9522 0.0000
vt 0.6702 0.9717 0.0000
vt 0.6918 0.9727 0.0000
vt 0.6921 0.9873 0.0000
vt 0.6686 0.9862 0.0000
vt 0.6724 0.9334 0.0000
vt 0.6706 0.9191 0.0000
vt 0.6948 0.9191 0.0000
vt 0.6936 0.9343 0.0000
vt 0.6630 0.9632 0.0000
vt 0.6487 0.9651 0.0000
vt 0.6487 0.9393 0.0000
vt 0.6640 0.9406 0.0000
vt 0.7142 0.9672 0.0000
vt 0.6997 0.9647 0.0000
vt 0.7009 0.9429 0.0000
vt 0.7153 0.9415 0.0000
vt 0.6922 0.9650 0.0000
vt 0.6705 0.9640 0.0000
vt 0.6716 0.9409 0.0000
vt 0.6933 0.9419 0.0000
vt 0.6644 0.9690 0.0000
vt 0.6980 0.9705 0.0000
vt 0.6666 0.9348 0.0000
vt 0.6997 0.9370 0.0000
vt 0.7128 0.9739 0.0000
vt 0.6498 0.9719 0.0000
vt 0.6638 0.9202 0.0000
vt 0.7145 0.9346 0.0000
vt 0.8596 0.9712 0.0000
vt 0.8591 0.9772 0.0000
vt 0.8420 0.9768 0.0000
vt 0.8420 0.9707 0.0000
vt 0.8576 0.9848 0.0000
vt 0.8413 0.9843 0.0000
vt 0.8593 0.9558 0.0000
vt 0.8596 0.9642 0.0000
vt 0.8419 0.9645 0.0000
vt 0.8421 0.9566 0.0000
vt 0.8253 0.9769 0.0000
vt 0.8252 0.9708 0.0000
vt 0.8249 0.9845 0.0000
vt 0.8250 0.9648 0.0000
vt 0.8254 0.9570 0.0000
vt 0.8086 0.9772 0.0000
vt 0.8085 0.9711 0.0000
vt 0.8083 0.9849 0.0000
vt 0.8084 0.9650 0.0000
vt 0.8088 0.9574 0.0000
vt 0.7918 0.9774 0.0000
vt 0.7917 0.9712 0.0000
vt 0.7915 0.9853 0.0000
vt 0.7917 0.9651 0.0000
vt 0.7923 0.9576 0.0000
vt 0.7741 0.9778 0.0000
vt 0.7741 0.9708 0.0000
vt 0.7744 0.9861 0.0000
vt 0.7745 0.9647 0.0000
vt 0.7760 0.9571 0.0000
vt 0.7519 0.9795 0.0000
vt 0.7490 0.9692 0.0000
vt 0.7564 0.9885 0.0000
vt 0.7540 0.9611 0.0000
vt 0.7595 0.9534 0.0000
vt 0.8846 0.9727 0.0000
vt 0.8797 0.9808 0.0000
vt 0.8742 0.9885 0.0000
vt 0.8772 0.9534 0.0000
vt 0.8818 0.9624 0.0000
# 291 texture coords

o door
g door
f 3351/3444/1348 3352/3445/1349 3353/3446/1350 
f 3354/3447/1351 3355/3448/1352 3356/3449/1352 
f 3356/3449/1352 3357/3450/1351 3354/3447/1351 
f 3358/3451/1353 3359/3452/1353 3360/3453/1353 
f 3360/3453/1353 3361/3454/1353 3358/3451/1353 
f 3362/3455/1354 3363/3456/1354 3364/3457/1353 
f 3364/3457/1353 3365/3458/1353 3362/3455/1354 
f 3365/3458/1353 3364/3457/1353 3366/3459/1353 
f 3366/3459/1353 3367/3460/1353 3365/3458/1353 
f 3367/3460/1353 3366/3459/1353 3368/3461/1354 
f 3368/3461/1354 3356/3462/1353 3367/3460/1353 
f 3356/3462/1353 3368/3461/1354 3369/3463/1355 
f 3369/3463/1355 3357/3464/1353 3356/3462/1353 
f 3357/3464/1353 3369/3463/1355 3370/3465/1356 
f 3357/3464/1353 3370/3465/1356 3358/3451/1353 
f 3357/3464/1353 3358/3451/1353 3361/3454/1353 
f 3351/3444/1357 3353/3446/1358 3359/3452/1358 
f 3359/3452/1358 3358/3451/1357 3351/3444/1357 
f 3363/3456/1359 3371/3466/1360 3372/3467/1361 
f 3372/3467/1361 3364/3457/1362 3363/3456/1359 
f 3364/3457/1362 3372/3467/1361 3373/3468/1363 
f 3373/3468/1363 3366/3459/1364 3364/3457/1362 
f 3366/3459/1364 3373/3468/1363 3374/3469/1365 
f 3374/3469/1365 3368/3461/1366 3366/3459/1364 
f 3368/3461/1366 3374/3469/1365 3375/3470/1367 
f 3375/3470/1367 3369/3463/1368 3368/3461/1366 
f 3376/3471/1369 3352/3445/1370 3377/3472/1371 
f 3377/3472/1371 3378/3473/1372 3376/3471/1369 
f 3362/3474/1373 3379/3475/1373 3380/3476/1374 
f 3380/3476/1374 3381/3477/1374 3362/3474/1373 
f 3363/3456/1354 3362/3455/1354 3381/3478/1354 
f 3381/3478/1354 3382/3479/1353 3363/3456/1354 
f 3383/3480/1375 3371/3466/1360 3363/3456/1359 
f 3363/3456/1359 3382/3479/1376 3383/3480/1375 
f 3384/3481/1377 3385/3482/1377 3386/3483/1378 
f 3386/3483/1378 3387/3484/1378 3384/3481/1377 
f 3388/3485/1379 3389/3486/1379 3385/3482/1377 
f 3385/3482/1377 3384/3481/1377 3388/3485/1379 
f 3390/3487/1353 3353/3446/1350 3391/3488/1354 
f 3392/3489/1380 3393/3490/1380 3394/3491/1381 
f 3394/3491/1381 3395/3492/1381 3392/3489/1380 
f 3396/3493/1353 3397/3494/1353 3360/3453/1353 
f 3360/3453/1353 3359/3452/1353 3396/3493/1353 
f 3388/3495/1353 3384/3496/1354 3398/3497/1354 
f 3398/3497/1354 3399/3498/1353 3388/3495/1353 
f 3384/3496/1354 3387/3499/1354 3400/3500/1354 
f 3400/3500/1354 3398/3497/1354 3384/3496/1354 
f 3387/3499/1354 3392/3501/1354 3401/3502/1354 
f 3401/3502/1354 3400/3500/1354 3387/3499/1354 
f 3392/3501/1354 3395/3503/1354 3402/3504/1353 
f 3402/3504/1353 3401/3502/1354 3392/3501/1354 
f 3395/3503/1354 3397/3494/1353 3396/3493/1353 
f 3396/3493/1353 3402/3504/1353 3395/3503/1354 
f 3390/3487/1358 3396/3493/1358 3359/3452/1358 
f 3359/3452/1358 3353/3446/1358 3390/3487/1358 
f 3399/3498/1382 3398/3497/1383 3403/3505/1384 
f 3403/3505/1384 3404/3506/1385 3399/3498/1382 
f 3398/3497/1383 3400/3500/1386 3405/3507/1387 
f 3405/3507/1387 3403/3505/1384 3398/3497/1383 
f 3400/3500/1386 3401/3502/1388 3406/3508/1389 
f 3406/3508/1389 3405/3507/1387 3400/3500/1386 
f 3401/3502/1388 3402/3504/1390 3391/3488/1391 
f 3391/3488/1391 3406/3508/1389 3401/3502/1388 
f 3402/3504/1390 3396/3493/1392 3390/3487/1392 
f 3390/3487/1392 3391/3488/1391 3402/3504/1390 
f 3395/3492/1381 3394/3491/1381 3407/3509/1393 
f 3407/3509/1393 3397/3510/1393 3395/3492/1381 
f 3387/3484/1378 3386/3483/1378 3393/3490/1380 
f 3393/3490/1380 3392/3489/1380 3387/3484/1378 
f 3399/3498/1353 3382/3479/1353 3381/3478/1354 
f 3381/3478/1354 3388/3495/1353 3399/3498/1353 
f 3383/3480/1375 3382/3479/1376 3399/3498/1382 
f 3399/3498/1382 3404/3506/1385 3383/3480/1375 
f 3351/3444/1394 3358/3451/1395 3370/3465/1396 
f 3370/3465/1396 3408/3511/1397 3351/3444/1394 
f 3383/3480/1398 3353/3446/1350 3376/3471/1399 
f 3369/3463/1400 3375/3470/1401 3409/3512/1402 
f 3409/3512/1402 3410/3513/1403 3369/3463/1400 
f 3408/3511/1404 3370/3465/1405 3411/3514/1406 
f 3411/3514/1406 3412/3515/1407 3408/3511/1404 
f 3370/3465/1356 3369/3463/1355 3410/3513/1356 
f 3410/3513/1356 3411/3514/1356 3370/3465/1356 
f 3376/3471/1399 3353/3446/1350 3352/3445/1349 
f 3374/3469/1408 3373/3468/1353 3372/3467/1353 
f 3372/3467/1353 3371/3466/1353 3383/3480/1398 
f 3374/3469/1408 3372/3467/1353 3383/3480/1398 
f 3376/3471/1399 3374/3469/1408 3383/3480/1398 
f 3374/3469/1408 3376/3471/1399 3409/3512/1409 
f 3409/3512/1409 3375/3470/1410 3374/3469/1408 
f 3412/3515/1411 3352/3445/1349 3351/3444/1348 
f 3351/3444/1348 3408/3511/1412 3412/3515/1411 
f 3378/3473/1413 3410/3513/1414 3409/3512/1415 
f 3409/3512/1415 3376/3471/1416 3378/3473/1413 
f 3352/3445/1370 3412/3515/1417 3411/3514/1418 
f 3411/3514/1418 3377/3472/1371 3352/3445/1370 
f 3410/3513/1356 3378/3473/1419 3377/3472/1356 
f 3377/3472/1356 3411/3514/1356 3410/3513/1356 
f 3353/3446/1350 3383/3480/1398 3391/3488/1354 
f 3404/3506/1353 3403/3505/1353 3405/3507/1354 
f 3405/3507/1354 3406/3508/1354 3391/3488/1354 
f 3404/3506/1353 3405/3507/1354 3391/3488/1354 
f 3383/3480/1398 3404/3506/1353 3391/3488/1354 
f 3365/3516/1420 3367/3517/1421 3413/3518/1421 
f 3413/3518/1421 3414/3519/1420 3365/3516/1420 
f 3362/3474/1422 3365/3516/1420 3414/3519/1420 
f 3414/3519/1420 3379/3475/1422 3362/3474/1422 
f 3357/3450/1351 3361/3520/1423 3415/3521/1423 
f 3415/3521/1423 3354/3447/1351 3357/3450/1351 
f 3367/3517/1421 3356/3449/1352 3355/3448/1352 
f 3355/3448/1352 3413/3518/1421 3367/3517/1421 
f 3361/3522/1424 3360/3523/1424 3416/3524/1424 
f 3416/3524/1424 3415/3525/1424 3361/3522/1424 
f 3360/3523/1424 3397/3526/1424 3407/3527/1424 
f 3407/3527/1424 3416/3524/1424 3360/3523/1424 
f 3388/3485/1425 3381/3528/1374 3380/3529/1374 
f 3380/3529/1374 3389/3486/1425 3388/3485/1425 
f 3417/3530/1426 3418/3531/1427 3419/3532/1428 
f 3354/3447/1351 3420/3533/1351 3421/3534/1352 
f 3421/3534/1352 3355/3448/1352 3354/3447/1351 
f 3422/3535/1429 3423/3536/1429 3424/3537/1429 
f 3424/3537/1429 3425/3538/1429 3422/3535/1429 
f 3426/3539/1429 3427/3540/1429 3428/3541/1429 
f 3428/3541/1429 3429/3542/1429 3426/3539/1429 
f 3427/3540/1429 3430/3543/1430 3431/3544/1430 
f 3431/3544/1430 3428/3541/1429 3427/3540/1429 
f 3430/3543/1430 3421/3545/1430 3432/3546/1430 
f 3432/3546/1430 3431/3544/1430 3430/3543/1430 
f 3421/3545/1430 3420/3547/1429 3433/3548/1431 
f 3433/3548/1431 3432/3546/1430 3421/3545/1430 
f 3420/3547/1429 3423/3536/1429 3422/3535/1429 
f 3420/3547/1429 3422/3535/1429 3434/3549/1431 
f 3420/3547/1429 3434/3549/1431 3433/3548/1431 
f 3417/3530/1432 3422/3535/1432 3425/3538/1432 
f 3425/3538/1432 3418/3531/1432 3417/3530/1432 
f 3429/3542/1433 3428/3541/1434 3435/3550/1435 
f 3435/3550/1435 3436/3551/1436 3429/3542/1433 
f 3428/3541/1434 3431/3544/1437 3437/3552/1438 
f 3437/3552/1438 3435/3550/1435 3428/3541/1434 
f 3431/3544/1437 3432/3546/1439 3438/3553/1440 
f 3438/3553/1440 3437/3552/1438 3431/3544/1437 
f 3432/3546/1439 3433/3548/1441 3439/3554/1442 
f 3439/3554/1442 3438/3553/1440 3432/3546/1439 
f 3440/3555/1443 3441/3556/1444 3442/3557/1445 
f 3442/3557/1445 3419/3532/1446 3440/3555/1443 
f 3426/3558/1373 3443/3559/1374 3380/3476/1374 
f 3380/3476/1374 3379/3475/1373 3426/3558/1373 
f 3429/3542/1429 3444/3560/1429 3443/3561/1429 
f 3443/3561/1429 3426/3539/1429 3429/3542/1429 
f 3445/3562/1447 3444/3560/1448 3429/3542/1433 
f 3429/3542/1433 3436/3551/1436 3445/3562/1447 
f 3446/3563/1377 3447/3564/1378 3386/3483/1378 
f 3386/3483/1378 3385/3482/1377 3446/3563/1377 
f 3448/3565/1379 3446/3563/1377 3385/3482/1377 
f 3385/3482/1377 3389/3486/1379 3448/3565/1379 
f 3449/3566/1430 3450/3567/1429 3418/3531/1427 
f 3451/3568/1380 3452/3569/1381 3394/3491/1381 
f 3394/3491/1381 3393/3490/1380 3451/3568/1380 
f 3453/3570/1429 3425/3538/1429 3424/3537/1429 
f 3424/3537/1429 3454/3571/1429 3453/3570/1429 
f 3448/3572/1429 3455/3573/1429 3456/3574/1429 
f 3456/3574/1429 3446/3575/1429 3448/3572/1429 
f 3446/3575/1429 3456/3574/1429 3457/3576/1429 
f 3457/3576/1429 3447/3577/1429 3446/3575/1429 
f 3447/3577/1429 3457/3576/1429 3458/3578/1429 
f 3458/3578/1429 3451/3579/1429 3447/3577/1429 
f 3451/3579/1429 3458/3578/1429 3459/3580/1430 
f 3459/3580/1430 3452/3581/1429 3451/3579/1429 
f 3452/3581/1429 3459/3580/1430 3453/3570/1429 
f 3453/3570/1429 3454/3571/1429 3452/3581/1429 
f 3449/3566/1449 3418/3531/1432 3425/3538/1432 
f 3425/3538/1432 3453/3570/1449 3449/3566/1449 
f 3455/3573/1450 3460/3582/1451 3461/3583/1452 
f 3461/3583/1452 3456/3574/1453 3455/3573/1450 
f 3456/3574/1453 3461/3583/1452 3462/3584/1454 
f 3462/3584/1454 3457/3576/1455 3456/3574/1453 
f 3457/3576/1455 3462/3584/1454 3463/3585/1456 
f 3463/3585/1456 3458/3578/1457 3457/3576/1455 
f 3458/3578/1457 3463/3585/1456 3450/3567/1458 
f 3450/3567/1458 3459/3580/1459 3458/3578/1457 
f 3459/3580/1459 3450/3567/1458 3449/3566/1460 
f 3449/3566/1460 3453/3570/1460 3459/3580/1459 
f 3452/3569/1381 3454/3586/1393 3407/3509/1393 
f 3407/3509/1393 3394/3491/1381 3452/3569/1381 
f 3447/3564/1378 3451/3568/1380 3393/3490/1380 
f 3393/3490/1380 3386/3483/1378 3447/3564/1378 
f 3455/3573/1429 3448/3572/1429 3443/3561/1429 
f 3443/3561/1429 3444/3560/1429 3455/3573/1429 
f 3445/3562/1447 3460/3582/1451 3455/3573/1450 
f 3455/3573/1450 3444/3560/1448 3445/3562/1447 
f 3417/3530/1461 3464/3587/1462 3434/3549/1463 
f 3434/3549/1463 3422/3535/1464 3417/3530/1461 
f 3445/3562/1465 3440/3555/1466 3418/3531/1427 
f 3433/3548/1467 3465/3588/1468 3466/3589/1469 
f 3466/3589/1469 3439/3554/1470 3433/3548/1467 
f 3464/3587/1471 3467/3590/1472 3468/3591/1473 
f 3468/3591/1473 3434/3549/1474 3464/3587/1471 
f 3434/3549/1431 3468/3591/1475 3465/3588/1475 
f 3465/3588/1475 3433/3548/1431 3434/3549/1431 
f 3440/3555/1466 3419/3532/1428 3418/3531/1427 
f 3445/3562/1465 3436/3551/1430 3435/3550/1430 
f 3435/3550/1430 3437/3552/1429 3438/3553/1476 
f 3445/3562/1465 3435/3550/1430 3438/3553/1476 
f 3440/3555/1466 3445/3562/1465 3438/3553/1476 
f 3438/3553/1476 3439/3554/1477 3466/3589/1478 
f 3466/3589/1478 3440/3555/1466 3438/3553/1476 
f 3467/3590/1479 3464/3587/1480 3417/3530/1426 
f 3417/3530/1426 3419/3532/1428 3467/3590/1479 
f 3441/3556/1481 3440/3555/1482 3466/3589/1483 
f 3466/3589/1483 3465/3588/1484 3441/3556/1481 
f 3419/3532/1446 3442/3557/1445 3468/3591/1485 
f 3468/3591/1485 3467/3590/1486 3419/3532/1446 
f 3465/3588/1475 3468/3591/1475 3442/3557/1487 
f 3442/3557/1487 3441/3556/1475 3465/3588/1475 
f 3469/3592/1488 3470/3593/1488 3471/3594/1488 
f 3471/3594/1488 3472/3595/1488 3469/3592/1488 
f 3473/3596/1489 3474/3597/1489 3475/3598/1489 
f 3475/3598/1489 3476/3599/1489 3473/3596/1489 
f 3477/3600/1490 3478/3601/1490 3479/3602/1490 
f 3479/3602/1490 3480/3603/1490 3477/3600/1490 
f 3481/3604/1491 3482/3605/1491 3483/3606/1491 
f 3483/3606/1491 3484/3607/1491 3481/3604/1491 
f 3485/3608/1487 3486/3609/1487 3487/3610/1487 
f 3487/3610/1487 3488/3611/1487 3485/3608/1487 
f 3477/3600/1492 3469/3612/1492 3488/3611/1492 
f 3485/3608/1493 3472/3613/1493 3484/3607/1493 
f 3478/3614/1494 3487/3610/1494 3473/3596/1494 
f 3486/3609/1495 3483/3606/1495 3474/3615/1495 
f 3469/3592/1496 3472/3595/1496 3485/3608/1496 
f 3485/3608/1496 3488/3611/1496 3469/3592/1496 
f 3472/3613/1497 3471/3616/1497 3481/3604/1497 
f 3481/3604/1497 3484/3607/1497 3472/3613/1497 
f 3470/3617/1498 3469/3612/1498 3477/3600/1498 
f 3477/3600/1498 3480/3603/1498 3470/3617/1498 
f 3473/3596/1499 3476/3599/1499 3479/3618/1499 
f 3479/3618/1499 3478/3614/1499 3473/3596/1499 
f 3475/3619/1500 3474/3615/1500 3483/3606/1500 
f 3483/3606/1500 3482/3605/1500 3475/3619/1500 
f 3474/3597/1501 3473/3596/1501 3487/3610/1501 
f 3487/3610/1501 3486/3609/1501 3474/3597/1501 
f 3478/3601/1502 3477/3600/1502 3488/3611/1502 
f 3488/3611/1502 3487/3610/1502 3478/3601/1502 
f 3484/3607/1503 3483/3606/1503 3486/3609/1503 
f 3486/3609/1503 3485/3608/1503 3484/3607/1503 
f 3489/3620/1504 3490/3621/1505 3491/3622/1506 
f 3491/3622/1506 3492/3623/1507 3489/3620/1504 
f 3492/3623/1507 3491/3622/1506 3493/3624/1508 
f 3493/3624/1508 3494/3625/1509 3492/3623/1507 
f 3494/3626/1509 3493/3627/1508 3495/3628/1510 
f 3495/3628/1510 3496/3629/1511 3494/3626/1509 
f 3496/3629/1511 3495/3628/1510 3490/3621/1505 
f 3490/3621/1505 3489/3620/1504 3496/3629/1511 
f 3490/3621/1505 3497/3630/1512 3498/3631/1513 
f 3498/3631/1513 3491/3622/1506 3490/3621/1505 
f 3491/3622/1506 3498/3631/1513 3499/3632/1514 
f 3499/3632/1514 3493/3624/1508 3491/3622/1506 
f 3493/3627/1508 3499/3633/1514 3500/3634/1515 
f 3500/3634/1515 3495/3628/1510 3493/3627/1508 
f 3495/3628/1510 3500/3634/1515 3497/3630/1512 
f 3497/3630/1512 3490/3621/1505 3495/3628/1510 
f 3497/3630/1512 3501/3635/1516 3502/3636/1517 
f 3502/3636/1517 3498/3631/1513 3497/3630/1512 
f 3498/3631/1513 3502/3636/1517 3503/3637/1518 
f 3503/3637/1518 3499/3632/1514 3498/3631/1513 
f 3499/3633/1514 3503/3638/1518 3504/3639/1519 
f 3504/3639/1519 3500/3634/1515 3499/3633/1514 
f 3500/3634/1515 3504/3639/1519 3501/3635/1516 
f 3501/3635/1516 3497/3630/1512 3500/3634/1515 
f 3501/3635/1516 3505/3640/1520 3506/3641/1521 
f 3506/3641/1521 3502/3636/1517 3501/3635/1516 
f 3502/3636/1517 3506/3641/1521 3507/3642/1522 
f 3507/3642/1522 3503/3637/1518 3502/3636/1517 
f 3503/3638/1518 3507/3643/1522 3508/3644/1523 
f 3508/3644/1523 3504/3639/1519 3503/3638/1518 
f 3504/3639/1519 3508/3644/1523 3505/3640/1520 
f 3505/3640/1520 3501/3635/1516 3504/3639/1519 
f 3505/3640/1520 3509/3645/1524 3510/3646/1525 
f 3510/3646/1525 3506/3641/1521 3505/3640/1520 
f 3506/3641/1521 3510/3646/1525 3511/3647/1526 
f 3511/3647/1526 3507/3642/1522 3506/3641/1521 
f 3507/3643/1522 3511/3648/1526 3512/3649/1527 
f 3512/3649/1527 3508/3644/1523 3507/3643/1522 
f 3508/3644/1523 3512/3649/1527 3509/3645/1524 
f 3509/3645/1524 3505/3640/1520 3508/3644/1523 
f 3509/3645/1524 3513/3650/1528 3514/3651/1529 
f 3514/3651/1529 3510/3646/1525 3509/3645/1524 
f 3510/3646/1525 3514/3651/1529 3515/3652/1530 
f 3515/3652/1530 3511/3647/1526 3510/3646/1525 
f 3511/3648/1526 3515/3653/1530 3516/3654/1531 
f 3516/3654/1531 3512/3649/1527 3511/3648/1526 
f 3512/3649/1527 3516/3654/1531 3513/3650/1528 
f 3513/3650/1528 3509/3645/1524 3512/3649/1527 
f 3513/3655/1528 3489/3620/1504 3492/3623/1507 
f 3492/3623/1507 3514/3656/1529 3513/3655/1528 
f 3514/3656/1529 3492/3623/1507 3494/3625/1509 
f 3494/3625/1509 3515/3657/1530 3514/3656/1529 
f 3515/3658/1530 3494/3626/1509 3496/3629/1511 
f 3496/3629/1511 3516/3659/1531 3515/3658/1530 
f 3516/3659/1531 3496/3629/1511 3489/3620/1504 
f 3489/3620/1504 3513/3655/1528 3516/3659/1531 
f 3418/3531/1427 3450/3567/1429 3445/3562/1465 
f 3450/3567/1429 3463/3585/1429 3462/3584/1429 
f 3462/3584/1429 3461/3583/1430 3460/3582/1430 
f 3450/3567/1429 3462/3584/1429 3460/3582/1430 
f 3445/3562/1465 3450/3567/1429 3460/3582/1430 
f 3427/3660/1420 3414/3519/1420 3413/3518/1421 
f 3413/3518/1421 3430/3661/1421 3427/3660/1420 
f 3426/3558/1422 3379/3475/1422 3414/3519/1420 
f 3414/3519/1420 3427/3660/1420 3426/3558/1422 
f 3420/3533/1351 3354/3447/1351 3415/3521/1423 
f 3415/3521/1423 3423/3662/1423 3420/3533/1351 
f 3430/3661/1421 3413/3518/1421 3355/3448/1352 
f 3355/3448/1352 3421/3534/1352 3430/3661/1421 
f 3423/3663/1424 3415/3525/1424 3416/3524/1424 
f 3416/3524/1424 3424/3664/1424 3423/3663/1424 
f 3424/3664/1424 3416/3524/1424 3407/3527/1424 
f 3407/3527/1424 3454/3665/1424 3424/3664/1424 
f 3448/3565/1425 3389/3486/1425 3380/3529/1374 
f 3380/3529/1374 3443/3666/1374 3448/3565/1425 
f 3517/3667/1532 3518/3668/1532 3519/3669/1532 
f 3519/3669/1532 3520/3670/1532 3517/3667/1532 
f 3521/3671/1533 3522/3672/1533 3523/3673/1533 
f 3523/3673/1533 3524/3674/1533 3521/3671/1533 
f 3525/3675/1534 3526/3676/1534 3527/3677/1534 
f 3527/3677/1534 3528/3678/1534 3525/3675/1534 
f 3529/3679/1535 3530/3680/1535 3531/3681/1535 
f 3531/3681/1535 3532/3682/1535 3529/3679/1535 
f 3533/3683/1536 3534/3684/1536 3535/3685/1536 
f 3535/3685/1536 3536/3686/1536 3533/3683/1536 
f 3525/3675/1537 3534/3684/1537 3517/3687/1537 
f 3533/3683/1538 3530/3680/1538 3518/3688/1538 
f 3528/3689/1539 3521/3671/1539 3535/3685/1539 
f 3536/3686/1540 3524/3690/1540 3531/3681/1540 
f 3517/3667/1541 3534/3684/1541 3533/3683/1541 
f 3533/3683/1541 3518/3668/1541 3517/3667/1541 
f 3518/3688/1542 3530/3680/1542 3529/3679/1542 
f 3529/3679/1542 3519/3691/1542 3518/3688/1542 
f 3520/3692/1543 3526/3676/1543 3525/3675/1543 
f 3525/3675/1543 3517/3687/1543 3520/3692/1543 
f 3521/3671/1544 3528/3689/1544 3527/3693/1544 
f 3527/3693/1544 3522/3672/1544 3521/3671/1544 
f 3523/3694/1545 3532/3682/1545 3531/3681/1545 
f 3531/3681/1545 3524/3690/1545 3523/3694/1545 
f 3524/3674/1546 3536/3686/1546 3535/3685/1546 
f 3535/3685/1546 3521/3671/1546 3524/3674/1546 
f 3528/3678/1547 3535/3685/1547 3534/3684/1547 
f 3534/3684/1547 3525/3675/1547 3528/3678/1547 
f 3530/3680/1548 3533/3683/1548 3536/3686/1548 
f 3536/3686/1548 3531/3681/1548 3530/3680/1548 
f 3537/3695/1549 3538/3696/1550 3539/3697/1551 
f 3539/3697/1551 3540/3698/1552 3537/3695/1549 
f 3538/3696/1550 3541/3699/1553 3542/3700/1554 
f 3542/3700/1554 3539/3697/1551 3538/3696/1550 
f 3541/3701/1553 3543/3702/1555 3544/3703/1556 
f 3544/3703/1556 3542/3704/1554 3541/3701/1553 
f 3543/3702/1555 3537/3695/1549 3540/3698/1552 
f 3540/3698/1552 3544/3703/1556 3543/3702/1555 
f 3540/3698/1552 3539/3697/1551 3545/3705/1557 
f 3545/3705/1557 3546/3706/1374 3540/3698/1552 
f 3539/3697/1551 3542/3700/1554 3547/3707/1424 
f 3547/3707/1424 3545/3705/1557 3539/3697/1551 
f 3542/3704/1554 3544/3703/1556 3548/3708/1558 
f 3548/3708/1558 3547/3709/1424 3542/3704/1554 
f 3544/3703/1556 3540/3698/1552 3546/3706/1374 
f 3546/3706/1374 3548/3708/1558 3544/3703/1556 
f 3546/3706/1374 3545/3705/1557 3549/3710/1559 
f 3549/3710/1559 3550/3711/1560 3546/3706/1374 
f 3545/3705/1557 3547/3707/1424 3551/3712/1561 
f 3551/3712/1561 3549/3710/1559 3545/3705/1557 
f 3547/3709/1424 3548/3708/1558 3552/3713/1562 
f 3552/3713/1562 3551/3714/1561 3547/3709/1424 
f 3548/3708/1558 3546/3706/1374 3550/3711/1560 
f 3550/3711/1560 3552/3713/1562 3548/3708/1558 
f 3550/3711/1560 3549/3710/1559 3553/3715/1563 
f 3553/3715/1563 3554/3716/1564 3550/3711/1560 
f 3549/3710/1559 3551/3712/1561 3555/3717/1565 
f 3555/3717/1565 3553/3715/1563 3549/3710/1559 
f 3551/3714/1561 3552/3713/1562 3556/3718/1566 
f 3556/3718/1566 3555/3719/1565 3551/3714/1561 
f 3552/3713/1562 3550/3711/1560 3554/3716/1564 
f 3554/3716/1564 3556/3718/1566 3552/3713/1562 
f 3554/3716/1564 3553/3715/1563 3557/3720/1567 
f 3557/3720/1567 3558/3721/1568 3554/3716/1564 
f 3553/3715/1563 3555/3717/1565 3559/3722/1569 
f 3559/3722/1569 3557/3720/1567 3553/3715/1563 
f 3555/3719/1565 3556/3718/1566 3560/3723/1570 
f 3560/3723/1570 3559/3724/1569 3555/3719/1565 
f 3556/3718/1566 3554/3716/1564 3558/3721/1568 
f 3558/3721/1568 3560/3723/1570 3556/3718/1566 
f 3558/3721/1568 3557/3720/1567 3561/3725/1571 
f 3561/3725/1571 3562/3726/1572 3558/3721/1568 
f 3557/3720/1567 3559/3722/1569 3563/3727/1573 
f 3563/3727/1573 3561/3725/1571 3557/3720/1567 
f 3559/3724/1569 3560/3723/1570 3564/3728/1574 
f 3564/3728/1574 3563/3729/1573 3559/3724/1569 
f 3560/3723/1570 3558/3721/1568 3562/3726/1572 
f 3562/3726/1572 3564/3728/1574 3560/3723/1570 
f 3562/3730/1572 3561/3731/1571 3538/3696/1550 
f 3538/3696/1550 3537/3695/1549 3562/3730/1572 
f 3561/3731/1571 3563/3732/1573 3541/3699/1553 
f 3541/3699/1553 3538/3696/1550 3561/3731/1571 
f 3563/3733/1573 3564/3734/1574 3543/3702/1555 
f 3543/3702/1555 3541/3701/1553 3563/3733/1573 
f 3564/3734/1574 3562/3730/1572 3537/3695/1549 
f 3537/3695/1549 3543/3702/1555 3564/3734/1574 
# 0 polygons - 404 triangles

#
# object stones
#

v  -29.2368 40.8222 8.4078
v  -36.7363 41.9128 8.4078
v  -37.0041 40.7706 6.8651
v  -27.7329 40.0443 6.8651
v  -28.5371 48.8186 8.4078
v  -26.9062 49.4919 6.8651
v  -36.1777 50.2182 6.8651
v  -36.1120 49.0468 8.4078
v  -28.2991 41.6092 8.4078
v  -26.7949 40.8312 6.8651
v  -26.1191 48.5540 6.8651
v  -27.7500 47.8807 8.4078
v  -37.7912 41.7085 6.8651
v  -37.1155 49.4312 6.8651
v  -32.4585 44.9174 10.7204
v  -27.8955 40.8312 3.8949
v  -27.2197 48.5540 3.8949
v  -28.8332 40.0443 3.8949
v  -28.0068 49.4919 3.8949
v  -28.6777 4.6240 10.2590
v  -35.9087 4.5842 8.6531
v  -35.9287 3.3056 7.3604
v  -26.8164 3.9643 9.0982
v  -28.6057 12.2090 9.6918
v  -27.2566 13.4031 8.2885
v  -36.3689 12.7444 6.5507
v  -36.2412 11.7115 8.0417
v  -27.8694 5.5392 10.3475
v  -26.0078 4.8794 9.1868
v  -26.3677 12.5950 8.5249
v  -36.8176 4.1137 7.1241
v  -37.1770 11.8293 6.4622
v  -32.8264 8.3706 11.6926
v  -26.5080 4.4934 6.0829
v  -26.8677 12.2090 5.4209
v  -27.3166 3.5783 5.9943
v  -27.7566 13.0171 5.1845
v  40.1199 41.9128 8.7593
v  32.7344 40.8222 10.0616
v  40.1160 40.7706 7.1935
v  30.9851 40.0443 8.8034
v  30.1712 49.4919 8.9469
v  32.0454 48.8186 10.1829
v  39.3020 50.2182 7.3370
v  39.5051 49.0468 8.8677
v  30.0615 40.8312 8.9662
v  31.8108 41.6091 10.2243
v  29.3963 48.5540 9.0835
v  31.2703 47.8807 10.3197
v  40.8911 41.7084 7.0568
v  40.2254 49.4312 7.1741
v  36.3089 44.9174 11.7794
v  30.6299 40.8312 5.8500
v  29.9644 48.5540 5.9674
v  31.5535 40.0443 5.6873
v  30.7393 49.4919 5.8307
v  39.4441 4.8460 10.5357
v  32.4383 4.4132 10.4156
v  40.1719 3.6848 8.8730
v  30.8723 3.7693 8.8729
v  30.8723 13.2530 8.8729
v  32.0056 12.0073 10.4156
v  40.1719 13.1685 8.8730
v  39.4441 12.0073 10.5357
v  30.0066 4.6350 8.8729
v  31.5725 5.2789 10.4156
v  30.0066 12.3873 8.8729
v  41.0376 4.5505 8.8730
v  41.0376 12.3028 8.8730
v  36.0049 8.2120 12.8962
v  31.1033 4.5391 5.9028
v  31.1033 12.2914 5.9028
v  31.9688 3.6734 5.9028
v  31.9688 13.1571 5.9028
v  32.7925 40.8222 -11.3237
v  40.2923 41.9128 -13.3693
v  40.5601 40.7706 -11.8266
v  31.2888 40.0443 -7.3591
v  32.0930 48.8186 -11.2218
v  30.4619 49.4919 -7.3592
v  39.7337 50.2182 -11.8266
v  39.6680 49.0468 -13.3693
v  31.8550 41.6091 -11.3237
v  30.3509 40.8312 -7.3592
v  29.6751 48.5540 -7.3592
v  31.3059 47.8807 -10.9664
v  41.3472 41.7084 -11.8266
v  40.6714 49.4312 -11.8266
v  36.0144 44.9174 -13.6361
v  31.8474 4.4132 -10.8118
v  38.9654 4.8460 -11.5031
v  39.6807 3.6848 -9.9031
v  30.4119 3.7693 -9.1470
v  31.0022 12.0073 -10.7430
v  30.4119 13.2530 -9.1470
v  39.6807 13.1685 -9.9031
v  38.9654 12.0073 -11.5031
v  30.5706 5.2789 -10.7078
v  29.5491 4.6350 -9.0766
v  29.5491 12.3873 -9.0766
v  40.5435 4.5505 -9.9735
v  40.5435 12.3028 -9.9735
v  35.2005 8.2120 -13.5742
v  -37.4492 41.9128 -13.3695
v  -29.9499 40.8222 -13.3694
v  -37.7173 40.7706 -11.8267
v  -28.4458 40.0443 -11.8267
v  -27.6194 49.4919 -11.8267
v  -29.2502 48.8186 -13.3694
v  -36.8906 50.2182 -11.8267
v  -36.8252 49.0468 -13.3695
v  -27.5078 40.8312 -11.8267
v  -29.0119 41.6092 -13.3694
v  -26.8323 48.5540 -11.8267
v  -28.4631 47.8807 -13.3694
v  -38.5041 41.7085 -11.8267
v  -37.8286 49.4312 -11.8267
v  -33.1716 44.9174 -15.6821
v  -28.6084 40.8312 -8.8566
v  -27.9331 48.5540 -8.8566
v  -29.5466 40.0443 -8.8566
v  -28.7200 49.4919 -8.8566
v  -36.2463 4.8460 -13.4930
v  -29.0942 4.4132 -11.0525
v  -36.8279 3.6848 -12.0378
v  -29.4465 3.7519 -9.5098
v  -27.5283 3.7693 -9.5098
v  -27.5283 13.2530 -8.7700
v  -28.1623 12.0073 -10.9195
v  -30.0864 13.2298 -9.5098
v  -36.8279 13.1685 -12.0378
v  -36.2463 12.0073 -13.4930
v  -26.6626 4.6350 -9.5098
v  -27.7295 5.2789 -10.9195
v  -26.6626 12.3873 -8.7700
v  -37.6936 4.5505 -12.0378
v  -37.6936 12.3028 -12.0378
v  -32.6609 8.2121 -14.6419
# 138 vertices

vn -0.6077 -0.7888 -0.0917
vn -0.3896 -0.9164 -0.0917
vn -0.4564 0.8814 0.1215
vn -0.6066 0.7950 -0.0000
vn -0.7208 -0.0613 0.6905
vn -0.5987 0.0773 -0.7972
vn -0.5141 -0.5429 -0.6641
vn -0.6971 -0.5236 0.4897
vn -0.7434 0.4373 0.5060
vn -0.5193 0.6542 -0.5499
vn -0.8419 -0.5319 -0.0910
vn -0.8948 -0.3035 0.3275
vn -0.8770 -0.0397 0.4789
vn -0.9287 0.2487 0.2752
vn -0.8678 0.4969 -0.0000
vn -0.8841 0.0441 -0.4653
vn 0.3410 -0.0796 0.9367
vn 0.2460 -0.7796 0.5760
vn 0.2638 0.5931 0.7607
vn -0.6581 -0.7473 -0.0913
vn -0.3902 -0.9207 -0.0000
vn -0.6238 0.7816 -0.0000
vn -0.6508 0.7592 -0.0000
vn -0.7116 0.0000 0.7026
vn -0.7759 0.0383 0.6297
vn -0.6423 0.0000 -0.7665
vn -0.5997 -0.5393 -0.5912
vn -0.7196 -0.5027 0.4791
vn -0.7113 0.4609 0.5307
vn -0.6077 0.5502 -0.5727
vn -0.8092 -0.5750 -0.1208
vn -0.9026 -0.3036 0.3053
vn -0.8700 0.0326 0.4919
vn -0.8268 0.5625 -0.0000
vn -0.8001 0.0000 -0.5999
vn 0.3265 0.0000 0.9452
vn 0.3511 0.0000 0.9363
vn 0.2296 -0.6890 0.6874
vn 0.2710 0.6698 0.6913
vn -0.6004 -0.7943 0.0924
vn -0.3884 -0.9134 0.1216
vn -0.4639 0.8812 -0.0913
vn -0.6018 0.7987 -0.0000
vn -0.7084 -0.0610 -0.7032
vn -0.5798 0.0760 0.8112
vn -0.5213 -0.5545 0.6487
vn -0.6973 -0.5308 -0.4816
vn -0.7466 0.4426 -0.4968
vn -0.5022 0.6324 0.5898
vn -0.8397 -0.5353 0.0916
vn -0.9026 -0.3073 -0.3015
vn -0.8761 -0.0398 -0.4804
vn -0.9287 0.2487 -0.2752
vn -0.8668 0.4986 -0.0000
vn -0.8697 0.0438 0.4917
vn 0.3312 -0.0787 -0.9403
vn 0.2361 -0.7668 -0.5969
vn 0.2615 0.6008 -0.7554
vn -0.5850 -0.8110 -0.0000
vn -0.3901 -0.9208 -0.0000
vn -0.6262 0.7797 -0.0000
vn -0.5722 0.8201 -0.0000
vn -0.7403 0.0000 -0.6723
vn -0.8215 0.0401 -0.5688
vn -0.7137 0.0000 0.7005
vn -0.6269 -0.5514 0.5504
vn -0.7219 -0.5084 -0.4695
vn -0.7406 0.4848 -0.4653
vn -0.6269 0.5513 0.5505
vn -0.8276 -0.5613 -0.0000
vn -0.9016 -0.3055 -0.3062
vn -0.8691 0.0325 -0.4935
vn -0.8428 0.5382 -0.0000
vn -0.8321 0.0000 0.5547
vn 0.3318 0.0000 -0.9434
vn 0.2296 -0.6890 -0.6874
vn 0.2684 0.6780 -0.6843
vn 0.4124 -0.8929 0.1808
vn 0.7120 -0.4231 0.5603
vn 0.5752 -0.8128 0.0920
vn 0.3896 -0.9164 0.0917
vn 0.4748 0.8753 -0.0915
vn 0.4579 0.8843 -0.0916
vn 0.5848 0.8112 -0.0000
vn 0.7136 0.5213 0.4679
vn 0.7062 -0.0599 -0.7054
vn 0.6021 0.0789 0.7945
vn 0.7122 -0.4228 0.5604
vn 0.5113 -0.5439 0.6654
vn 0.7036 -0.5262 -0.4776
vn 0.7504 0.4396 -0.4936
vn 0.5165 0.6555 0.5510
vn 0.8370 -0.5336 0.1215
vn 0.9033 -0.3063 -0.3005
vn 0.8748 -0.0400 -0.4828
vn 0.9198 0.2478 -0.3041
vn 0.8668 0.4986 -0.0000
vn 0.8828 0.0443 0.4677
vn 0.5850 -0.8110 -0.0000
vn 0.3901 -0.9208 -0.0000
vn 0.6266 0.7794 -0.0000
vn 0.5733 0.8193 -0.0000
vn 0.6007 0.0000 -0.7994
vn 0.7155 0.0440 -0.6972
vn 0.6240 0.0000 0.7814
vn 0.5936 -0.5626 0.5755
vn 0.6229 -0.5366 -0.5693
vn 0.6800 -0.6152 -0.3988
vn 0.6723 0.5268 -0.5201
vn 0.5936 0.5625 0.5755
vn 0.8285 -0.5600 -0.0000
vn 0.9129 -0.3638 -0.1853
vn 0.8618 0.0296 -0.5065
vn 0.8430 0.5379 -0.0000
vn 0.8350 0.0000 0.5503
vn 0.6041 -0.7916 -0.0921
vn 0.3896 -0.9164 -0.0917
vn 0.4564 0.8851 0.0917
vn 0.6030 0.7978 -0.0000
vn 0.7270 -0.0620 0.6838
vn 0.5799 0.0757 -0.8112
vn 0.5113 -0.5440 -0.6654
vn 0.6957 -0.5245 0.4908
vn 0.7535 0.4449 0.4841
vn 0.4994 0.6337 -0.5908
vn 0.8391 -0.5362 -0.0917
vn 0.9100 -0.3106 0.2747
vn 0.8744 -0.0401 0.4836
vn 0.9271 0.2513 0.2781
vn 0.8664 0.4994 -0.0000
vn 0.8702 0.0437 -0.4908
vn -0.3456 -0.0807 0.9349
vn -0.2361 -0.7668 0.5969
vn -0.2638 0.5931 0.7607
vn 0.6334 -0.7684 -0.0916
vn 0.6599 0.7514 -0.0000
vn 0.6217 0.7832 -0.0000
vn 0.6342 0.0000 0.7731
vn 0.7353 0.0440 0.6763
vn 0.6929 0.0000 -0.7210
vn 0.7228 0.0000 -0.6910
vn 0.6425 -0.5363 -0.5474
vn 0.6784 -0.5583 0.4775
vn 0.7050 -0.5999 0.3781
vn 0.6932 0.5228 0.4961
vn 0.6423 0.5367 -0.5473
vn 0.8174 -0.5760 -0.0000
vn 0.9066 -0.3188 0.2766
vn 0.8719 0.0313 0.4886
vn 0.8241 0.5664 -0.0000
vn 0.8126 0.0000 -0.5829
# 151 vertex normals

vt 0.0718 0.8840 0.0000
vt 0.0779 0.8531 0.0000
vt 0.0867 0.8546 0.0000
vt 0.0758 0.8935 0.0000
vt 0.0412 0.8819 0.0000
vt 0.0344 0.8902 0.0000
vt 0.0330 0.8484 0.0000
vt 0.0422 0.8490 0.0000
vt 0.0681 0.8869 0.0000
vt 0.0705 0.8953 0.0000
vt 0.0385 0.8949 0.0000
vt 0.0445 0.8856 0.0000
vt 0.0805 0.8440 0.0000
vt 0.0418 0.8395 0.0000
vt 0.0857 0.8472 0.0000
vt 0.0359 0.8415 0.0000
vt 0.0589 0.8688 0.0000
vt 0.0746 0.9093 0.0000
vt 0.0390 0.9095 0.0000
vt 0.0814 0.9089 0.0000
vt 0.0330 0.8964 0.0000
vt 0.0335 0.9109 0.0000
vt 0.1288 0.7568 0.0000
vt 0.1347 0.7246 0.0000
vt 0.1435 0.7249 0.0000
vt 0.1334 0.7667 0.0000
vt 0.0975 0.7578 0.0000
vt 0.0888 0.7649 0.0000
vt 0.0876 0.7193 0.0000
vt 0.0967 0.7209 0.0000
vt 0.1249 0.7600 0.0000
vt 0.1278 0.7689 0.0000
vt 0.0934 0.7698 0.0000
vt 0.1372 0.7151 0.0000
vt 0.0960 0.7111 0.0000
vt 0.1425 0.7189 0.0000
vt 0.0901 0.7138 0.0000
vt 0.1148 0.7412 0.0000
vt 0.1328 0.7837 0.0000
vt 0.0945 0.7854 0.0000
vt 0.1401 0.7830 0.0000
vt 0.0876 0.7715 0.0000
vt 0.0888 0.7871 0.0000
vt 0.0287 0.6840 0.0000
vt 0.0252 0.7155 0.0000
vt 0.0191 0.6793 0.0000
vt 0.0179 0.7259 0.0000
vt 0.0629 0.7284 0.0000
vt 0.0578 0.7181 0.0000
vt 0.0700 0.6848 0.0000
vt 0.0603 0.6869 0.0000
vt 0.0244 0.7290 0.0000
vt 0.0287 0.7195 0.0000
vt 0.0572 0.7306 0.0000
vt 0.0535 0.7212 0.0000
vt 0.0254 0.6741 0.0000
vt 0.0654 0.6788 0.0000
vt 0.0422 0.7022 0.0000
vt 0.0180 0.7469 0.0000
vt 0.0615 0.7454 0.0000
vt 0.0090 0.7458 0.0000
vt 0.0681 0.7449 0.0000
vt 0.1607 0.7630 0.0000
vt 0.1625 0.7933 0.0000
vt 0.1507 0.7608 0.0000
vt 0.1568 0.8030 0.0000
vt 0.2046 0.8056 0.0000
vt 0.1950 0.7995 0.0000
vt 0.2067 0.7595 0.0000
vt 0.1964 0.7626 0.0000
vt 0.1623 0.8057 0.0000
vt 0.1661 0.7968 0.0000
vt 0.1925 0.8104 0.0000
vt 0.1591 0.7515 0.0000
vt 0.1978 0.7511 0.0000
vt 0.1539 0.7547 0.0000
vt 0.1978 0.8102 0.0000
vt 0.2031 0.7541 0.0000
vt 0.1781 0.7793 0.0000
vt 0.1559 0.8207 0.0000
vt 0.1934 0.8242 0.0000
vt 0.1484 0.8193 0.0000
vt 0.1991 0.8250 0.0000
vt 0.1403 0.8960 0.0000
vt 0.1443 0.8605 0.0000
vt 0.1543 0.8613 0.0000
vt 0.1459 0.9067 0.0000
vt 0.1038 0.8990 0.0000
vt 0.0945 0.9074 0.0000
vt 0.0945 0.8577 0.0000
vt 0.1048 0.8585 0.0000
vt 0.1363 0.8996 0.0000
vt 0.1398 0.9093 0.0000
vt 0.1077 0.9118 0.0000
vt 0.1095 0.9021 0.0000
vt 0.1464 0.8504 0.0000
vt 0.1037 0.8482 0.0000
vt 0.1524 0.8536 0.0000
vt 0.1022 0.9109 0.0000
vt 0.0974 0.8508 0.0000
vt 0.1239 0.8797 0.0000
vt 0.2089 0.8786 0.0000
vt 0.2128 0.8463 0.0000
vt 0.2232 0.8453 0.0000
vt 0.2143 0.8891 0.0000
vt 0.1743 0.8848 0.0000
vt 0.1640 0.8884 0.0000
vt 0.1649 0.8403 0.0000
vt 0.1753 0.8434 0.0000
vt 0.2047 0.8834 0.0000
vt 0.2082 0.8917 0.0000
vt 0.1758 0.8952 0.0000
vt 0.2153 0.8349 0.0000
vt 0.1747 0.8318 0.0000
vt 0.2206 0.8385 0.0000
vt 0.1700 0.8948 0.0000
vt 0.1688 0.8345 0.0000
vt 0.1935 0.8629 0.0000
vt 0.2734 0.9022 0.0000
vt 0.2699 0.8707 0.0000
vt 0.2824 0.9015 0.0000
vt 0.2749 0.8611 0.0000
vt 0.2292 0.8605 0.0000
vt 0.2374 0.8680 0.0000
vt 0.2292 0.9047 0.0000
vt 0.2384 0.9039 0.0000
vt 0.2695 0.8589 0.0000
vt 0.2663 0.8674 0.0000
vt 0.2409 0.8566 0.0000
vt 0.2425 0.8653 0.0000
vt 0.2753 0.9112 0.0000
vt 0.2374 0.9131 0.0000
vt 0.2806 0.9084 0.0000
vt 0.2361 0.8574 0.0000
vt 0.2318 0.9108 0.0000
vt 0.2553 0.8851 0.0000
vt 0.2746 0.8442 0.0000
vt 0.2388 0.8439 0.0000
vt 0.2818 0.8450 0.0000
vt 0.2334 0.8437 0.0000
vt 0.0689 0.8143 0.0000
vt 0.0642 0.7791 0.0000
vt 0.0796 0.8159 0.0000
vt 0.0729 0.7769 0.0000
vt 0.0664 0.7702 0.0000
vt 0.0305 0.7617 0.0000
vt 0.0314 0.7705 0.0000
vt 0.0194 0.7634 0.0000
vt 0.0204 0.7799 0.0000
vt 0.0175 0.8163 0.0000
vt 0.0278 0.8140 0.0000
vt 0.0623 0.7677 0.0000
vt 0.0596 0.7743 0.0000
vt 0.0349 0.7621 0.0000
vt 0.0705 0.8261 0.0000
vt 0.0260 0.8258 0.0000
vt 0.0765 0.8225 0.0000
vt 0.0200 0.8221 0.0000
vt 0.0486 0.7948 0.0000
# 159 texture coords

o stones
g stones
f 3565/3735/1575 3566/3736/1575 3567/3737/1575 
f 3567/3737/1576 3568/3738/1576 3565/3735/1576 
f 3569/3739/1577 3570/3740/1577 3571/3741/1577 
f 3571/3741/1578 3572/3742/1578 3569/3739/1578 
f 3573/3743/1579 3574/3744/1579 3575/3745/1579 
f 3575/3745/1579 3576/3746/1579 3573/3743/1579 
f 3577/3747/1580 3566/3736/1580 3572/3742/1580 
f 3572/3742/1580 3578/3748/1580 3577/3747/1580 
f 3566/3736/1581 3577/3747/1581 3567/3749/1581 
f 3568/3738/1582 3574/3744/1582 3573/3743/1582 
f 3573/3743/1582 3565/3735/1582 3568/3738/1582 
f 3569/3739/1583 3576/3746/1583 3575/3745/1583 
f 3575/3745/1583 3570/3740/1583 3569/3739/1583 
f 3571/3750/1584 3578/3748/1584 3572/3742/1584 
f 3566/3736/1585 3565/3735/1585 3579/3751/1585 
f 3565/3735/1586 3573/3743/1586 3579/3751/1586 
f 3573/3743/1587 3576/3746/1587 3579/3751/1587 
f 3576/3746/1588 3569/3739/1588 3579/3751/1588 
f 3569/3739/1589 3572/3742/1589 3579/3751/1589 
f 3572/3742/1590 3566/3736/1590 3579/3751/1590 
f 3575/3745/1591 3574/3744/1591 3580/3752/1591 
f 3580/3752/1591 3581/3753/1591 3575/3745/1591 
f 3574/3744/1592 3568/3738/1592 3582/3754/1592 
f 3582/3754/1592 3580/3752/1592 3574/3744/1592 
f 3570/3755/1593 3575/3745/1593 3581/3753/1593 
f 3581/3753/1593 3583/3756/1593 3570/3755/1593 
f 3584/3757/1594 3585/3758/1594 3586/3759/1594 
f 3586/3759/1595 3587/3760/1595 3584/3757/1595 
f 3588/3761/1596 3589/3762/1596 3590/3763/1596 
f 3590/3763/1597 3591/3764/1597 3588/3761/1597 
f 3592/3765/1598 3593/3766/1598 3594/3767/1598 
f 3594/3767/1599 3588/3761/1599 3592/3765/1599 
f 3595/3768/1600 3585/3758/1600 3591/3764/1600 
f 3591/3764/1600 3596/3769/1600 3595/3768/1600 
f 3585/3758/1601 3595/3768/1601 3586/3770/1601 
f 3587/3760/1602 3593/3766/1602 3592/3765/1602 
f 3592/3765/1602 3584/3757/1602 3587/3760/1602 
f 3588/3761/1603 3594/3767/1603 3589/3762/1603 
f 3590/3771/1604 3596/3769/1604 3591/3764/1604 
f 3585/3758/1605 3584/3757/1605 3597/3772/1605 
f 3584/3757/1606 3592/3765/1606 3597/3772/1606 
f 3592/3765/1607 3588/3761/1607 3597/3772/1607 
f 3588/3761/1608 3591/3764/1608 3597/3772/1608 
f 3591/3764/1609 3585/3758/1609 3597/3772/1609 
f 3594/3767/1610 3593/3766/1611 3598/3773/1610 
f 3598/3773/1610 3599/3774/1610 3594/3767/1610 
f 3593/3766/1612 3587/3760/1612 3600/3775/1612 
f 3600/3775/1612 3598/3773/1612 3593/3766/1612 
f 3589/3776/1613 3594/3767/1613 3599/3774/1613 
f 3599/3774/1613 3601/3777/1613 3589/3776/1613 
f 3602/3778/1614 3603/3779/1614 3604/3780/1614 
f 3605/3781/1615 3604/3780/1615 3603/3779/1615 
f 3606/3782/1616 3607/3783/1616 3608/3784/1616 
f 3609/3785/1617 3608/3784/1617 3607/3783/1617 
f 3610/3786/1618 3611/3787/1618 3612/3788/1618 
f 3613/3789/1618 3612/3788/1618 3611/3787/1618 
f 3602/3778/1619 3614/3790/1619 3609/3785/1619 
f 3615/3791/1619 3609/3785/1619 3614/3790/1619 
f 3614/3790/1620 3602/3778/1620 3604/3780/1620 
f 3610/3786/1621 3605/3781/1621 3611/3787/1621 
f 3603/3779/1621 3611/3787/1621 3605/3781/1621 
f 3613/3789/1622 3607/3783/1622 3612/3788/1622 
f 3606/3782/1622 3612/3788/1622 3607/3783/1622 
f 3615/3791/1623 3608/3784/1623 3609/3785/1623 
f 3603/3779/1624 3602/3778/1624 3616/3792/1624 
f 3611/3787/1625 3603/3779/1625 3616/3792/1625 
f 3613/3789/1626 3611/3787/1626 3616/3792/1626 
f 3607/3783/1627 3613/3789/1627 3616/3792/1627 
f 3609/3785/1628 3607/3783/1628 3616/3792/1628 
f 3602/3778/1629 3609/3785/1629 3616/3792/1629 
f 3610/3786/1630 3612/3788/1630 3617/3793/1630 
f 3618/3794/1630 3617/3793/1630 3612/3788/1630 
f 3605/3781/1631 3610/3786/1631 3619/3795/1631 
f 3617/3793/1631 3619/3795/1631 3610/3786/1631 
f 3612/3788/1632 3606/3782/1632 3618/3794/1632 
f 3620/3796/1632 3618/3794/1632 3606/3782/1632 
f 3621/3797/1633 3622/3798/1633 3623/3799/1633 
f 3624/3800/1634 3623/3799/1634 3622/3798/1634 
f 3625/3801/1635 3626/3802/1635 3627/3803/1635 
f 3628/3804/1636 3627/3803/1636 3626/3802/1636 
f 3629/3805/1637 3630/3806/1637 3631/3807/1637 
f 3626/3802/1638 3631/3807/1638 3630/3806/1638 
f 3621/3797/1639 3632/3808/1639 3628/3804/1639 
f 3633/3809/1639 3628/3804/1639 3632/3808/1639 
f 3632/3808/1640 3621/3797/1640 3623/3810/1640 
f 3629/3805/1641 3624/3800/1641 3630/3806/1641 
f 3622/3798/1641 3630/3806/1641 3624/3800/1641 
f 3631/3807/1642 3626/3802/1642 3625/3811/1642 
f 3633/3809/1643 3627/3812/1643 3628/3804/1643 
f 3622/3798/1644 3621/3797/1644 3634/3813/1644 
f 3630/3806/1645 3622/3798/1645 3634/3813/1645 
f 3626/3802/1646 3630/3806/1646 3634/3813/1646 
f 3628/3804/1647 3626/3802/1647 3634/3813/1647 
f 3621/3797/1648 3628/3804/1648 3634/3813/1648 
f 3629/3805/1649 3631/3807/1649 3635/3814/1649 
f 3636/3815/1649 3635/3814/1649 3631/3807/1649 
f 3624/3800/1650 3629/3805/1650 3637/3816/1650 
f 3635/3814/1650 3637/3816/1650 3629/3805/1650 
f 3631/3807/1651 3625/3811/1651 3636/3815/1651 
f 3638/3817/1651 3636/3815/1651 3625/3811/1651 
f 3639/3818/1652 3640/3819/1653 3641/3820/1654 
f 3641/3820/1654 3642/3821/1655 3639/3818/1652 
f 3643/3822/1656 3644/3823/1657 3645/3824/1658 
f 3645/3824/1658 3646/3825/1659 3643/3822/1656 
f 3647/3826/1660 3648/3827/1660 3649/3828/1660 
f 3649/3828/1660 3650/3829/1660 3647/3826/1660 
f 3651/3830/1661 3640/3819/1662 3646/3825/1659 
f 3646/3825/1659 3652/3831/1661 3651/3830/1661 
f 3640/3819/1663 3651/3830/1663 3641/3832/1663 
f 3642/3821/1664 3648/3827/1664 3647/3826/1664 
f 3647/3826/1664 3639/3818/1664 3642/3821/1664 
f 3643/3822/1665 3650/3829/1665 3649/3828/1665 
f 3649/3828/1665 3644/3833/1665 3643/3822/1665 
f 3645/3834/1666 3652/3831/1666 3646/3825/1666 
f 3640/3819/1667 3639/3818/1667 3653/3835/1667 
f 3639/3818/1668 3647/3826/1668 3653/3835/1668 
f 3647/3826/1669 3650/3829/1669 3653/3835/1669 
f 3650/3829/1670 3643/3822/1670 3653/3835/1670 
f 3643/3822/1671 3646/3825/1671 3653/3835/1671 
f 3646/3825/1672 3640/3819/1672 3653/3835/1672 
f 3654/3836/1673 3655/3837/1673 3656/3838/1673 
f 3656/3838/1674 3657/3839/1674 3654/3836/1674 
f 3658/3840/1675 3659/3841/1675 3660/3842/1675 
f 3660/3842/1676 3661/3843/1676 3658/3840/1676 
f 3662/3844/1677 3663/3845/1677 3664/3846/1677 
f 3664/3846/1678 3658/3840/1678 3662/3844/1678 
f 3665/3847/1679 3655/3837/1679 3661/3843/1679 
f 3661/3843/1679 3666/3848/1679 3665/3847/1679 
f 3655/3837/1680 3665/3847/1680 3656/3849/1680 
f 3657/3839/1681 3663/3845/1681 3662/3844/1681 
f 3662/3844/1682 3654/3836/1682 3657/3839/1682 
f 3658/3840/1683 3664/3846/1683 3659/3850/1683 
f 3660/3851/1684 3666/3848/1684 3661/3843/1684 
f 3655/3837/1685 3654/3836/1685 3667/3852/1685 
f 3654/3836/1686 3662/3844/1686 3667/3852/1686 
f 3662/3844/1687 3658/3840/1687 3667/3852/1687 
f 3658/3840/1688 3661/3843/1688 3667/3852/1688 
f 3661/3843/1689 3655/3837/1689 3667/3852/1689 
f 3668/3853/1690 3669/3854/1690 3670/3855/1690 
f 3671/3856/1691 3670/3855/1691 3669/3854/1691 
f 3672/3857/1692 3673/3858/1692 3674/3859/1692 
f 3675/3860/1693 3674/3859/1693 3673/3858/1693 
f 3676/3861/1694 3677/3862/1694 3678/3863/1694 
f 3679/3864/1694 3678/3863/1694 3677/3862/1694 
f 3668/3853/1695 3680/3865/1695 3675/3860/1695 
f 3681/3866/1695 3675/3860/1695 3680/3865/1695 
f 3680/3865/1696 3668/3853/1696 3670/3867/1696 
f 3676/3861/1697 3671/3856/1697 3677/3862/1697 
f 3669/3854/1697 3677/3862/1697 3671/3856/1697 
f 3679/3864/1698 3673/3858/1698 3678/3863/1698 
f 3672/3868/1698 3678/3863/1698 3673/3858/1698 
f 3681/3866/1699 3674/3869/1699 3675/3860/1699 
f 3669/3854/1700 3668/3853/1700 3682/3870/1700 
f 3677/3862/1701 3669/3854/1701 3682/3870/1701 
f 3679/3864/1702 3677/3862/1702 3682/3870/1702 
f 3673/3858/1703 3679/3864/1703 3682/3870/1703 
f 3675/3860/1704 3673/3858/1704 3682/3870/1704 
f 3668/3853/1705 3675/3860/1705 3682/3870/1705 
f 3676/3861/1706 3678/3863/1706 3683/3871/1706 
f 3684/3872/1706 3683/3871/1706 3678/3863/1706 
f 3671/3856/1707 3676/3861/1707 3685/3873/1707 
f 3683/3871/1707 3685/3873/1707 3676/3861/1707 
f 3678/3863/1708 3672/3868/1708 3684/3872/1708 
f 3686/3874/1708 3684/3872/1708 3672/3868/1708 
f 3687/3875/1709 3688/3876/1709 3689/3877/1709 
f 3689/3877/1674 3688/3876/1674 3690/3878/1674 
f 3690/3878/1674 3688/3876/1674 3691/3879/1674 
f 3692/3880/1710 3693/3881/1710 3694/3882/1710 
f 3694/3883/1710 3693/3881/1710 3695/3884/1710 
f 3695/3884/1711 3693/3881/1711 3696/3885/1711 
f 3697/3886/1712 3698/3887/1712 3699/3888/1712 
f 3693/3881/1713 3699/3888/1713 3698/3887/1713 
f 3687/3875/1714 3700/3889/1715 3696/3885/1715 
f 3701/3890/1715 3696/3885/1715 3700/3889/1715 
f 3700/3889/1716 3687/3875/1716 3689/3891/1716 
f 3697/3886/1717 3691/3879/1717 3698/3887/1717 
f 3688/3876/1718 3698/3887/1718 3691/3879/1718 
f 3699/3888/1719 3693/3881/1719 3692/3880/1719 
f 3701/3890/1720 3695/3892/1720 3696/3885/1720 
f 3688/3876/1721 3687/3875/1721 3702/3893/1721 
f 3698/3887/1722 3688/3876/1722 3702/3893/1722 
f 3693/3881/1723 3698/3887/1723 3702/3893/1723 
f 3696/3885/1724 3693/3881/1724 3702/3893/1724 
f 3687/3875/1725 3696/3885/1725 3702/3893/1725 
# 0 polygons - 184 triangles

#
# object hinges
#

v  -25.0797 2.8282 8.9760
v  -23.0040 2.8282 7.9764
v  -23.0040 13.8781 7.9764
v  -25.0797 13.8781 8.9760
v  -22.4913 2.8282 5.7303
v  -22.4913 13.8781 5.7303
v  -23.9276 2.8282 3.9290
v  -23.9276 13.8781 3.9290
v  -26.2316 2.8282 3.9290
v  -26.2316 13.8781 3.9290
v  -27.6681 2.8282 5.7303
v  -27.6681 13.8781 5.7303
v  -27.1551 2.8282 7.9764
v  -27.1551 13.8781 7.9764
v  -25.0795 39.6026 8.9760
v  -23.0038 39.6026 7.9764
v  -23.0038 50.6526 7.9764
v  -25.0795 50.6526 8.9760
v  -22.4911 39.6026 5.7303
v  -22.4911 50.6526 5.7303
v  -23.9274 39.6026 3.9290
v  -23.9274 50.6526 3.9290
v  -26.2316 39.6026 3.9290
v  -26.2316 50.6526 3.9290
v  -27.6678 39.6026 5.7303
v  -27.6678 50.6526 5.7303
v  -27.1551 39.6026 7.9764
v  -27.1551 50.6526 7.9764
# 28 vertices

vn -1.0000 0.0000 -0.0000
vn -0.6070 0.0000 0.7947
vn 0.2216 0.0000 0.9751
vn 0.9268 0.0000 0.3754
vn 0.9268 0.0000 -0.3754
vn 0.2425 0.0000 -0.9701
vn -0.6070 0.0000 -0.7947
vn 0.0000 -1.0000 -0.0000
vn 0.0000 1.0000 -0.0000
# 9 vertex normals

vt 0.1840 0.0606 0.0000
vt 0.1840 0.0704 0.0000
vt 0.1371 0.0704 0.0000
vt 0.1371 0.0606 0.0000
vt 0.1840 0.0802 0.0000
vt 0.1371 0.0802 0.0000
vt 0.1840 0.0118 0.0000
vt 0.1840 0.0215 0.0000
vt 0.1371 0.0215 0.0000
vt 0.1371 0.0118 0.0000
vt 0.1840 0.0313 0.0000
vt 0.1371 0.0313 0.0000
vt 0.1840 0.0411 0.0000
vt 0.1371 0.0411 0.0000
vt 0.1840 0.0509 0.0000
vt 0.1371 0.0509 0.0000
vt 0.1063 0.0347 0.0000
vt 0.1022 0.0432 0.0000
vt 0.0931 0.0453 0.0000
vt 0.0857 0.0394 0.0000
vt 0.0857 0.0301 0.0000
vt 0.0931 0.0242 0.0000
vt 0.1022 0.0263 0.0000
vt 0.1243 0.0695 0.0000
vt 0.1163 0.0713 0.0000
vt 0.1099 0.0662 0.0000
vt 0.1099 0.0580 0.0000
vt 0.1163 0.0529 0.0000
vt 0.1243 0.0548 0.0000
vt 0.1278 0.0621 0.0000
vt 0.1951 0.0308 0.0000
vt 0.1951 0.0210 0.0000
vt 0.2418 0.0210 0.0000
vt 0.2418 0.0308 0.0000
vt 0.1951 0.0113 0.0000
vt 0.2418 0.0113 0.0000
vt 0.1951 0.0795 0.0000
vt 0.1951 0.0697 0.0000
vt 0.2418 0.0697 0.0000
vt 0.2418 0.0795 0.0000
vt 0.1951 0.0600 0.0000
vt 0.2418 0.0600 0.0000
vt 0.1951 0.0502 0.0000
vt 0.2418 0.0502 0.0000
vt 0.1951 0.0405 0.0000
vt 0.2418 0.0405 0.0000
vt 0.0861 0.0595 0.0000
vt 0.0923 0.0645 0.0000
vt 0.1001 0.0627 0.0000
vt 0.1001 0.0484 0.0000
vt 0.1035 0.0555 0.0000
vt 0.1089 0.0313 0.0000
vt 0.1251 0.0442 0.0000
vt 0.1291 0.0359 0.0000
vt 0.1161 0.0255 0.0000
vt 0.1251 0.0276 0.0000
vt 0.1089 0.0405 0.0000
vt 0.1161 0.0463 0.0000
vt 0.0923 0.0466 0.0000
vt 0.0861 0.0516 0.0000
# 60 texture coords

o hinges
g hinges
f 3703/3894/1726 3704/3895/1727 3705/3896/1727 
f 3705/3896/1727 3706/3897/1726 3703/3894/1726 
f 3704/3895/1727 3707/3898/1728 3708/3899/1728 
f 3708/3899/1728 3705/3896/1727 3704/3895/1727 
f 3707/3900/1728 3709/3901/1729 3710/3902/1729 
f 3710/3902/1729 3708/3903/1728 3707/3900/1728 
f 3709/3901/1729 3711/3904/1730 3712/3905/1730 
f 3712/3905/1730 3710/3902/1729 3709/3901/1729 
f 3711/3904/1730 3713/3906/1731 3714/3907/1731 
f 3714/3907/1731 3712/3905/1730 3711/3904/1730 
f 3713/3906/1731 3715/3908/1732 3716/3909/1732 
f 3716/3909/1732 3714/3907/1731 3713/3906/1731 
f 3715/3908/1732 3703/3894/1726 3706/3897/1726 
f 3706/3897/1726 3716/3909/1732 3715/3908/1732 
f 3713/3910/1733 3711/3911/1733 3709/3912/1733 
f 3709/3912/1733 3707/3913/1733 3704/3914/1733 
f 3709/3912/1733 3704/3914/1733 3703/3915/1733 
f 3713/3910/1733 3709/3912/1733 3703/3915/1733 
f 3715/3916/1733 3713/3910/1733 3703/3915/1733 
f 3705/3917/1734 3708/3918/1734 3710/3919/1734 
f 3710/3919/1734 3712/3920/1734 3714/3921/1734 
f 3710/3919/1734 3714/3921/1734 3716/3922/1734 
f 3705/3917/1734 3710/3919/1734 3716/3922/1734 
f 3706/3923/1734 3705/3917/1734 3716/3922/1734 
f 3717/3924/1726 3718/3925/1727 3719/3926/1727 
f 3719/3926/1727 3720/3927/1726 3717/3924/1726 
f 3718/3925/1727 3721/3928/1728 3722/3929/1728 
f 3722/3929/1728 3719/3926/1727 3718/3925/1727 
f 3721/3930/1728 3723/3931/1729 3724/3932/1729 
f 3724/3932/1729 3722/3933/1728 3721/3930/1728 
f 3723/3931/1729 3725/3934/1730 3726/3935/1730 
f 3726/3935/1730 3724/3932/1729 3723/3931/1729 
f 3725/3934/1730 3727/3936/1731 3728/3937/1731 
f 3728/3937/1731 3726/3935/1730 3725/3934/1730 
f 3727/3936/1731 3729/3938/1732 3730/3939/1732 
f 3730/3939/1732 3728/3937/1731 3727/3936/1731 
f 3729/3938/1732 3717/3924/1726 3720/3927/1726 
f 3720/3927/1726 3730/3939/1732 3729/3938/1732 
f 3721/3940/1733 3718/3941/1733 3717/3942/1733 
f 3727/3943/1733 3721/3940/1733 3717/3942/1733 
f 3729/3944/1733 3727/3943/1733 3717/3942/1733 
f 3722/3945/1734 3728/3946/1734 3730/3947/1734 
f 3719/3948/1734 3722/3945/1734 3730/3947/1734 
f 3720/3949/1734 3719/3948/1734 3730/3947/1734 
f 3724/3950/1734 3726/3951/1734 3728/3946/1734 
f 3728/3946/1734 3722/3945/1734 3724/3950/1734 
f 3725/3952/1733 3723/3953/1733 3721/3940/1733 
f 3721/3940/1733 3727/3943/1733 3725/3952/1733 
# 0 polygons - 48 triangles

