# This file uses centimeters as units for non-parametric coordinates.

mtllib LANTERNOBJ.mtl
g default
v -3.014243 0.864049 0.540916
v -2.958959 0.886220 0.530692
v -2.936088 0.908176 0.479241
v -2.962853 0.913385 0.425307
v -3.019098 0.897923 0.409502
v -3.062471 0.873435 0.443729
v -3.060310 0.858359 0.502214
v -3.023154 0.889437 0.547790
v -2.967869 0.911608 0.537566
v -2.944998 0.933564 0.486114
v -2.971762 0.938773 0.432180
v -3.028009 0.923312 0.416376
v -3.071382 0.898823 0.450603
v -3.069221 0.883748 0.509087
v -3.011526 0.868908 0.526493
v -2.968514 0.886157 0.518539
v -2.950720 0.903239 0.478509
v -2.971543 0.907292 0.436546
v -3.015304 0.895262 0.424250
v -3.049048 0.876210 0.450880
v -3.047367 0.864481 0.496382
v -3.020437 0.894296 0.533367
v -2.977425 0.911545 0.525412
v -2.959630 0.928627 0.485382
v -2.980454 0.932680 0.443420
v -3.024214 0.920650 0.431124
v -3.057959 0.901598 0.457754
v -3.056278 0.889869 0.503256
v -2.962988 0.913771 0.425411
v -2.936224 0.908562 0.479345
v -2.959095 0.886606 0.530797
v -3.014379 0.864435 0.541021
v -3.060446 0.858745 0.502319
v -3.062607 0.873821 0.443834
v -3.019234 0.898310 0.409607
v -2.940115 0.919651 0.482347
v -2.962987 0.897694 0.533798
v -3.018271 0.875524 0.544023
v -3.064338 0.869834 0.505321
v -3.066498 0.884909 0.446836
v -3.023126 0.909398 0.412609
v -2.966880 0.924859 0.428413
v -2.973547 0.900495 0.522421
v -2.955752 0.917578 0.482390
v -2.976576 0.921630 0.440429
v -3.020336 0.909601 0.428133
v -3.054081 0.890548 0.454762
v -3.052400 0.878819 0.500264
v -3.016559 0.883246 0.530376
v -3.308576 0.895986 0.106502
v -3.308470 0.908667 0.106515
v -3.316676 0.915071 0.113599
v -3.324988 0.908792 0.120672
v -3.325095 0.896111 0.120660
v -3.316889 0.889708 0.113574
v -3.029596 0.893314 0.432041
v -3.029489 0.905996 0.432053
v -3.037696 0.912399 0.439138
v -3.046008 0.906121 0.446211
v -3.046115 0.893440 0.446198
v -3.037910 0.887036 0.439113
v -3.316783 0.902389 0.113587
v -3.037802 0.899718 0.439126
v -3.315393 0.889693 0.115320
v -3.323599 0.896096 0.122404
v -3.323492 0.908778 0.122418
v -3.315180 0.915056 0.115345
v -3.306974 0.908653 0.108261
v -3.307081 0.895971 0.108247
v -3.040668 0.887063 0.435894
v -3.048873 0.893466 0.442979
v -3.048767 0.906147 0.442992
v -3.040454 0.912426 0.435919
v -3.032248 0.906022 0.428834
v -3.032355 0.893341 0.428822
v -2.957751 1.003755 -0.194835
v -2.963286 1.096997 0.144371
v -2.978272 1.143787 0.228887
v -3.014909 1.170098 0.293423
v -3.131239 1.223055 0.439816
v -3.193538 1.269450 0.502652
v -3.270376 1.321734 0.544526
v -3.500659 1.411190 0.559473
v -3.630405 1.502355 0.551098
v -3.762699 1.604394 0.439915
v -3.845695 1.659888 0.369878
v -3.964950 1.744430 0.218234
v -3.997175 1.750448 -0.022803
v -3.988820 1.760784 -0.086467
v -3.964508 1.724499 -0.190398
v -3.928614 1.645394 -0.272020
v -3.833089 1.551632 -0.415768
v -3.740008 1.475599 -0.517047
v -3.643560 1.404893 -0.582644
v -3.520167 1.330035 -0.597654
v -3.324675 1.219871 -0.534776
v -3.246337 1.158291 -0.498043
v -3.059119 0.968738 -0.305607
v -2.957079 1.108634 0.140797
v -2.972337 1.155789 0.226161
v -3.009138 1.182244 0.291000
v -3.125226 1.235018 0.437092
v -3.187730 1.281549 0.500089
v -3.264525 1.333809 0.541943
v -3.493603 1.422543 0.556637
v -3.621940 1.512735 0.548394
v -3.753886 1.614519 0.437358
v -3.836502 1.669744 0.367636
v -3.955401 1.754058 0.216551
v -3.987540 1.760052 -0.024088
v -3.979167 1.770334 -0.087992
v -3.954670 1.733718 -0.192616
v -3.919148 1.655142 -0.273460
v -3.824355 1.562127 -0.416297
v -3.731827 1.486543 -0.517140
v -3.636161 1.416377 -0.582376
v -3.512400 1.341276 -0.597441
v -3.316303 1.230667 -0.534473
v -3.237560 1.168752 -0.497556
v -2.944271 1.113349 0.141450
v -2.960236 1.161454 0.229016
v -2.997714 1.188507 0.295120
v -3.114803 1.242037 0.442459
v -3.178751 1.289530 0.506601
v -3.256950 1.342612 0.549143
v -3.487151 1.432019 0.564072
v -3.616295 1.522769 0.555753
v -3.749892 1.625764 0.444014
v -3.833956 1.682008 0.373098
v -3.954535 1.767402 0.219361
v -3.987571 1.773649 -0.025436
v -3.978955 1.783217 -0.092540
v -3.953825 1.745473 -0.199532
v -3.917933 1.666371 -0.281151
v -3.822753 1.572960 -0.424470
v -3.729585 1.496857 -0.525819
v -3.632877 1.425972 -0.591534
v -3.506781 1.349319 -0.606952
v -3.308487 1.237093 -0.543656
v -3.228000 1.173743 -0.505948
v -2.932364 1.108381 0.145949
v -2.949054 1.157462 0.235779
v -2.987329 1.185218 0.303369
v -3.106076 1.240000 0.452775
v -3.171864 1.288716 0.518374
v -3.252089 1.342988 0.561907
v -3.485081 1.434067 0.577422
v -3.615455 1.526579 0.557638
v -3.753059 1.631544 0.455984
v -3.839552 1.689495 0.383065
v -3.962858 1.776646 0.225017
v -3.997249 1.783275 -0.026057
v -3.988307 1.791886 -0.097449
v -3.962469 1.752877 -0.207093
v -3.925683 1.672503 -0.290588
v -3.829220 1.577785 -0.435497
v -3.734595 1.500498 -0.537998
v -3.635632 1.428055 -0.604756
v -3.506601 1.349452 -0.620614
v -3.305805 1.235386 -0.556945
v -3.223258 1.170339 -0.518302
v -2.928332 1.096639 0.151658
v -2.945343 1.146153 0.242490
v -2.984066 1.174304 0.310915
v -3.104158 1.230100 0.461995
v -3.171101 1.279586 0.528512
v -3.252789 1.334715 0.572760
v -3.488607 1.427488 0.588867
v -3.623104 1.521934 0.580051
v -3.761530 1.628471 0.466256
v -3.850010 1.687820 0.391699
v -3.975496 1.776374 0.230205
v -4.010905 1.783291 -0.025587
v -4.001746 1.791263 -0.099843
v -3.975538 1.751594 -0.210871
v -3.937855 1.669946 -0.296243
v -3.839969 1.573775 -0.442920
v -3.743922 1.495334 -0.546546
v -3.642813 1.421408 -0.614293
v -3.511964 1.341598 -0.630426
v -3.309828 1.226545 -0.566557
v -3.226111 1.160535 -0.527383
v -2.934538 1.085002 0.155233
v -2.951277 1.134150 0.245216
v -2.989838 1.162157 0.313338
v -3.110171 1.218136 0.464719
v -3.176910 1.267486 0.531075
v -3.258640 1.322640 0.575344
v -3.495662 1.416135 0.591704
v -3.631569 1.511555 0.582756
v -3.770344 1.618347 0.468813
v -3.859204 1.677964 0.393942
v -3.985045 1.766746 0.231887
v -4.020540 1.773687 -0.024301
v -4.011398 1.781712 -0.098318
v -3.985376 1.742375 -0.208652
v -3.947323 1.660198 -0.294805
v -3.848703 1.563280 -0.442390
v -3.752103 1.484390 -0.546452
v -3.650212 1.409924 -0.614560
v -3.519731 1.330358 -0.630638
v -3.318199 1.215750 -0.566859
v -3.234888 1.150073 -0.527870
v -2.947346 1.080287 0.154579
v -2.963380 1.128485 0.242362
v -3.001261 1.155894 0.309219
v -3.120593 1.211117 0.459352
v -3.185889 1.259506 0.524562
v -3.266215 1.313836 0.568144
v -3.502115 1.406659 0.584269
v -3.637214 1.501521 0.575396
v -3.774337 1.607102 0.462157
v -3.861749 1.665700 0.388479
v -3.985912 1.753402 0.229077
v -4.020508 1.760090 -0.022953
v -4.011610 1.768829 -0.093769
v -3.986220 1.730620 -0.201737
v -3.948537 1.648969 -0.287114
v -3.850306 1.552447 -0.434217
v -3.754345 1.474076 -0.537774
v -3.653496 1.400329 -0.605402
v -3.525350 1.322315 -0.621128
v -3.326016 1.209324 -0.557677
v -3.244448 1.145083 -0.519478
v -2.959254 1.085255 0.150080
v -2.974561 1.132477 0.235598
v -3.011647 1.159183 0.300969
v -3.129320 1.213154 0.449037
v -3.192776 1.260319 0.512789
v -3.271076 1.313461 0.555379
v -3.504185 1.404611 0.570918
v -3.636731 1.497710 0.562283
v -3.771169 1.601322 0.450187
v -3.856154 1.658213 0.378512
v -3.977588 1.744159 0.223421
v -4.010830 1.750464 -0.022332
v -4.002258 1.760160 -0.088860
v -3.977577 1.723215 -0.194175
v -3.940788 1.642837 -0.277676
v -3.843839 1.547622 -0.423190
v -3.749336 1.470435 -0.525594
v -3.650740 1.398246 -0.592182
v -3.525531 1.322181 -0.607465
v -3.328698 1.211031 -0.544387
v -3.249189 1.148487 -0.507123
v -3.913122 1.005461 0.069894
v -3.749123 1.096997 0.369604
v -3.669723 1.143787 0.416615
v -3.605157 1.170098 0.453202
v -3.505590 1.223055 0.487513
v -3.419872 1.269450 0.509470
v -3.319072 1.321734 0.523331
v -3.114168 1.411190 0.417443
v -3.007111 1.502355 0.343667
v -2.913333 1.604394 0.228790
v -2.878043 1.659888 0.126085
v -2.860415 1.744430 -0.074227
v -2.956461 1.750448 -0.297637
v -2.996305 1.760784 -0.347990
v -3.070509 1.724499 -0.424712
v -3.143206 1.645394 -0.476345
v -3.298964 1.551632 -0.550692
v -3.411208 1.475599 -0.564361
v -3.528297 1.404893 -0.571999
v -3.641903 1.330035 -0.521555
v -3.796393 1.219871 -0.391908
v -3.844775 1.158291 -0.320177
v -3.838338 0.975211 -0.163740
v -3.756284 1.108634 0.369721
v -3.676215 1.155789 0.417321
v -3.611354 1.182244 0.454084
v -3.512148 1.235018 0.488261
v -3.426173 1.281549 0.510251
v -3.325420 1.333809 0.524117
v -3.121679 1.422543 0.418630
v -3.015764 1.512735 0.345690
v -2.922209 1.614519 0.231119
v -2.887085 1.669744 0.128878
v -2.869474 1.754058 -0.070770
v -2.965390 1.760052 -0.293796
v -3.005372 1.770334 -0.344344
v -3.080091 1.733718 -0.421567
v -3.152068 1.655142 -0.472721
v -3.306731 1.562127 -0.546664
v -3.418276 1.486543 -0.560242
v -3.534509 1.416377 -0.567972
v -3.648459 1.341276 -0.517386
v -3.803422 1.230667 -0.387352
v -3.852058 1.168752 -0.315255
v -3.766942 1.113349 0.376855
v -3.685137 1.161454 0.425982
v -3.619045 1.188507 0.463484
v -3.518339 1.242037 0.498217
v -3.430536 1.289530 0.520449
v -3.328226 1.342612 0.534182
v -3.123402 1.432019 0.428323
v -3.016832 1.522769 0.354903
v -2.922220 1.625764 0.238880
v -2.886466 1.682008 0.134872
v -2.868775 1.767402 -0.067913
v -2.966055 1.773649 -0.294968
v -3.007888 1.783217 -0.348139
v -3.084365 1.745473 -0.427069
v -3.157057 1.666371 -0.478699
v -3.312302 1.572960 -0.552857
v -3.424655 1.496857 -0.566539
v -3.542028 1.425972 -0.574147
v -3.658163 1.349319 -0.522665
v -3.814844 1.237093 -0.391222
v -3.864570 1.173743 -0.317551
v -3.774852 1.108381 0.386828
v -3.691262 1.157462 0.437526
v -3.623724 1.185218 0.475893
v -3.520535 1.240000 0.511549
v -3.430406 1.288716 0.534088
v -3.325847 1.342988 0.547633
v -3.118326 1.434067 0.440842
v -3.009688 1.526579 0.365911
v -2.913359 1.631544 0.247529
v -2.876549 1.689495 0.140555
v -2.858728 1.776646 -0.067331
v -2.958067 1.783275 -0.300468
v -3.002381 1.791886 -0.357152
v -3.080827 1.752877 -0.437994
v -3.155251 1.672503 -0.490776
v -3.312410 1.577785 -0.565640
v -3.426606 1.500498 -0.579564
v -3.546448 1.428055 -0.586908
v -3.665330 1.349452 -0.534298
v -3.823966 1.235386 -0.401251
v -3.874980 1.170339 -0.325720
v -3.775383 1.096639 0.393797
v -3.691003 1.146153 0.445190
v -3.622652 1.174304 0.484044
v -3.517450 1.230100 0.520447
v -3.425858 1.279586 0.543179
v -3.319676 1.334715 0.556588
v -3.109427 1.427488 0.448857
v -2.998518 1.521934 0.372264
v -2.900816 1.628471 0.251997
v -2.863142 1.687820 0.142598
v -2.845219 1.776374 -0.069364
v -2.946105 1.783291 -0.307073
v -2.992075 1.791263 -0.366103
v -3.071549 1.751594 -0.447944
v -3.147706 1.669946 -0.501877
v -3.306994 1.573775 -0.577527
v -3.422987 1.495334 -0.591686
v -3.545180 1.421408 -0.598779
v -3.665762 1.341598 -0.545472
v -3.825446 1.226545 -0.411564
v -3.877192 1.160535 -0.334978
v -3.768221 1.085002 0.393679
v -3.684510 1.134150 0.444485
v -3.616456 1.162157 0.483161
v -3.510891 1.218136 0.519700
v -3.419556 1.267486 0.542398
v -3.313329 1.322640 0.555803
v -3.101916 1.416135 0.447669
v -2.989864 1.511555 0.370242
v -2.891940 1.618347 0.249668
v -2.854100 1.677964 0.139805
v -2.836160 1.766746 -0.072821
v -2.937177 1.773687 -0.310914
v -2.983009 1.781712 -0.369749
v -3.061967 1.742375 -0.451089
v -3.138843 1.660198 -0.505501
v -3.299226 1.563280 -0.581554
v -3.415918 1.484390 -0.595805
v -3.538966 1.409924 -0.602807
v -3.659204 1.330358 -0.549640
v -3.818416 1.215750 -0.416121
v -3.869909 1.150073 -0.339900
v -3.757564 1.080287 0.386546
v -3.675588 1.128485 0.435823
v -3.608764 1.155894 0.473762
v -3.504700 1.211117 0.509744
v -3.415193 1.259506 0.532201
v -3.310523 1.313836 0.545735
v -3.100193 1.406659 0.437977
v -2.988796 1.501521 0.361027
v -2.891929 1.607102 0.241906
v -2.854719 1.665700 0.133810
v -2.836859 1.753402 -0.075678
v -2.936511 1.760090 -0.309742
v -2.980492 1.768829 -0.365953
v -3.057693 1.730620 -0.445587
v -3.133852 1.648969 -0.499523
v -3.293656 1.552447 -0.575363
v -3.409540 1.474076 -0.589507
v -3.531448 1.400329 -0.596631
v -3.649501 1.322315 -0.544361
v -3.806995 1.209324 -0.412250
v -3.857397 1.145083 -0.337604
v -3.749653 1.085255 0.376573
v -3.669463 1.132477 0.424280
v -3.604084 1.159183 0.461353
v -3.502504 1.213154 0.496412
v -3.415323 1.260319 0.518561
v -3.312902 1.313461 0.532285
v -3.105268 1.404611 0.425456
v -2.995940 1.497710 0.350020
v -2.900791 1.601322 0.233258
v -2.864636 1.658213 0.128127
v -2.846906 1.744159 -0.076260
v -2.944499 1.750464 -0.304242
v -2.985999 1.760160 -0.356941
v -3.061232 1.723215 -0.434662
v -3.135660 1.642837 -0.487446
v -3.293548 1.547622 -0.562580
v -3.407589 1.470435 -0.576483
v -3.527028 1.398246 -0.583870
v -3.642335 1.322181 -0.532728
v -3.797873 1.211031 -0.402222
v -3.846986 1.148487 -0.329434
v -3.589660 0.673708 0.330830
v -3.661535 0.693178 0.253077
v -3.763436 0.663813 0.234514
v -3.835670 0.602817 0.286015
v -3.835924 0.545918 0.377410
v -3.764048 0.526449 0.455163
v -3.662148 0.555813 0.473727
v -3.589913 0.616810 0.422226
v -3.594440 0.685618 0.338231
v -3.666315 0.705087 0.260478
v -3.768216 0.675723 0.241915
v -3.840451 0.614726 0.293416
v -3.840704 0.557828 0.384812
v -3.768829 0.538359 0.462564
v -3.666928 0.567723 0.481128
v -3.594694 0.628720 0.429627
v -3.599220 0.697527 0.345632
v -3.671095 0.716997 0.267879
v -3.772996 0.687632 0.249316
v -3.845231 0.626636 0.300816
v -3.845485 0.569737 0.392212
v -3.773609 0.550268 0.469965
v -3.671708 0.579632 0.488529
v -3.599474 0.640629 0.437028
v -3.604000 0.709437 0.353033
v -3.675876 0.728906 0.275280
v -3.777776 0.699542 0.256717
v -3.850011 0.638545 0.308217
v -3.850265 0.581647 0.399613
v -3.778389 0.562178 0.477366
v -3.676488 0.591542 0.495930
v -3.604254 0.652539 0.444429
v -3.608780 0.721346 0.360433
v -3.680656 0.740816 0.282681
v -3.782557 0.711451 0.264118
v -3.854791 0.650455 0.315618
v -3.855045 0.593556 0.407014
v -3.783169 0.574087 0.484767
v -3.681268 0.603451 0.503331
v -3.609033 0.664448 0.451830
v -3.613560 0.733256 0.367835
v -3.685436 0.752725 0.290081
v -3.787337 0.723361 0.271518
v -3.859571 0.662364 0.323019
v -3.859825 0.605466 0.414415
v -3.787949 0.585997 0.492168
v -3.686048 0.615361 0.510731
v -3.613814 0.676358 0.459231
v -3.618340 0.745165 0.375236
v -3.690217 0.764635 0.297483
v -3.792118 0.735270 0.278920
v -3.864351 0.674273 0.330420
v -3.864605 0.617375 0.421816
v -3.792729 0.597906 0.499569
v -3.690828 0.627270 0.518132
v -3.618594 0.688267 0.466632
v -3.623121 0.757075 0.382637
v -3.694996 0.776544 0.304884
v -3.796898 0.747180 0.286321
v -3.869131 0.686183 0.337820
v -3.869384 0.629285 0.429217
v -3.797509 0.609815 0.506970
v -3.695608 0.639180 0.525533
v -3.623374 0.700176 0.474033
v -3.627901 0.768984 0.390038
v -3.699776 0.788453 0.312285
v -3.801678 0.759089 0.293721
v -3.873912 0.698092 0.345222
v -3.874165 0.641194 0.436618
v -3.802289 0.621725 0.514371
v -3.700388 0.651089 0.532934
v -3.628154 0.712086 0.481433
v -3.632681 0.780894 0.397439
v -3.704556 0.800363 0.319686
v -3.806457 0.770999 0.301123
v -3.878692 0.710002 0.352623
v -3.878945 0.653104 0.444019
v -3.807069 0.633634 0.521771
v -3.705168 0.662999 0.540335
v -3.632934 0.723995 0.488834
v -3.712792 0.609813 0.354120
v -3.594091 0.691722 0.321044
v -3.677636 0.704713 0.246180
v -3.682651 0.717205 0.253943
v -3.599105 0.704214 0.328808
v -3.783859 0.667303 0.237771
v -3.788873 0.679796 0.245533
v -3.850535 0.601408 0.300743
v -3.855549 0.613901 0.308506
v -3.838606 0.545628 0.398209
v -3.843621 0.558120 0.405973
v -3.755061 0.532637 0.473075
v -3.760075 0.545129 0.480838
v -3.648838 0.570046 0.481483
v -3.653852 0.582538 0.489246
v -3.582162 0.635941 0.418511
v -3.587176 0.648434 0.426274
v -3.604119 0.716707 0.336571
v -3.687665 0.729698 0.261706
v -3.692679 0.742190 0.269469
v -3.609133 0.729199 0.344335
v -3.793887 0.692289 0.253296
v -3.798902 0.704781 0.261060
v -3.860563 0.626393 0.316270
v -3.865578 0.638886 0.324033
v -3.848635 0.570613 0.413736
v -3.853649 0.583105 0.421499
v -3.765089 0.557622 0.488601
v -3.770104 0.570114 0.496364
v -3.658866 0.595031 0.497010
v -3.663880 0.607524 0.504773
v -3.592190 0.660926 0.434038
v -3.597204 0.673419 0.441801
v -3.614147 0.741692 0.352098
v -3.697693 0.754683 0.277233
v -3.702707 0.767175 0.284996
v -3.619161 0.754185 0.359861
v -3.803916 0.717274 0.268823
v -3.808930 0.729766 0.276586
v -3.870591 0.651379 0.331796
v -3.875606 0.663871 0.339560
v -3.858663 0.595598 0.429262
v -3.863677 0.608090 0.437025
v -3.775117 0.582607 0.504128
v -3.780131 0.595100 0.511891
v -3.668895 0.620016 0.512537
v -3.673909 0.632509 0.520300
v -3.602218 0.685911 0.449564
v -3.607232 0.698404 0.457328
v -3.624176 0.766677 0.367625
v -3.707721 0.779668 0.292759
v -3.712735 0.792160 0.300523
v -3.629190 0.779170 0.375388
v -3.813944 0.742259 0.284350
v -3.818958 0.754751 0.292113
v -3.880620 0.676364 0.347323
v -3.885634 0.688856 0.355086
v -3.868692 0.620583 0.444789
v -3.873705 0.633075 0.452552
v -3.785146 0.607592 0.519654
v -3.790160 0.620085 0.527417
v -3.678923 0.645001 0.528063
v -3.683937 0.657494 0.535827
v -3.612247 0.710896 0.465090
v -3.617261 0.723389 0.472854
v -3.637729 0.810493 0.412939
v -3.712905 0.830856 0.331615
v -3.819486 0.800143 0.312199
v -3.895037 0.736345 0.366065
v -3.895303 0.676834 0.461659
v -3.820126 0.656470 0.542982
v -3.713545 0.687183 0.562398
v -3.637993 0.750981 0.508533
v -3.626609 0.782790 0.395724
v -3.701785 0.803153 0.314400
v -3.808367 0.772440 0.294984
v -3.883918 0.708642 0.348850
v -3.884183 0.649131 0.444443
v -3.809006 0.628767 0.525767
v -3.702426 0.659480 0.545183
v -3.626874 0.723278 0.491317
v -3.894482 0.734960 0.365205
v -3.818930 0.798758 0.311339
v -3.712349 0.829471 0.330754
v -3.637173 0.809108 0.412078
v -3.637438 0.749596 0.507672
v -3.712989 0.685798 0.561538
v -3.819570 0.655086 0.542122
v -3.894747 0.675449 0.460798
v -3.884595 0.710329 0.349899
v -3.809044 0.774127 0.296033
v -3.702462 0.804840 0.315448
v -3.627286 0.784477 0.396772
v -3.627552 0.724966 0.492366
v -3.703103 0.661167 0.546232
v -3.809684 0.630454 0.526815
v -3.884860 0.650818 0.445492
v -3.676103 0.812205 0.429961
v -3.733072 0.827636 0.368333
v -3.773698 0.761561 0.448421
v -3.813841 0.804362 0.353619
v -3.871095 0.756015 0.394439
v -3.871295 0.710916 0.466881
v -3.814325 0.695485 0.528509
v -3.733557 0.718759 0.543222
v -3.676304 0.767106 0.502403
v -3.670921 0.764841 0.503264
v -3.730746 0.714323 0.545917
v -3.815140 0.690004 0.530542
v -3.874668 0.706128 0.466147
v -3.874458 0.753251 0.390453
v -3.814633 0.803769 0.347801
v -3.730238 0.828089 0.363174
v -3.670712 0.811964 0.427569
v -3.647628 0.755036 0.506991
v -3.718578 0.695124 0.557576
v -3.818667 0.666282 0.539343
v -3.889265 0.685405 0.462972
v -3.889016 0.741292 0.373201
v -3.818066 0.801204 0.322617
v -3.717976 0.830046 0.340849
v -3.647379 0.810923 0.417220
v -2.667794 0.019981 -0.171148
v -2.751447 0.019981 -0.397476
v -2.900944 0.019981 -0.586877
v -3.101652 0.019981 -0.720813
v -3.333926 0.019981 -0.786169
v -3.575028 0.019981 -0.776550
v -3.801358 0.019981 -0.692897
v -3.990759 0.019981 -0.543400
v -4.124695 0.019981 -0.342692
v -4.190048 0.019981 -0.110418
v -4.180432 0.019981 0.130683
v -4.096779 0.019981 0.357014
v -3.947281 0.019981 0.546414
v -3.746572 0.019981 0.680349
v -3.514298 0.019981 0.745703
v -3.273196 0.019981 0.736087
v -3.046869 0.019981 0.652433
v -2.857467 0.019981 0.502936
v -2.723532 0.019981 0.302226
v -2.658176 0.019981 0.069953
v -2.670995 0.058876 -0.170509
v -2.754294 0.058876 -0.395880
v -2.903159 0.058876 -0.584479
v -3.103018 0.058876 -0.717847
v -3.334308 0.058876 -0.782927
v -3.574390 0.058876 -0.773349
v -3.799760 0.058876 -0.690050
v -3.988361 0.058876 -0.541186
v -4.121729 0.058876 -0.341326
v -4.186807 0.058876 -0.110036
v -4.177232 0.058876 0.130045
v -4.093933 0.058876 0.355417
v -3.945066 0.058876 0.544017
v -3.745206 0.058876 0.677383
v -3.513917 0.058876 0.742464
v -3.273836 0.058876 0.732886
v -3.048465 0.058876 0.649588
v -2.859866 0.058876 0.500724
v -2.726497 0.058876 0.300861
v -2.661417 0.058876 0.069571
v -3.424112 0.019981 -0.020232
v -2.682181 0.058876 -0.168276
v -2.764242 0.058876 -0.390300
v -2.910897 0.058876 -0.576099
v -3.107787 0.058876 -0.707485
v -3.335642 0.058876 -0.771599
v -3.572157 0.058876 -0.762163
v -3.794182 0.058876 -0.680100
v -3.979981 0.058876 -0.533449
v -4.111369 0.058876 -0.336557
v -4.175479 0.058876 -0.108702
v -4.166045 0.058876 0.127813
v -4.083985 0.058876 0.349837
v -3.937329 0.058876 0.535636
v -3.740438 0.058876 0.667024
v -3.512583 0.058876 0.731136
v -3.276068 0.058876 0.721701
v -3.054045 0.058876 0.639639
v -2.868246 0.058876 0.492985
v -2.736858 0.058876 0.296093
v -2.672744 0.058876 0.068237
v -2.702291 0.227095 -0.164265
v -2.782129 0.227095 -0.380271
v -2.924807 0.227095 -0.561034
v -3.116361 0.227095 -0.688858
v -3.338039 0.227095 -0.751233
v -3.568144 0.227095 -0.742053
v -3.784151 0.227095 -0.662216
v -3.964912 0.227095 -0.519537
v -4.092740 0.227095 -0.327983
v -4.155115 0.227095 -0.106305
v -4.145936 0.227095 0.123800
v -4.066097 0.227095 0.339807
v -3.923420 0.227095 0.520569
v -3.731863 0.227095 0.648395
v -3.510186 0.227095 0.710772
v -3.280080 0.227095 0.701590
v -3.064076 0.227095 0.621753
v -2.883312 0.227095 0.479075
v -2.755486 0.227095 0.287518
v -2.693110 0.227095 0.065841
v -2.757170 0.326044 -0.153313
v -2.830937 0.326044 -0.352896
v -2.962769 0.326044 -0.519916
v -3.139759 0.326044 -0.638022
v -3.344584 0.326044 -0.695656
v -3.557194 0.326044 -0.687175
v -3.756778 0.326044 -0.613407
v -3.923797 0.326044 -0.481576
v -4.041906 0.326044 -0.304586
v -4.099539 0.326044 -0.099761
v -4.091057 0.326044 0.112850
v -4.017288 0.326044 0.312432
v -3.885457 0.326044 0.479453
v -3.708467 0.326044 0.597560
v -3.503641 0.326044 0.655193
v -3.291031 0.326044 0.646711
v -3.091448 0.326044 0.572943
v -2.924429 0.326044 0.441111
v -2.806323 0.326044 0.264121
v -2.748689 0.326044 0.059296
v -2.757170 0.573419 -0.153313
v -2.830937 0.573419 -0.352896
v -2.962769 0.573419 -0.519916
v -3.139759 0.573419 -0.638022
v -3.344585 0.573419 -0.695657
v -3.557194 0.573419 -0.687175
v -3.756778 0.573419 -0.613407
v -3.923797 0.573419 -0.481576
v -4.041906 0.573419 -0.304586
v -4.099539 0.573419 -0.099761
v -4.091057 0.573419 0.112850
v -4.017288 0.573419 0.312432
v -3.885457 0.573419 0.479453
v -3.708467 0.573419 0.597560
v -3.503642 0.573419 0.655194
v -3.291031 0.573419 0.646711
v -3.091448 0.573419 0.572944
v -2.924428 0.573419 0.441112
v -2.806323 0.573419 0.264121
v -2.748689 0.573419 0.059296
v -3.199280 0.870272 -0.065095
v -3.224147 0.870272 -0.132376
v -3.268589 0.870272 -0.188681
v -3.328255 0.870272 -0.228495
v -3.397304 0.870064 -0.247923
v -3.536257 0.870064 -0.220197
v -3.592561 0.870272 -0.175756
v -3.632375 0.870272 -0.116091
v -3.651804 0.870272 -0.047042
v -3.648945 0.870272 0.024631
v -3.624076 0.870272 0.091913
v -3.579636 0.870272 0.148216
v -3.519971 0.870272 0.188032
v -3.450923 0.870272 0.207460
v -3.379250 0.870272 0.204600
v -3.311969 0.870272 0.179732
v -3.255664 0.870272 0.135291
v -3.215850 0.870272 0.075626
v -3.196421 0.870272 0.006577
v -2.667794 0.039104 -0.171148
v -2.751447 0.039104 -0.397476
v -2.900944 0.039104 -0.586877
v -3.101652 0.039104 -0.720813
v -3.333926 0.039104 -0.786169
v -3.575028 0.039104 -0.776550
v -3.801358 0.039104 -0.692897
v -3.990759 0.039104 -0.543400
v -4.124695 0.039104 -0.342692
v -4.190048 0.039104 -0.110418
v -4.180432 0.039104 0.130683
v -4.096779 0.039104 0.357014
v -3.947281 0.039104 0.546414
v -3.746572 0.039104 0.680349
v -3.514298 0.039104 0.745703
v -3.273196 0.039104 0.736087
v -3.046869 0.039104 0.652433
v -2.857467 0.039104 0.502936
v -2.723532 0.039104 0.302226
v -2.658176 0.039104 0.069953
v -2.706734 0.235107 -0.163378
v -2.786080 0.235107 -0.378054
v -2.927881 0.235107 -0.557703
v -3.118256 0.235107 -0.684741
v -3.338570 0.235107 -0.746733
v -3.567258 0.235107 -0.737609
v -3.781934 0.235107 -0.658263
v -3.961583 0.235107 -0.516463
v -4.088624 0.235107 -0.326089
v -4.150616 0.235107 -0.105774
v -4.141492 0.235107 0.122913
v -4.062144 0.235107 0.337590
v -3.920344 0.235107 0.517239
v -3.729969 0.235107 0.644279
v -3.509655 0.235107 0.706270
v -3.280967 0.235107 0.697147
v -3.066292 0.235107 0.617801
v -2.886642 0.235107 0.475999
v -2.759603 0.235107 0.285625
v -2.697611 0.235107 0.065310
v -2.752865 0.318282 -0.154173
v -2.744328 0.318282 0.059810
v -2.802334 0.318282 0.265957
v -2.921203 0.318282 0.444090
v -3.089301 0.318282 0.576773
v -3.290172 0.318282 0.651016
v -3.504155 0.318282 0.659554
v -3.710302 0.318282 0.601548
v -3.888435 0.318282 0.482678
v -4.021117 0.318282 0.314580
v -4.095362 0.318282 0.113708
v -4.103899 0.318282 -0.100274
v -4.045894 0.318282 -0.306422
v -3.927021 0.318282 -0.484553
v -3.758925 0.318282 -0.617236
v -3.558053 0.318282 -0.691479
v -3.344071 0.318282 -0.700016
v -3.137924 0.318282 -0.642010
v -2.959790 0.318282 -0.523141
v -2.827109 0.318282 -0.355044
v -2.731676 0.280079 -0.158401
v -2.808264 0.280079 -0.365612
v -2.945134 0.280079 -0.539016
v -3.128889 0.280079 -0.661637
v -3.341544 0.280079 -0.721472
v -3.562281 0.280079 -0.712667
v -3.769493 0.280079 -0.636080
v -3.942897 0.280079 -0.499210
v -4.065519 0.280079 -0.315455
v -4.125356 0.280079 -0.102801
v -4.116550 0.280079 0.117936
v -4.039961 0.280079 0.325149
v -3.903091 0.280079 0.498553
v -3.719336 0.280079 0.621175
v -3.506682 0.280079 0.681011
v -3.285944 0.280079 0.672205
v -3.078732 0.280079 0.595616
v -2.905329 0.280079 0.458746
v -2.782707 0.280079 0.274991
v -2.722870 0.280079 0.062335
v -2.752869 0.318290 -0.154172
v -2.744332 0.318290 0.059808
v -2.802338 0.318290 0.265955
v -2.921207 0.318290 0.444087
v -3.089303 0.318290 0.576768
v -3.290173 0.318290 0.651014
v -3.504154 0.318290 0.659548
v -3.710300 0.318290 0.601545
v -3.888432 0.318290 0.482675
v -4.021113 0.318290 0.314578
v -4.095357 0.318290 0.113707
v -4.103894 0.318290 -0.100274
v -4.045889 0.318290 -0.306419
v -3.927021 0.318290 -0.484551
v -3.758923 0.318290 -0.617232
v -3.558052 0.318290 -0.691474
v -3.344071 0.318290 -0.700012
v -3.137925 0.318290 -0.642006
v -2.959793 0.318290 -0.523138
v -2.827112 0.318290 -0.355042
v -2.757170 0.375096 -0.153313
v -2.830937 0.375096 -0.352896
v -2.962769 0.375096 -0.519916
v -3.139759 0.375096 -0.638022
v -3.344584 0.375096 -0.695656
v -3.557194 0.375096 -0.687175
v -3.756778 0.375096 -0.613407
v -3.923797 0.375096 -0.481576
v -4.041906 0.375096 -0.304586
v -4.099539 0.375096 -0.099761
v -4.091057 0.375096 0.112850
v -4.017288 0.375096 0.312432
v -3.885457 0.375096 0.479453
v -3.708467 0.375096 0.597560
v -3.503641 0.375096 0.655193
v -3.291031 0.375096 0.646711
v -3.091448 0.375096 0.572943
v -2.924429 0.375096 0.441111
v -2.806323 0.375096 0.264121
v -2.748689 0.375096 0.059296
v -2.757170 0.543325 -0.153313
v -2.748689 0.543325 0.059296
v -2.806323 0.543325 0.264121
v -2.924429 0.543325 0.441111
v -3.091448 0.543325 0.572943
v -3.291031 0.543325 0.646711
v -3.503641 0.543325 0.655193
v -3.708467 0.543325 0.597560
v -3.885457 0.543325 0.479453
v -4.017288 0.543325 0.312432
v -4.091057 0.543325 0.112850
v -4.099539 0.543325 -0.099761
v -4.041906 0.543325 -0.304586
v -3.923797 0.543325 -0.481576
v -3.756778 0.543325 -0.613407
v -3.557194 0.543325 -0.687175
v -3.344585 0.543325 -0.695656
v -3.139759 0.543325 -0.638022
v -2.962769 0.543325 -0.519916
v -2.830937 0.543325 -0.352896
v -3.199280 0.870272 -0.065095
v -3.199332 0.870272 -0.065101
v -3.468920 0.870064 -0.245544
v -3.199280 0.878358 -0.065095
v -3.224147 0.878358 -0.132376
v -3.268589 0.878358 -0.188681
v -3.328254 0.878358 -0.228494
v -3.397303 0.877942 -0.247924
v -3.468975 0.878357 -0.245064
v -3.536258 0.878358 -0.220198
v -3.592561 0.878358 -0.175756
v -3.632375 0.878358 -0.116091
v -3.651804 0.878358 -0.047042
v -3.648945 0.878358 0.024631
v -3.624076 0.878358 0.091913
v -3.579636 0.878357 0.148215
v -3.519971 0.878357 0.188031
v -3.450922 0.878358 0.207459
v -3.379250 0.878358 0.204600
v -3.311969 0.878358 0.179732
v -3.255664 0.878358 0.135291
v -3.215850 0.878358 0.075626
v -3.196421 0.878358 0.006577
v -3.209105 0.878358 -0.063135
v -3.232886 0.878358 -0.127476
v -3.275385 0.878358 -0.181320
v -3.332443 0.878358 -0.219394
v -3.398475 0.877942 -0.237974
v -3.467016 0.878357 -0.235240
v -3.531356 0.878358 -0.211459
v -3.585199 0.878358 -0.168961
v -3.623274 0.878358 -0.111902
v -3.641854 0.878358 -0.045871
v -3.639120 0.878358 0.022671
v -3.615340 0.878358 0.087012
v -3.572840 0.878357 0.140856
v -3.515783 0.878357 0.178930
v -3.449751 0.878358 0.197510
v -3.381211 0.878358 0.194775
v -3.316869 0.878358 0.170994
v -3.263026 0.878358 0.128495
v -3.224951 0.878358 0.071437
v -3.206371 0.878358 0.005405
v -3.890522 1.044511 0.072834
v -3.838935 1.044512 0.212409
v -3.746741 1.044510 0.329210
v -3.622967 1.044510 0.411806
v -3.479729 1.044512 0.452111
v -3.331047 1.044512 0.446178
v -3.191470 1.044511 0.394590
v -3.074670 1.044510 0.302397
v -2.992076 1.044510 0.178623
v -2.951771 1.044511 0.035384
v -2.957703 1.044510 -0.113300
v -3.009289 1.044509 -0.252872
v -3.101483 1.044510 -0.369674
v -3.225257 1.044512 -0.452270
v -3.368497 1.044510 -0.492575
v -3.517182 1.044509 -0.486642
v -3.656753 1.044510 -0.435055
v -3.773554 1.044511 -0.342864
v -3.856150 1.044511 -0.219090
v -3.896454 1.044511 -0.075850
v -3.860175 1.044511 0.066778
v -3.811945 1.044511 0.197271
v -3.725750 1.044510 0.306474
v -3.610028 1.044510 0.383694
v -3.476109 1.044512 0.421377
v -3.337100 1.044512 0.415829
v -3.206608 1.044511 0.367600
v -3.097407 1.044510 0.281405
v -3.020186 1.044510 0.165685
v -2.982503 1.044511 0.031765
v -2.988049 1.044510 -0.107245
v -3.036280 1.044509 -0.237736
v -3.122475 1.044510 -0.346939
v -3.238195 1.044512 -0.424159
v -3.372115 1.044510 -0.461841
v -3.511126 1.044509 -0.456295
v -3.641617 1.044510 -0.408066
v -3.750817 1.044511 -0.321873
v -3.828039 1.044511 -0.206151
v -3.865721 1.044511 -0.072231
v -3.860175 1.067803 0.066778
v -3.811945 1.067804 0.197272
v -3.725750 1.067802 0.306474
v -3.610028 1.067802 0.383694
v -3.476110 1.067804 0.421377
v -3.337100 1.067804 0.415829
v -3.206608 1.067803 0.367600
v -3.097407 1.067802 0.281405
v -3.020186 1.067803 0.165685
v -2.982503 1.067803 0.031765
v -2.988049 1.067802 -0.107245
v -3.036280 1.067801 -0.237736
v -3.122474 1.067803 -0.346939
v -3.238195 1.067804 -0.424159
v -3.372116 1.067803 -0.461841
v -3.511126 1.067801 -0.456295
v -3.641617 1.067802 -0.408066
v -3.750817 1.067803 -0.321873
v -3.828039 1.067803 -0.206151
v -3.865721 1.067803 -0.072231
v -3.827311 1.042309 0.060221
v -3.782716 1.042309 0.180879
v -3.703016 1.042307 0.281853
v -3.596016 1.042307 0.353253
v -3.472192 1.042309 0.388095
v -3.343659 1.042310 0.382967
v -3.223000 1.042308 0.338371
v -3.122029 1.042307 0.258672
v -3.050627 1.042308 0.151674
v -3.015786 1.042308 0.027846
v -3.020913 1.042307 -0.100688
v -3.065508 1.042307 -0.221344
v -3.145208 1.042308 -0.322317
v -3.252207 1.042309 -0.393717
v -3.376034 1.042308 -0.428560
v -3.504568 1.042307 -0.423432
v -3.625224 1.042307 -0.378837
v -3.726195 1.042309 -0.299139
v -3.797597 1.042309 -0.192139
v -3.832439 1.042309 -0.068312
v -3.127004 0.821741 -0.079517
v -3.159866 0.821741 -0.168427
v -3.218594 0.821741 -0.242831
v -3.297439 0.821741 -0.295445
v -3.388685 0.821741 -0.321119
v -3.483398 0.821741 -0.317340
v -3.572308 0.821741 -0.284480
v -3.646711 0.821741 -0.225751
v -3.699324 0.821741 -0.146905
v -3.724998 0.821741 -0.055661
v -3.721220 0.821741 0.039053
v -3.688359 0.821741 0.127964
v -3.629632 0.821741 0.202366
v -3.550786 0.821741 0.254981
v -3.459540 0.821741 0.280656
v -3.364827 0.821741 0.276877
v -3.275918 0.821741 0.244015
v -3.201514 0.821741 0.185287
v -3.148900 0.821741 0.106441
v -3.123225 0.821741 0.015195
v -3.184681 0.860470 -0.068009
v -3.181636 0.860470 0.008318
v -3.202327 0.860470 0.081850
v -3.244727 0.860470 0.145390
v -3.304687 0.860470 0.192716
v -3.376336 0.860470 0.219199
v -3.452664 0.860470 0.222244
v -3.526195 0.860470 0.201553
v -3.589734 0.860470 0.159153
v -3.637061 0.860470 0.099194
v -3.663544 0.860470 0.027544
v -3.666588 0.860470 -0.048783
v -3.645898 0.860470 -0.122315
v -3.603498 0.860470 -0.185854
v -3.543539 0.860470 -0.233180
v -3.471889 0.860470 -0.259664
v -3.395562 0.860470 -0.262708
v -3.322030 0.860470 -0.242018
v -3.258491 0.860470 -0.199618
v -3.211163 0.860470 -0.139658
v -3.199280 0.874674 -0.065095
v -3.224147 0.874674 -0.132376
v -3.268589 0.874674 -0.188681
v -3.328254 0.874674 -0.228494
v -3.397303 0.874259 -0.247924
v -3.468975 0.874674 -0.245064
v -3.536258 0.874674 -0.220198
v -3.592561 0.874674 -0.175756
v -3.632375 0.874674 -0.116091
v -3.651804 0.874674 -0.047042
v -3.648945 0.874674 0.024631
v -3.624076 0.874674 0.091913
v -3.579636 0.874674 0.148215
v -3.519971 0.874674 0.188031
v -3.450922 0.874674 0.207459
v -3.379250 0.874674 0.204600
v -3.311969 0.874674 0.179732
v -3.255664 0.874674 0.135291
v -3.215850 0.874674 0.075626
v -3.196421 0.874674 0.006577
v -3.205127 0.878358 -0.065328
v -3.229328 0.878358 -0.130808
v -3.272581 0.878358 -0.185606
v -3.330650 0.878358 -0.224355
v -3.397851 0.877942 -0.243265
v -3.467607 0.878357 -0.240481
v -3.533088 0.878358 -0.216281
v -3.587885 0.878358 -0.173027
v -3.626635 0.878358 -0.114958
v -3.645544 0.878358 -0.047757
v -3.642761 0.878358 0.021999
v -3.618559 0.878358 0.087480
v -3.575306 0.878357 0.142277
v -3.517238 0.878357 0.181027
v -3.450036 0.878358 0.199936
v -3.380281 0.878358 0.197153
v -3.314801 0.878358 0.172950
v -3.260002 0.878358 0.129698
v -3.221253 0.878358 0.071629
v -3.202344 0.878358 0.004428
v -3.209105 0.943380 -0.063136
v -3.232886 0.943380 -0.127476
v -3.275385 0.943380 -0.181320
v -3.332443 0.943380 -0.219394
v -3.398475 0.943380 -0.237974
v -3.467016 0.943380 -0.235240
v -3.531356 0.943433 -0.211459
v -3.585199 0.943608 -0.168961
v -3.623274 0.943246 -0.111902
v -3.641854 0.943380 -0.045871
v -3.639120 0.943380 0.022671
v -3.615339 0.943380 0.087012
v -3.572840 0.943380 0.140856
v -3.515782 0.943380 0.178930
v -3.449751 0.943380 0.197510
v -3.381211 0.943380 0.194775
v -3.316869 0.943380 0.170994
v -3.263026 0.943380 0.128495
v -3.224951 0.943380 0.071437
v -3.206371 0.943380 0.005405
v -3.212066 0.954988 -0.062545
v -3.235519 0.954988 -0.125999
v -3.277433 0.954988 -0.179101
v -3.333706 0.954988 -0.216652
v -3.398828 0.954988 -0.234976
v -3.466425 0.954988 -0.232279
v -3.529880 0.954988 -0.208826
v -3.582981 0.954988 -0.166911
v -3.620532 0.954988 -0.110639
v -3.638856 0.954988 -0.045517
v -3.636159 0.954988 0.022080
v -3.612705 0.954988 0.085535
v -3.570792 0.954988 0.138636
v -3.514520 0.954988 0.176187
v -3.449397 0.954988 0.194511
v -3.381800 0.954988 0.191814
v -3.318346 0.954988 0.168361
v -3.265244 0.954988 0.126447
v -3.227694 0.954988 0.070175
v -3.209369 0.954988 0.005053
v -3.867836 1.044511 0.068307
v -3.818759 1.044512 0.201093
v -3.731049 1.044510 0.312214
v -3.613293 1.044510 0.390791
v -3.477024 1.044512 0.429136
v -3.335572 1.044512 0.423491
v -3.202786 1.044511 0.374413
v -3.091667 1.044510 0.286706
v -3.013089 1.044510 0.168952
v -2.974745 1.044511 0.032677
v -2.980387 1.044510 -0.108774
v -3.029465 1.044509 -0.241558
v -3.117175 1.044510 -0.352679
v -3.234929 1.044512 -0.431255
v -3.371201 1.044510 -0.469600
v -3.512655 1.044509 -0.463957
v -3.645438 1.044510 -0.414879
v -3.756558 1.044511 -0.327172
v -3.835135 1.044511 -0.209417
v -3.873479 1.044511 -0.073145
v -3.860175 1.056635 0.066778
v -3.811945 1.056635 0.197272
v -3.725750 1.056634 0.306474
v -3.610028 1.056633 0.383694
v -3.476109 1.056635 0.421377
v -3.337100 1.056636 0.415829
v -3.206608 1.056634 0.367600
v -3.097407 1.056633 0.281405
v -3.020186 1.056634 0.165685
v -2.982503 1.056634 0.031765
v -2.988049 1.056634 -0.107245
v -3.036280 1.056633 -0.237736
v -3.122475 1.056634 -0.346938
v -3.238195 1.056635 -0.424159
v -3.372115 1.056634 -0.461841
v -3.511126 1.056633 -0.456295
v -3.641617 1.056633 -0.408066
v -3.750817 1.056635 -0.321873
v -3.828039 1.056635 -0.206151
v -3.865721 1.056635 -0.072231
v -3.827344 1.042334 0.060226
v -3.782744 1.042335 0.180895
v -3.703040 1.042333 0.281876
v -3.596031 1.042333 0.353283
v -3.472195 1.042335 0.388128
v -3.343652 1.042335 0.383000
v -3.222983 1.042334 0.338399
v -3.122004 1.042333 0.258695
v -3.050597 1.042333 0.151688
v -3.015752 1.042334 0.027849
v -3.020880 1.042333 -0.100693
v -3.065479 1.042333 -0.221361
v -3.145185 1.042333 -0.322341
v -3.252193 1.042335 -0.393748
v -3.376029 1.042334 -0.428594
v -3.504574 1.042333 -0.423465
v -3.625241 1.042333 -0.378866
v -3.726219 1.042334 -0.299161
v -3.797627 1.042334 -0.192153
v -3.832472 1.042334 -0.068316
v -3.843170 1.054612 0.063385
v -3.796821 1.054612 0.188790
v -3.713987 1.054611 0.293734
v -3.602778 1.054610 0.367944
v -3.474082 1.054613 0.404155
v -3.340495 1.054613 0.398826
v -3.215088 1.054612 0.352475
v -3.110147 1.054611 0.269643
v -3.035938 1.054611 0.158435
v -2.999724 1.054612 0.029737
v -3.005054 1.054611 -0.103852
v -3.051403 1.054610 -0.229256
v -3.134237 1.054611 -0.334198
v -3.245445 1.054613 -0.408407
v -3.374144 1.054611 -0.444620
v -3.507733 1.054610 -0.439291
v -3.633135 1.054611 -0.392941
v -3.738078 1.054612 -0.310110
v -3.812287 1.054612 -0.198901
v -3.848500 1.054612 -0.070203
v -3.281131 0.874674 0.155393
v -3.281131 0.878358 0.155393
v -3.284788 0.878358 0.149261
v -3.287379 0.878358 0.147718
v -3.209105 0.919605 -0.063136
v -3.206371 0.920289 0.005405
v -3.224951 0.919631 0.071437
v -3.263026 0.919689 0.128495
v -3.316869 0.919605 0.170994
v -3.381211 0.919605 0.194775
v -3.449751 0.919605 0.197510
v -3.515782 0.919605 0.178930
v -3.572840 0.919605 0.140856
v -3.615340 0.919605 0.087012
v -3.639120 0.919605 0.022671
v -3.641854 0.919605 -0.045871
v -3.623274 0.919634 -0.111902
v -3.585199 0.919605 -0.168961
v -3.531356 0.919605 -0.211459
v -3.467016 0.919605 -0.235240
v -3.398475 0.919605 -0.237974
v -3.332443 0.919605 -0.219394
v -3.275385 0.919605 -0.181320
v -3.232886 0.919605 -0.127476
v -3.300582 0.919455 0.158138
v -3.300582 0.878358 0.158138
v -3.298224 0.878358 0.159866
v -3.294937 0.878358 0.166289
v -3.294937 0.874674 0.166289
v -3.275539 0.919572 0.138372
v -3.275539 0.878357 0.138372
v -3.272738 0.878357 0.139750
v -3.268750 0.878357 0.145619
v -3.268750 0.874674 0.145619
v -3.300582 0.879390 0.158138
v -3.316869 0.879386 0.170994
v -3.381211 0.879386 0.194775
v -3.449751 0.879386 0.197510
v -3.515782 0.879386 0.178930
v -3.572840 0.879386 0.140856
v -3.615340 0.879386 0.087012
v -3.639120 0.879386 0.022671
v -3.641854 0.879386 -0.045871
v -3.623274 0.879487 -0.111902
v -3.585199 0.879386 -0.168961
v -3.531356 0.879386 -0.211459
v -3.467016 0.879386 -0.235240
v -3.398475 0.878828 -0.237974
v -3.332443 0.879386 -0.219394
v -3.275385 0.879386 -0.181320
v -3.232886 0.879386 -0.127476
v -3.209105 0.879386 -0.063135
v -3.206371 0.879386 0.005405
v -3.224951 0.879386 0.071437
v -3.263026 0.879386 0.128495
v -3.275539 0.879418 0.138372
v -3.300582 0.916656 0.158138
v -3.316869 0.917014 0.170994
v -3.381211 0.917014 0.194775
v -3.449751 0.917014 0.197510
v -3.515782 0.917014 0.178930
v -3.572840 0.917014 0.140856
v -3.615340 0.917014 0.087012
v -3.639120 0.917014 0.022671
v -3.641854 0.917014 -0.045871
v -3.623274 0.917028 -0.111902
v -3.585199 0.917014 -0.168961
v -3.531356 0.917014 -0.211459
v -3.467016 0.917014 -0.235240
v -3.398475 0.916985 -0.237974
v -3.332443 0.917014 -0.219394
v -3.275385 0.917014 -0.181320
v -3.232886 0.917014 -0.127476
v -3.209105 0.917014 -0.063136
v -3.206371 0.917698 0.005405
v -3.224951 0.917039 0.071437
v -3.263026 0.916965 0.128495
v -3.275539 0.916947 0.138372
v -3.581695 1.042309 0.011211
v -3.564265 1.042310 0.058369
v -3.533116 1.042308 0.097831
v -3.491297 1.042308 0.125737
v -3.442903 1.042310 0.139354
v -3.392668 1.042310 0.137349
v -3.345511 1.042309 0.119920
v -3.306048 1.042308 0.088772
v -3.278143 1.042309 0.046954
v -3.264526 1.042309 -0.001443
v -3.266530 1.042308 -0.051677
v -3.283959 1.042308 -0.098833
v -3.315107 1.042308 -0.138297
v -3.356925 1.042310 -0.166201
v -3.405322 1.042309 -0.179820
v -3.455558 1.042308 -0.177815
v -3.502713 1.042308 -0.160387
v -3.542176 1.042309 -0.129239
v -3.570081 1.042309 -0.087419
v -3.583698 1.042309 -0.039024
v -3.581694 1.113461 0.011211
v -3.564264 1.113461 0.058369
v -3.424112 1.113461 -0.020233
v -3.533114 1.113461 0.097833
v -3.491299 1.113461 0.125738
v -3.442906 1.113461 0.139354
v -3.392668 1.113461 0.137349
v -3.345509 1.113461 0.119919
v -3.306047 1.113461 0.088772
v -3.278143 1.113461 0.046955
v -3.264526 1.113461 -0.001443
v -3.266529 1.113461 -0.051679
v -3.283957 1.113461 -0.098834
v -3.315105 1.113461 -0.138294
v -3.356926 1.113461 -0.166202
v -3.405325 1.113461 -0.179820
v -3.455559 1.113461 -0.177816
v -3.502712 1.113461 -0.160388
v -3.542174 1.113461 -0.129240
v -3.570081 1.113461 -0.087419
v -3.583699 1.113461 -0.039023
v -3.392668 1.113460 0.137349
v -3.442903 1.113460 0.139353
v -3.491298 1.113460 0.125738
v -3.533116 1.113460 0.097832
v -3.564265 1.113460 0.058369
v -3.581694 1.113460 0.011211
v -3.583698 1.113460 -0.039024
v -3.570081 1.113460 -0.087419
v -3.542174 1.113460 -0.129240
v -3.502713 1.113460 -0.160387
v -3.455558 1.113460 -0.177815
v -3.405323 1.113460 -0.179819
v -3.356925 1.113460 -0.166201
v -3.315107 1.113460 -0.138296
v -3.283958 1.113460 -0.098833
v -3.266529 1.113460 -0.051678
v -3.264525 1.113460 -0.001442
v -3.278144 1.113460 0.046955
v -3.306048 1.113460 0.088772
v -3.345510 1.113460 0.119919
v -2.922490 1.016513 -0.120326
v -2.977971 1.016513 -0.270436
v -3.077125 1.016513 -0.396056
v -3.210243 1.016513 -0.484887
v -3.364298 1.016513 -0.528235
v -3.524207 1.016513 -0.521854
v -3.674318 1.016513 -0.466373
v -3.799935 1.016513 -0.367221
v -3.888767 1.016513 -0.234101
v -3.932114 1.016513 -0.080048
v -3.925734 1.016513 0.079861
v -3.870253 1.016513 0.229972
v -3.771100 1.016513 0.355592
v -3.637982 1.016513 0.444423
v -3.483929 1.016513 0.487770
v -3.324020 1.016513 0.481390
v -3.173909 1.016513 0.425908
v -3.048289 1.016513 0.326753
v -2.959458 1.016513 0.193636
v -2.916110 1.016513 0.039582
v -3.845198 1.038912 0.215921
v -3.897565 1.038912 0.074240
v -3.903586 1.038912 -0.076690
v -3.862672 1.038912 -0.222092
v -3.778831 1.038912 -0.347736
v -3.660266 1.038911 -0.441319
v -3.518587 1.038910 -0.493684
v -3.367657 1.038911 -0.499706
v -3.222254 1.038912 -0.458793
v -3.096611 1.038911 -0.374950
v -3.003025 1.038910 -0.256385
v -2.950659 1.038911 -0.114705
v -2.944638 1.038911 0.036222
v -2.985551 1.038911 0.181626
v -3.069395 1.038911 0.307269
v -3.187958 1.038912 0.400852
v -3.329641 1.038913 0.453221
v -3.480569 1.038912 0.459242
v -3.625969 1.038910 0.418329
v -3.751612 1.038911 0.334487
v -3.851461 1.033313 0.219433
v -3.904607 1.033312 0.075644
v -3.910717 1.033312 -0.077528
v -3.869196 1.033312 -0.225094
v -3.784106 1.033312 -0.352606
v -3.663780 1.033311 -0.447583
v -3.519992 1.033311 -0.500727
v -3.366816 1.033312 -0.506838
v -3.219252 1.033313 -0.465316
v -3.091740 1.033312 -0.380227
v -2.996762 1.033311 -0.259898
v -2.943618 1.033311 -0.116111
v -2.937506 1.033312 0.037063
v -2.979029 1.033312 0.184629
v -3.064119 1.033311 0.312140
v -3.184446 1.033312 0.407117
v -3.328236 1.033313 0.460263
v -3.481409 1.033313 0.466374
v -3.628973 1.033311 0.424852
v -3.756485 1.033311 0.339763
v -3.857725 1.027713 0.222948
v -3.911650 1.027713 0.077050
v -3.917850 1.027712 -0.078368
v -3.875719 1.027712 -0.228096
v -3.789383 1.027713 -0.357477
v -3.667292 1.027712 -0.453847
v -3.521396 1.027712 -0.507770
v -3.365976 1.027712 -0.513970
v -3.216249 1.027713 -0.471840
v -3.086868 1.027712 -0.385503
v -2.990498 1.027712 -0.263411
v -2.936575 1.027712 -0.117516
v -2.930375 1.027712 0.037902
v -2.972505 1.027712 0.187631
v -3.058842 1.027712 0.317012
v -3.180934 1.027713 0.413381
v -3.326831 1.027713 0.467306
v -3.482249 1.027713 0.473507
v -3.631975 1.027712 0.431376
v -3.761356 1.027712 0.345039
v -3.863989 1.022113 0.226460
v -3.918692 1.022113 0.078457
v -3.924981 1.022113 -0.079208
v -3.882243 1.022113 -0.231099
v -3.794660 1.022113 -0.362349
v -3.670804 1.022112 -0.460110
v -3.522802 1.022112 -0.514813
v -3.365137 1.022113 -0.521102
v -3.213246 1.022113 -0.478363
v -3.081997 1.022113 -0.390780
v -2.984235 1.022112 -0.266924
v -2.929533 1.022112 -0.118921
v -2.923243 1.022113 0.038742
v -2.965981 1.022113 0.190635
v -3.053566 1.022112 0.321883
v -3.177421 1.022113 0.419644
v -3.325425 1.022113 0.474349
v -3.483089 1.022113 0.480638
v -3.634979 1.022112 0.437900
v -3.766228 1.022112 0.350316
v -3.184010 0.967293 -0.154886
v -3.237371 0.967293 -0.222492
v -3.309014 0.967293 -0.270299
v -3.391922 0.967293 -0.293628
v -3.477981 0.967293 -0.290194
v -3.558767 0.967293 -0.260336
v -3.626372 0.967294 -0.206973
v -3.674179 0.967293 -0.135331
v -3.697507 0.967293 -0.052423
v -3.694074 0.967294 0.033636
v -3.664215 0.967294 0.114424
v -3.610853 0.967293 0.182028
v -3.539213 0.967293 0.229834
v -3.456305 0.967293 0.253163
v -3.370244 0.967294 0.249730
v -3.289459 0.967294 0.219870
v -3.221853 0.967293 0.166508
v -3.174046 0.967293 0.094867
v -3.150717 0.967293 0.011959
v -3.154150 0.967293 -0.074101
v -3.132500 0.979598 -0.183774
v -3.197310 0.979598 -0.265884
v -3.284321 0.979598 -0.323945
v -3.385016 0.979598 -0.352279
v -3.489538 0.979598 -0.348109
v -3.587654 0.979598 -0.311845
v -3.669763 0.979599 -0.247034
v -3.727825 0.979598 -0.160024
v -3.756160 0.979598 -0.059329
v -3.751989 0.979599 0.045193
v -3.715724 0.979599 0.143310
v -3.650916 0.979598 0.225418
v -3.563905 0.979598 0.283481
v -3.463210 0.979598 0.311814
v -3.358689 0.979599 0.307644
v -3.260571 0.979599 0.271379
v -3.178462 0.979598 0.206569
v -3.120399 0.979598 0.119560
v -3.092065 0.979598 0.018865
v -3.096235 0.979598 -0.085658
v -3.080991 0.991903 -0.212662
v -3.157247 0.991903 -0.309275
v -3.259628 0.991903 -0.377593
v -3.378110 0.991903 -0.410931
v -3.501094 0.991903 -0.406024
v -3.616542 0.991903 -0.363355
v -3.713154 0.991903 -0.287096
v -3.781473 0.991903 -0.184717
v -3.814810 0.991903 -0.066235
v -3.809904 0.991903 0.056749
v -3.767234 0.991903 0.172198
v -3.690976 0.991903 0.268809
v -3.588596 0.991903 0.337129
v -3.470116 0.991903 0.370466
v -3.347132 0.991903 0.365559
v -3.231683 0.991903 0.322889
v -3.135071 0.991903 0.246632
v -3.066753 0.991903 0.144251
v -3.033413 0.991903 0.025771
v -3.038320 0.991903 -0.097213
v -3.029480 1.004208 -0.241549
v -3.117187 1.004208 -0.352665
v -3.234936 1.004208 -0.431240
v -3.371204 1.004208 -0.469583
v -3.512650 1.004208 -0.463940
v -3.645430 1.004208 -0.414865
v -3.756546 1.004209 -0.327159
v -3.835119 1.004208 -0.209410
v -3.873462 1.004208 -0.073142
v -3.867820 1.004209 0.068305
v -3.818743 1.004209 0.201086
v -3.731039 1.004208 0.312201
v -3.613289 1.004208 0.390775
v -3.477022 1.004208 0.429118
v -3.335576 1.004209 0.423474
v -3.202797 1.004209 0.374399
v -3.091680 1.004208 0.286693
v -3.013105 1.004208 0.168945
v -2.974762 1.004208 0.032676
v -2.980405 1.004208 -0.108769
v -2.999015 2.064308 -0.254330
v -3.093752 2.064308 -0.372999
v -3.220843 2.064308 -0.456992
v -3.367850 2.064308 -0.498088
v -3.520382 2.064308 -0.492262
v -3.663507 2.064308 -0.440085
v -3.783216 2.064308 -0.346666
v -3.867791 2.064308 -0.221148
v -3.908952 2.064308 -0.075817
v -3.902672 2.064308 0.075098
v -3.849564 2.064308 0.216828
v -3.754828 2.064308 0.335497
v -3.627737 2.064308 0.419491
v -3.480730 2.064308 0.460585
v -3.328198 2.064308 0.454760
v -3.185074 2.064308 0.402583
v -3.065366 2.064308 0.309164
v -2.980789 2.064308 0.183646
v -2.939628 2.064308 0.038316
v -3.016500 2.094642 -0.244644
v -3.107341 2.094642 -0.358434
v -3.229208 2.094642 -0.438974
v -3.370171 2.094642 -0.478380
v -3.516431 2.094642 -0.472794
v -3.653673 2.094642 -0.422763
v -3.768459 2.094642 -0.333184
v -3.849556 2.094642 -0.212827
v -3.889026 2.094642 -0.073472
v -3.883004 2.094642 0.071240
v -3.832080 2.094642 0.207143
v -3.741239 2.094642 0.320933
v -3.619372 2.094642 0.401473
v -3.478410 2.094642 0.440878
v -3.332149 2.094642 0.435292
v -3.194908 2.094642 0.385261
v -3.080122 2.094642 0.295683
v -2.999023 2.094642 0.175325
v -2.959554 2.094642 0.035969
v -3.016500 2.184546 -0.244644
v -3.107341 2.184546 -0.358434
v -3.229208 2.184546 -0.438974
v -3.370171 2.184546 -0.478380
v -3.516431 2.184546 -0.472794
v -3.653673 2.184546 -0.422763
v -3.768459 2.184546 -0.333184
v -3.849556 2.184546 -0.212827
v -3.889026 2.184546 -0.073472
v -3.883004 2.184546 0.071240
v -3.832080 2.184546 0.207143
v -3.741239 2.184546 0.320933
v -3.619372 2.184546 0.401473
v -3.478410 2.184546 0.440878
v -3.332149 2.184546 0.435292
v -3.194908 2.184546 0.385261
v -3.080122 2.184546 0.295683
v -2.999023 2.184546 0.175325
v -2.959554 2.184546 0.035969
v -3.008889 2.261530 -0.100244
v -3.055005 2.261530 -0.223315
v -3.137268 2.261530 -0.326361
v -3.247628 2.261530 -0.399296
v -3.375280 2.261530 -0.434980
v -3.507731 2.261530 -0.429921
v -3.632013 2.261530 -0.384615
v -3.735961 2.261530 -0.303494
v -3.809401 2.261530 -0.194501
v -3.845144 2.261530 -0.068305
v -3.839691 2.261530 0.062743
v -3.793575 2.261530 0.185813
v -3.711311 2.261530 0.288859
v -3.600951 2.261530 0.361794
v -3.473299 2.261530 0.397479
v -3.340849 2.261530 0.392420
v -3.216568 2.261530 0.347113
v -3.112619 2.261530 0.265992
v -3.039178 2.261530 0.157000
v -3.003436 2.261530 0.030803
v -3.008889 2.462181 -0.100244
v -3.055005 2.462181 -0.223315
v -3.137268 2.462181 -0.326361
v -3.247628 2.462181 -0.399296
v -3.375280 2.462181 -0.434980
v -3.507731 2.462181 -0.429921
v -3.632013 2.462181 -0.384615
v -3.735961 2.462181 -0.303494
v -3.809401 2.462181 -0.194501
v -3.845144 2.462181 -0.068305
v -3.839691 2.462181 0.062743
v -3.793575 2.462181 0.185813
v -3.711311 2.462181 0.288859
v -3.600951 2.462181 0.361794
v -3.473299 2.462181 0.397479
v -3.340849 2.462181 0.392420
v -3.216568 2.462181 0.347113
v -3.112619 2.462181 0.265992
v -3.039178 2.462181 0.157000
v -3.003436 2.462181 0.030803
v -2.999015 2.051637 -0.254330
v -3.093752 2.051637 -0.372999
v -3.220843 2.051637 -0.456992
v -3.367850 2.051637 -0.498088
v -3.520382 2.051637 -0.492262
v -3.663507 2.051637 -0.440085
v -3.783216 2.051637 -0.346666
v -3.867791 2.051637 -0.221148
v -3.908952 2.051637 -0.075817
v -3.902672 2.051637 0.075098
v -3.849564 2.051637 0.216828
v -3.754828 2.051637 0.335497
v -3.627737 2.051637 0.419491
v -3.480730 2.051637 0.460585
v -3.328198 2.051637 0.454760
v -3.185074 2.051637 0.402583
v -3.065366 2.051637 0.309164
v -2.980789 2.051637 0.183646
v -2.939628 2.051637 0.038316
v -3.013935 2.090192 -0.246065
v -3.105348 2.090192 -0.360571
v -3.227981 2.090192 -0.441617
v -3.369830 2.090192 -0.481271
v -3.517010 2.090192 -0.475649
v -3.655114 2.090192 -0.425303
v -3.770623 2.090192 -0.335161
v -3.852231 2.090192 -0.214047
v -3.891949 2.090192 -0.073816
v -3.885889 2.090192 0.071806
v -3.834645 2.090192 0.208563
v -3.743232 2.090192 0.323069
v -3.620599 2.090192 0.404116
v -3.478750 2.090192 0.443769
v -3.331570 2.090192 0.438147
v -3.193467 2.090192 0.387802
v -3.077957 2.090192 0.297660
v -2.996349 2.090192 0.176546
v -2.956631 2.090192 0.036315
v -3.000697 2.067225 -0.253399
v -3.095059 2.067225 -0.371599
v -3.221648 2.067225 -0.455259
v -3.368073 2.067225 -0.496192
v -3.520001 2.067225 -0.490390
v -3.662561 2.067225 -0.438419
v -3.781796 2.067225 -0.345369
v -3.866037 2.067225 -0.220347
v -3.907036 2.067225 -0.075592
v -3.900781 2.067225 0.074727
v -3.847883 2.067225 0.215897
v -3.753522 2.067225 0.334097
v -3.626932 2.067225 0.417758
v -3.480507 2.067225 0.458691
v -3.328579 2.067225 0.452887
v -3.186020 2.067225 0.400918
v -3.066785 2.067225 0.307867
v -2.982543 2.067225 0.182845
v -2.941545 2.067225 0.038090
v -3.016500 2.179885 -0.244644
v -3.107341 2.179885 -0.358434
v -3.229208 2.179885 -0.438974
v -3.370171 2.179885 -0.478380
v -3.516431 2.179885 -0.472794
v -3.653673 2.179885 -0.422763
v -3.768459 2.179885 -0.333184
v -3.849556 2.179885 -0.212827
v -3.889026 2.179885 -0.073472
v -3.883004 2.179885 0.071240
v -3.832080 2.179885 0.207143
v -3.741239 2.179885 0.320933
v -3.619372 2.179885 0.401473
v -3.478410 2.179885 0.440878
v -3.332149 2.179885 0.435292
v -3.194908 2.179885 0.385261
v -3.080122 2.179885 0.295683
v -2.999023 2.179885 0.175325
v -2.959554 2.179885 0.035969
v -3.052486 2.256494 -0.224710
v -3.135311 2.256494 -0.328459
v -3.246423 2.256494 -0.401892
v -3.374946 2.256494 -0.437819
v -3.508300 2.256494 -0.432726
v -3.633429 2.256494 -0.387110
v -3.738087 2.256494 -0.305436
v -3.812028 2.256494 -0.195700
v -3.848015 2.256494 -0.068642
v -3.842524 2.256494 0.063299
v -3.796093 2.256494 0.187208
v -3.713268 2.256494 0.290957
v -3.602157 2.256494 0.364389
v -3.473634 2.256494 0.400318
v -3.340280 2.256494 0.395225
v -3.215151 2.256494 0.349609
v -3.110493 2.256494 0.267934
v -3.036551 2.256494 0.158199
v -3.000566 2.256494 0.031141
v -3.014199 2.401911 -0.097364
v -3.055005 2.457130 -0.223315
v -3.170019 2.400718 -0.348005
v -3.214878 2.400718 -0.377651
v -3.375280 2.457130 -0.434980
v -3.543364 2.402629 -0.416932
v -3.596380 2.402629 -0.397604
v -3.735961 2.457130 -0.303494
v -3.819498 2.403435 -0.158854
v -3.835048 2.403435 -0.103951
v -3.839691 2.457130 0.062743
v -3.773370 2.403772 0.212261
v -3.731516 2.403772 0.262410
v -3.600951 2.457130 0.361794
v -3.442257 2.397238 0.398003
v -3.373613 2.397238 0.398292
v -3.216568 2.457130 0.347113
v -3.090935 2.401002 0.233810
v -3.060863 2.401002 0.189181
v -3.003436 2.457130 0.030803
v -2.999015 2.041349 -0.254330
v -3.093752 2.041349 -0.372999
v -3.220843 2.041349 -0.456992
v -3.367850 2.041349 -0.498088
v -3.520382 2.041349 -0.492262
v -3.663507 2.041349 -0.440085
v -3.783216 2.041349 -0.346666
v -3.867791 2.041349 -0.221148
v -3.908952 2.041349 -0.075817
v -3.902672 2.041349 0.075098
v -3.849564 2.041349 0.216828
v -3.754828 2.041349 0.335497
v -3.627737 2.041349 0.419491
v -3.480730 2.041349 0.460585
v -3.328198 2.041349 0.454760
v -3.185074 2.041349 0.402583
v -3.065366 2.041349 0.309164
v -2.980789 2.041349 0.183646
v -2.939628 2.041349 0.038316
v -2.939628 2.049556 0.038316
v -2.980789 2.049556 0.183646
v -3.065366 2.049556 0.309164
v -3.185074 2.049556 0.402583
v -3.328198 2.049556 0.454760
v -3.480730 2.049556 0.460585
v -3.627737 2.049556 0.419491
v -3.754828 2.049556 0.335497
v -3.849564 2.049556 0.216828
v -3.902672 2.049556 0.075098
v -3.908952 2.049556 -0.075817
v -3.867791 2.049556 -0.221148
v -3.783216 2.049556 -0.346666
v -3.663507 2.049556 -0.440085
v -3.520382 2.049556 -0.492262
v -3.367850 2.049556 -0.498088
v -3.220843 2.049556 -0.456992
v -3.093752 2.049556 -0.372999
v -2.999015 2.049556 -0.254330
v -3.014199 2.322258 -0.097364
v -3.055005 2.267039 -0.223315
v -3.170019 2.323451 -0.348005
v -3.214878 2.323451 -0.377651
v -3.375280 2.267039 -0.434980
v -3.543364 2.321539 -0.416932
v -3.596380 2.321539 -0.397604
v -3.735961 2.267039 -0.303494
v -3.819498 2.320734 -0.158854
v -3.835048 2.320734 -0.103951
v -3.839691 2.267039 0.062743
v -3.773370 2.320397 0.212261
v -3.731516 2.320397 0.262410
v -3.600951 2.267039 0.361794
v -3.442257 2.325507 0.398003
v -3.373613 2.325507 0.398292
v -3.216568 2.267039 0.347113
v -3.090935 2.323166 0.233810
v -3.060863 2.323166 0.189181
v -3.003436 2.267039 0.030803
v -3.408080 2.261530 0.394987
v -3.408236 2.321819 0.398201
v -3.408236 2.399386 0.398201
v -3.408080 2.462181 0.394987
v -3.752293 2.462181 0.237524
v -3.752390 2.402565 0.237403
v -3.752390 2.321603 0.237403
v -3.752293 2.261530 0.237524
v -3.827624 2.261530 -0.130161
v -3.827417 2.317894 -0.130893
v -3.827417 2.406275 -0.130893
v -3.827624 2.462181 -0.130161
v -3.565676 2.261530 -0.408798
v -3.568082 2.321539 -0.407921
v -3.568082 2.402629 -0.407921
v -3.565676 2.462181 -0.408798
v -3.193234 2.261530 -0.363347
v -3.192743 2.323714 -0.363023
v -3.192743 2.400454 -0.363023
v -3.193234 2.462181 -0.363347
v -3.074871 2.261530 0.209970
v -3.075477 2.323166 0.210871
v -3.075477 2.401002 0.210871
v -3.074871 2.462181 0.209970
v -2.970123 2.041349 -0.177224
v -2.970123 2.049556 -0.177224
v -2.970123 2.051637 -0.177224
v -2.970123 2.064308 -0.177224
v -2.971919 2.067225 -0.176597
v -2.986057 2.090192 -0.171664
v -2.988795 2.094642 -0.170708
v -2.988795 2.179885 -0.170708
v -2.988795 2.184546 -0.170708
v -3.027226 2.256494 -0.157299
v -3.029917 2.261530 -0.156360
v -3.023010 2.322258 -0.120878
v -3.023010 2.401911 -0.120878
v -3.029917 2.462181 -0.156360
v -2.942744 2.041349 -0.036559
v -2.942744 2.049556 -0.036559
v -2.942744 2.051637 -0.036559
v -2.942744 2.064308 -0.036559
v -2.944647 2.067225 -0.036488
v -2.959638 2.090192 -0.035934
v -2.962541 2.094642 -0.035826
v -2.962541 2.179885 -0.035826
v -2.962541 2.184546 -0.035826
v -3.003290 2.256494 -0.034319
v -3.006142 2.261530 -0.034215
v -3.013048 2.322258 -0.069696
v -3.013048 2.401911 -0.069696
v -3.006142 2.462181 -0.034215
v -2.968026 1.043448 -0.110696
v -3.018573 1.043448 -0.245900
v -3.108770 1.043448 -0.359095
v -3.229787 1.043448 -0.439201
v -3.369778 1.043448 -0.478377
v -3.515040 1.043448 -0.472788
v -3.651353 1.043448 -0.422981
v -3.765374 1.043448 -0.333832
v -3.845943 1.043448 -0.214066
v -3.885173 1.043448 -0.075409
v -3.879222 1.043448 0.068569
v -3.828675 1.043448 0.203773
v -3.738479 1.043448 0.316968
v -3.617462 1.043448 0.397074
v -3.477471 1.043448 0.436250
v -3.332210 1.043448 0.430661
v -3.195897 1.043448 0.380855
v -3.081875 1.043448 0.291706
v -3.001306 1.043448 0.171940
v -2.962077 1.043448 0.033282
v -2.952552 1.100277 -0.113740
v -3.004815 1.100277 -0.253536
v -3.098076 1.100277 -0.370576
v -3.223202 1.100277 -0.453403
v -3.367949 1.100277 -0.493911
v -3.518145 1.100277 -0.488131
v -3.659088 1.100277 -0.436633
v -3.776982 1.100277 -0.344455
v -3.860288 1.100277 -0.220622
v -3.900850 1.100277 -0.077254
v -3.894698 1.100277 0.071613
v -3.842434 1.100277 0.211410
v -3.749173 1.100277 0.328450
v -3.624046 1.100277 0.411278
v -3.479300 1.100277 0.451784
v -3.329105 1.100277 0.446005
v -3.188161 1.100277 0.394506
v -3.070266 1.100277 0.302329
v -2.986960 1.100277 0.178496
v -2.946399 1.100277 0.035128
v -2.920803 1.203969 -0.119986
v -2.976590 1.203969 -0.269204
v -3.076135 1.203969 -0.394132
v -3.209695 1.203969 -0.482541
v -3.364196 1.203969 -0.525778
v -3.524515 1.203969 -0.519610
v -3.674957 1.203969 -0.464640
v -3.800797 1.203969 -0.366251
v -3.889717 1.203969 -0.234072
v -3.933013 1.203969 -0.081041
v -3.926445 1.203969 0.077860
v -3.870659 1.203969 0.227077
v -3.771114 1.203969 0.352006
v -3.637553 1.203969 0.440415
v -3.483052 1.203969 0.483652
v -3.322734 1.203969 0.477483
v -3.172292 1.203969 0.422515
v -3.046452 1.203969 0.324125
v -2.957532 1.203969 0.191945
v -2.914236 1.203969 0.038915
v -2.901436 1.344195 -0.123796
v -2.959371 1.344195 -0.278762
v -3.062751 1.344195 -0.408502
v -3.201455 1.344195 -0.500316
v -3.361907 1.344195 -0.545219
v -3.528400 1.344195 -0.538812
v -3.684638 1.344195 -0.481725
v -3.815325 1.344195 -0.379546
v -3.907670 1.344195 -0.242275
v -3.952633 1.344195 -0.083351
v -3.945813 1.344195 0.081670
v -3.887878 1.344195 0.236635
v -3.784498 1.344195 0.366375
v -3.645793 1.344195 0.458190
v -3.485342 1.344195 0.503092
v -3.318848 1.344195 0.496687
v -3.162611 1.344195 0.439599
v -3.031924 1.344195 0.337421
v -2.939579 1.344195 0.200150
v -2.894616 1.344195 0.041225
v -2.894927 1.484586 -0.125077
v -2.953584 1.484586 -0.281973
v -3.058252 1.484586 -0.413331
v -3.198686 1.484586 -0.506290
v -3.361138 1.484586 -0.551752
v -3.529706 1.484586 -0.545266
v -3.687892 1.484586 -0.487468
v -3.820207 1.484586 -0.384015
v -3.913704 1.484586 -0.245033
v -3.959227 1.484586 -0.084128
v -3.952322 1.484586 0.082951
v -3.893665 1.484586 0.239847
v -3.788996 1.484586 0.371204
v -3.648563 1.484586 0.464163
v -3.486111 1.484586 0.509625
v -3.317542 1.484586 0.503141
v -3.159358 1.484586 0.445342
v -3.027041 1.484586 0.341888
v -2.933546 1.484586 0.202907
v -2.888022 1.484586 0.042001
v -2.901436 1.596474 -0.123796
v -2.959371 1.596474 -0.278762
v -3.062751 1.596474 -0.408502
v -3.201455 1.596474 -0.500316
v -3.361907 1.596474 -0.545219
v -3.528400 1.596474 -0.538812
v -3.684638 1.596474 -0.481725
v -3.815325 1.596474 -0.379546
v -3.907670 1.596474 -0.242275
v -3.952633 1.596474 -0.083351
v -3.945813 1.596474 0.081670
v -3.887878 1.596474 0.236635
v -3.784498 1.596474 0.366375
v -3.645793 1.596474 0.458190
v -3.485342 1.596474 0.503092
v -3.318848 1.596474 0.496687
v -3.162611 1.596474 0.439599
v -3.031924 1.596474 0.337421
v -2.939579 1.596474 0.200150
v -2.894616 1.596474 0.041225
v -2.907236 1.737188 -0.122655
v -2.964527 1.737188 -0.275899
v -3.066759 1.737188 -0.404198
v -3.203923 1.737188 -0.494993
v -3.362593 1.737188 -0.539396
v -3.527237 1.737188 -0.533062
v -3.681738 1.737188 -0.476609
v -3.810974 1.737188 -0.375564
v -3.902293 1.737188 -0.239818
v -3.946757 1.737188 -0.082660
v -3.940013 1.737188 0.080529
v -3.882721 1.737188 0.233773
v -3.780489 1.737188 0.362072
v -3.643326 1.737188 0.452866
v -3.484656 1.737188 0.497270
v -3.320012 1.737188 0.490935
v -3.165510 1.737188 0.434483
v -3.036275 1.737188 0.333439
v -2.944956 1.737188 0.197692
v -2.900491 1.737188 0.040534
v -2.922068 1.901398 -0.119737
v -2.977714 1.901398 -0.268580
v -3.077009 1.901398 -0.393194
v -3.210233 1.901398 -0.481380
v -3.364346 1.901398 -0.524509
v -3.524261 1.901398 -0.518356
v -3.674325 1.901398 -0.463525
v -3.799849 1.901398 -0.365382
v -3.888545 1.901398 -0.233535
v -3.931732 1.901398 -0.080890
v -3.925181 1.901398 0.077611
v -3.869535 1.901398 0.226454
v -3.770240 1.901398 0.351067
v -3.637015 1.901398 0.439254
v -3.482903 1.901398 0.482382
v -3.322988 1.901398 0.476230
v -3.172924 1.901398 0.421399
v -3.047400 1.901398 0.323256
v -2.958704 1.901398 0.191409
v -2.915517 1.901398 0.038764
v -2.952372 2.037977 -0.113776
v -3.004656 2.037977 -0.253624
v -3.097952 2.037977 -0.370709
v -3.223127 2.037977 -0.453568
v -3.367928 2.037977 -0.494090
v -3.518180 2.037977 -0.488309
v -3.659177 2.037977 -0.436791
v -3.777117 2.037977 -0.344578
v -3.860455 2.037977 -0.220698
v -3.901031 2.037977 -0.077275
v -3.894877 2.037977 0.071648
v -3.842593 2.037977 0.211499
v -3.749297 2.037977 0.328583
v -3.624122 2.037977 0.411442
v -3.479322 2.037977 0.451964
v -3.329069 2.037977 0.446183
v -3.188071 2.037977 0.394665
v -3.070132 2.037977 0.302452
v -2.986795 2.037977 0.178571
v -2.946217 2.037977 0.035150
v -2.981725 2.100218 -0.107878
v -3.030692 2.100238 -0.238951
v -3.118134 2.100262 -0.348757
v -3.235537 2.100281 -0.426511
v -3.371406 2.100289 -0.464547
v -3.512393 2.100281 -0.459110
v -3.644646 2.100262 -0.410751
v -3.755202 2.100238 -0.324259
v -3.833274 2.100218 -0.208144
v -3.871277 2.100210 -0.073772
v -3.865524 2.100218 0.065752
v -3.816558 2.100238 0.196824
v -3.729115 2.100262 0.306630
v -3.611712 2.100281 0.384385
v -3.475843 2.100289 0.422421
v -3.334855 2.100281 0.416984
v -3.202603 2.100262 0.368625
v -3.092047 2.100238 0.282132
v -3.013975 2.100218 0.166018
v -2.975972 2.100210 0.031646
v -2.471892 2.809731 0.011030
v -2.515287 2.772048 0.170404
v -2.442731 2.779815 -0.092260
v -2.456143 2.671541 -0.156695
v -2.417543 2.311893 -0.418463
v -2.451266 1.983325 -0.832014
v -2.423709 1.661343 -0.790240
v -2.651088 0.967677 -0.955349
v -3.389139 0.889922 -0.917646
v -4.076795 0.993564 -1.025701
v -4.130785 1.787738 -0.709003
v -4.219565 2.262750 -0.493741
v -4.343651 2.757298 -0.302492
v -4.308035 2.769694 -0.092416
v -4.378169 2.812410 -0.084980
v -4.369001 2.910158 -0.167390
v -4.340276 2.765564 -0.169366
v -2.481123 2.805941 0.009942
v -2.524353 2.771558 0.166107
v -2.452474 2.781426 -0.094099
v -2.465874 2.673030 -0.158692
v -2.427274 2.313549 -0.420319
v -2.460983 1.984171 -0.834413
v -2.433420 1.662380 -0.792593
v -2.657350 0.975346 -0.957042
v -3.389168 0.899903 -0.918780
v -4.069988 1.000808 -1.027151
v -4.121515 1.790217 -0.711970
v -4.210562 2.266698 -0.495806
v -4.334744 2.761812 -0.303575
v -4.299077 2.774138 -0.093360
v -4.368728 2.815820 -0.085346
v -4.359094 2.909160 -0.166068
v -4.331380 2.768864 -0.166071
v -2.490324 2.809799 0.008859
v -2.533133 2.767314 0.168512
v -2.460889 2.776050 -0.093019
v -2.474517 2.669967 -0.154590
v -2.435912 2.309911 -0.416707
v -2.469648 1.981988 -0.829826
v -2.441983 1.662844 -0.787366
v -2.663097 0.981230 -0.951276
v -3.389595 0.907759 -0.912536
v -4.063771 1.006004 -1.021215
v -4.112374 1.789760 -0.707834
v -4.201315 2.265663 -0.492024
v -4.325167 2.758802 -0.303226
v -4.289797 2.772190 -0.090045
v -4.361364 2.817073 -0.078632
v -4.352112 2.914036 -0.160740
v -4.321930 2.768369 -0.169438
v -2.494107 2.819046 0.008414
v -2.536484 2.761801 0.176211
v -2.463047 2.766836 -0.089651
v -2.477008 2.664146 -0.146793
v -2.438397 2.303111 -0.409745
v -2.472185 1.978053 -0.820938
v -2.444385 1.662463 -0.777620
v -2.664961 0.981882 -0.941427
v -3.390169 0.908890 -0.902573
v -4.061786 1.006110 -1.011369
v -4.108716 1.786633 -0.699016
v -4.197240 2.260250 -0.484608
v -4.320531 2.750031 -0.301650
v -4.285631 2.764990 -0.084415
v -4.358315 2.847796 -0.086399
v -4.352147 2.921929 -0.154528
v -4.317461 2.764368 -0.177496
v -2.494892 2.815505 0.008322
v -2.532444 2.758251 0.184694
v -2.457685 2.759182 -0.085970
v -2.471889 2.658977 -0.139866
v -2.433272 2.297132 -0.403508
v -2.467108 1.974673 -0.812958
v -2.439218 1.661459 -0.769065
v -2.661852 0.976921 -0.933266
v -3.390555 0.902632 -0.894725
v -4.065194 1.001063 -1.003382
v -4.112684 1.782669 -0.690685
v -4.200723 2.253631 -0.477905
v -4.323551 2.740638 -0.299770
v -4.286275 2.735038 -0.103078
v -4.366379 2.811868 -0.061537
v -4.359176 2.928216 -0.151070
v -4.320591 2.759204 -0.185522
v -2.485661 2.819295 0.009408
v -2.523378 2.758741 0.188991
v -2.447943 2.757572 -0.084132
v -2.462159 2.657487 -0.137870
v -2.423540 2.295477 -0.401653
v -2.457391 1.973827 -0.810559
v -2.429508 1.660422 -0.766712
v -2.655589 0.969252 -0.931573
v -3.390526 0.892652 -0.893590
v -4.072001 0.993819 -1.001931
v -4.121955 1.780189 -0.687718
v -4.209725 2.249683 -0.475838
v -4.332459 2.736125 -0.298688
v -4.294972 2.730177 -0.104356
v -4.375820 2.808459 -0.061171
v -4.369083 2.929214 -0.152393
v -4.329488 2.755904 -0.188817
v -2.476459 2.815437 0.010492
v -2.514598 2.762985 0.186586
v -2.439527 2.762948 -0.085212
v -2.453516 2.660550 -0.141972
v -2.414902 2.299114 -0.405265
v -2.448726 1.976010 -0.815147
v -2.420943 1.659958 -0.771940
v -2.649843 0.963368 -0.937339
v -3.390100 0.884796 -0.899834
v -4.078218 0.988623 -1.007868
v -4.131097 1.780647 -0.691855
v -4.218972 2.250718 -0.479621
v -4.342036 2.739134 -0.299037
v -4.304384 2.732916 -0.106551
v -4.383184 2.807205 -0.067886
v -4.376064 2.924338 -0.157720
v -4.338939 2.756399 -0.185450
v -2.468040 2.818950 0.011483
v -2.511246 2.768497 0.178887
v -2.437369 2.772161 -0.088580
v -2.451025 2.666371 -0.149769
v -2.412418 2.305914 -0.412228
v -2.446189 1.979945 -0.824034
v -2.418542 1.660339 -0.781685
v -2.647978 0.962716 -0.947187
v -3.389524 0.883665 -0.909798
v -4.080203 0.988517 -1.017714
v -4.134754 1.783774 -0.700671
v -4.223048 2.256131 -0.487036
v -4.346671 2.747905 -0.300613
v -4.311423 2.761461 -0.087767
v -4.384157 2.808842 -0.077748
v -4.376031 2.916445 -0.163932
v -4.343406 2.760401 -0.177393
v -4.329298 2.799399 -0.230312
v -4.323919 2.796432 -0.227526
v -4.314408 2.797095 -0.225217
v -4.306336 2.801000 -0.224737
v -4.304432 2.805859 -0.226369
v -4.309810 2.808826 -0.229155
v -4.319320 2.808163 -0.231465
v -4.327393 2.804258 -0.231944
v -2.525477 2.927087 0.052178
v -2.521774 2.932761 0.057900
v -2.527787 2.934650 0.058951
v -2.536900 2.937040 0.060104
v -2.545962 2.934716 0.056873
v -2.547477 2.932855 0.054960
v -2.543652 2.927153 0.050100
v -2.534539 2.924764 0.048947
v -3.055235 2.613448 0.021779
v -3.034681 2.763981 -0.128451
v -3.055915 2.909715 0.027550
v -3.070816 2.759182 0.178444
v -2.782943 2.613219 0.053839
v -2.726648 2.613031 0.060467
v -2.702673 2.495582 0.063124
v -2.700318 2.421393 0.063297
v -2.691216 2.167858 0.064010
v -2.692006 1.828056 0.063436
v -2.689749 1.492677 0.063227
v -2.689959 1.212796 0.062806
v -2.702652 1.007014 0.061021
v -2.776841 0.867936 0.052088
v -2.933500 0.798134 0.033543
v -3.182991 0.709969 0.004042
v -2.765414 2.765043 -0.096745
v -2.656339 2.729919 -0.083951
v -2.534209 2.549582 -0.069826
v -2.529353 2.425474 -0.069430
v -2.520315 2.164985 -0.068734
v -2.521070 1.827519 -0.069301
v -2.518841 1.493453 -0.069511
v -2.519045 1.212483 -0.069933
v -2.531859 0.998029 -0.071745
v -2.611089 0.825693 -0.081318
v -2.804198 0.692250 -0.104244
v -3.105191 0.569505 -0.139859
v -2.783622 2.903151 0.059601
v -2.588579 2.874524 0.082526
v -2.409114 2.602092 0.103272
v -2.394178 2.429781 0.104787
v -2.385000 2.162572 0.105489
v -2.385742 1.827365 0.104927
v -2.383491 1.494566 0.104722
v -2.383694 1.212544 0.104298
v -2.396908 0.989715 0.102426
v -2.482757 0.785261 0.092029
v -2.715332 0.590362 0.064368
v -3.071376 0.434223 0.022225
v -2.801550 2.760283 0.210151
v -2.695246 2.725881 0.222619
v -2.575288 2.548094 0.236492
v -2.570784 2.425700 0.236849
v -2.561747 2.165447 0.237545
v -2.562503 1.827902 0.236978
v -2.560274 1.493790 0.236767
v -2.560478 1.212857 0.236346
v -2.573283 0.998701 0.234535
v -2.652312 0.827506 0.224987
v -2.844111 0.696246 0.202218
v -3.143264 0.574688 0.166823
v -2.693544 2.728252 0.220384
v -2.572636 2.548954 0.234366
v -2.567967 2.425765 0.234742
v -2.558927 2.165401 0.235437
v -2.559683 1.827893 0.234871
v -2.557453 1.493803 0.234660
v -2.557658 1.212852 0.234239
v -2.570468 0.998558 0.232427
v -2.649606 0.826832 0.222866
v -2.842056 0.694557 0.200019
v -3.142117 0.572447 0.164515
v -3.181750 0.707727 0.001746
v -2.931437 0.796444 0.031344
v -2.774197 0.867263 0.049959
v -2.699927 1.006870 0.058902
v -2.687232 1.212791 0.060688
v -2.687022 1.492690 0.061109
v -2.689278 1.828047 0.061318
v -2.688489 2.167812 0.061891
v -2.697590 2.421458 0.061179
v -2.699984 2.496444 0.061003
v -2.725526 2.614896 0.058163
v -2.782663 2.615642 0.051436
v -3.054907 2.615850 0.019381
v -3.070579 2.761583 0.176036
v -2.801264 2.762563 0.207748
v -2.655265 2.732212 -0.081310
v -2.532223 2.550414 -0.067080
v -2.527208 2.425543 -0.066666
v -2.518167 2.164947 -0.065971
v -2.518923 1.827517 -0.066537
v -2.516694 1.493470 -0.066747
v -2.516898 1.212483 -0.067169
v -2.529717 0.997897 -0.068982
v -2.609053 0.825051 -0.078567
v -2.802789 0.690633 -0.101569
v -3.104654 0.567358 -0.137287
v -3.181121 0.705580 0.004328
v -3.182361 0.707823 0.006625
v -2.932082 0.796518 0.036219
v -2.774866 0.867295 0.054831
v -2.700600 1.006882 0.063773
v -2.687905 1.212796 0.065559
v -2.687695 1.492695 0.065980
v -2.689951 1.828053 0.066189
v -2.689162 2.167820 0.066763
v -2.698263 2.421462 0.066051
v -2.700652 2.496415 0.065875
v -2.726150 2.614823 0.063040
v -2.783238 2.615553 0.056319
v -3.055482 2.615760 0.024264
v -3.055156 2.618162 0.021867
v -3.035018 2.766293 -0.125976
v -2.765703 2.767234 -0.094264
v -3.039041 2.909472 0.029535
v -3.018543 2.766328 -0.124036
v -3.018212 2.764021 -0.126512
v -3.038041 2.615843 0.021367
v -3.038363 2.613439 0.023765
v -3.038616 2.615753 0.026250
v -3.054347 2.759222 0.180383
v -3.054103 2.761620 0.177976
v -3.177513 0.710085 0.007199
v -3.178163 0.712219 0.004614
v -3.176901 0.709990 0.002320
v -3.099049 0.572636 -0.139131
v -3.098489 0.570502 -0.136557
v -3.063829 0.438208 0.023120
v -3.135999 0.575562 0.165240
v -3.137169 0.577790 0.167544
v -2.615042 2.818051 0.017510
v -2.457968 2.581585 0.035670
v -2.446968 2.428099 0.036748
v -2.437845 2.163514 0.037449
v -2.438592 1.827426 0.036885
v -2.436350 1.494131 0.036677
v -2.436554 1.212520 0.036255
v -2.449611 0.992962 0.034407
v -2.532876 0.801052 0.024330
v -2.750038 0.630152 -0.001481
v -3.077584 0.490707 -0.040246
v -3.084582 0.487056 -0.041075
v -3.157595 0.625279 0.100947
v -3.158779 0.627521 0.103250
v -3.153179 0.630288 0.103914
v -2.879021 0.736038 0.136345
v -2.700945 0.843295 0.157464
v -2.623807 1.001947 0.166771
v -2.611046 1.212833 0.168573
v -2.610840 1.493356 0.168993
v -2.613079 1.827962 0.169203
v -2.612310 2.166388 0.169773
v -2.621373 2.424017 0.169070
v -2.625037 2.527585 0.168786
v -2.707510 2.681810 0.159293
v -2.794284 2.702850 0.149105
v -3.048105 2.702288 0.119218
v -3.064732 2.702267 0.117260
v -3.064459 2.704669 0.114857
v -3.047622 2.852801 -0.033375
v -3.030907 2.852669 -0.031407
v -2.776511 2.849215 -0.001458
v -2.628501 2.818892 0.134958
v -2.471307 2.581882 0.153132
v -2.460276 2.428252 0.154213
v -2.451150 2.163649 0.154913
v -2.451897 1.827567 0.154350
v -2.449655 1.494275 0.154142
v -2.449859 1.212661 0.153719
v -2.462920 0.993078 0.151871
v -2.546216 0.801073 0.141791
v -2.763530 0.629990 0.115961
v -3.091279 0.490447 0.077173
v -3.098281 0.486794 0.076343
v -3.112351 0.539627 0.012941
v -3.133737 0.619928 -0.083426
v -3.134308 0.622076 -0.086002
v -3.128658 0.624876 -0.085333
v -2.852592 0.731879 -0.052675
v -2.673124 0.841502 -0.031389
v -2.595781 1.001391 -0.022056
v -2.583012 1.212599 -0.020253
v -2.582806 1.493163 -0.019832
v -2.585046 1.827721 -0.019622
v -2.584277 2.166060 -0.019052
v -2.593339 2.423947 -0.019755
v -2.597259 2.529372 -0.020067
v -2.682654 2.686172 -0.029900
v -2.771975 2.708221 -0.040386
v -3.025753 2.707663 -0.070268
v -3.042374 2.707642 -0.072225
v -3.042677 2.709954 -0.069746
v -3.054026 2.796461 0.023003
v -3.061492 2.853375 0.084024
v -3.044771 2.853239 0.085993
v -2.790331 2.849679 0.115947
v -2.638271 2.641440 0.229208
v -2.636118 2.643095 0.227024
v -2.553841 2.706322 0.143590
v -2.540440 2.705740 0.026136
v -2.596825 2.645867 -0.074551
v -2.598333 2.644267 -0.077242
v -2.642096 2.611700 -0.025230
v -2.713395 2.558638 0.059512
v -2.715261 2.557248 0.061729
v -2.714040 2.558584 0.064386
v -2.668338 2.608559 0.163801
v -2.424314 2.879343 0.068824
v -2.378424 2.809680 0.074129
v -2.445807 2.849391 0.097053
v -2.405612 2.788786 0.101700
v -2.438562 2.848938 0.033821
v -2.398396 2.788472 0.038465
v -2.327694 2.732670 0.079993
v -2.361177 2.721790 0.106837
v -2.353996 2.721630 0.043598
v -2.544166 2.832972 0.117461
v -2.512751 2.876748 0.076201
v -2.533575 2.832308 0.025040
v -2.409972 2.646232 0.039330
v -2.371528 2.662370 0.092526
v -2.420469 2.646466 0.131761
v -2.539970 2.765854 0.125467
v -2.524444 2.721916 0.127244
v -2.511855 2.784722 0.115461
v -2.492234 2.688524 0.130986
v -2.453937 2.699102 0.122210
v -2.451356 2.762948 0.109704
v -2.472084 2.788979 0.107285
v -2.438136 2.726519 0.111239
v -2.529456 2.765468 0.033001
v -2.513036 2.721903 0.034869
v -2.501875 2.784951 0.035289
v -2.480943 2.688433 0.038586
v -2.444338 2.698956 0.041951
v -2.463650 2.789336 0.038876
v -2.443141 2.762426 0.041240
v -2.429422 2.726047 0.042805
v -2.433517 2.773025 0.106582
v -2.408123 2.724675 0.109522
v -2.440885 2.678574 0.125935
v -2.484073 2.646935 0.139623
v -2.535908 2.715835 0.133619
v -2.574496 2.786539 0.129169
v -2.524456 2.803538 0.116241
v -2.461836 2.812539 0.103294
v -2.382324 2.806683 0.078084
v -2.427397 2.875045 0.072874
v -2.517257 2.870467 0.082120
v -2.594306 2.866544 0.090048
v -2.784584 2.895480 0.067684
v -3.039863 2.901404 0.037635
v -3.056715 2.901633 0.035651
v -3.048541 2.844719 -0.025286
v -3.036117 2.758210 -0.117910
v -3.035785 2.755898 -0.120385
v -3.019294 2.755936 -0.118443
v -2.766356 2.756891 -0.088659
v -2.660114 2.723642 -0.076197
v -2.604611 2.639594 -0.069781
v -2.543254 2.546683 -0.062688
v -2.538533 2.425255 -0.062304
v -2.529491 2.165140 -0.061607
v -2.530248 1.827548 -0.062174
v -2.528017 1.493411 -0.062384
v -2.528222 1.212499 -0.062806
v -2.541029 0.998511 -0.064616
v -2.619988 0.827961 -0.074155
v -2.811141 0.697935 -0.096846
v -3.103296 0.580130 -0.131413
v -3.109367 0.577047 -0.132132
v -3.108826 0.574899 -0.129561
v -3.088566 0.494598 -0.033325
v -3.075236 0.441765 0.029989
v -3.067767 0.445702 0.030874
v -2.722246 0.596047 0.071770
v -2.491861 0.787530 0.099168
v -2.406378 0.990198 0.109520
v -2.393186 1.212560 0.111388
v -2.392983 1.494524 0.111812
v -2.395233 1.827394 0.112017
v -2.394490 2.162727 0.112579
v -2.403660 2.429562 0.111877
v -2.418036 2.599193 0.110425
v -2.378550 2.660088 0.098155
v -2.332497 2.731110 0.083845
v -2.445284 2.766377 0.108641
v -2.427921 2.725891 0.110655
v -2.449494 2.692115 0.123477
v -2.489456 2.674368 0.133926
v -2.528346 2.719846 0.129413
v -2.551721 2.772895 0.126726
v -2.516144 2.791126 0.115727
v -2.468596 2.796998 0.105927
v -3.770767 2.613448 -0.062472
v -3.755865 2.763981 -0.213368
v -3.771446 2.909715 -0.056702
v -3.792000 2.759182 0.093528
v -4.043058 2.613219 -0.094534
v -4.099353 2.613031 -0.101163
v -4.123290 2.495582 -0.104147
v -4.125621 2.421393 -0.104527
v -4.134638 2.167858 -0.105947
v -4.133738 1.828056 -0.106322
v -4.135883 1.492677 -0.107049
v -4.135582 1.212796 -0.107410
v -4.122821 1.007014 -0.106199
v -4.048586 0.867936 -0.097655
v -3.891905 0.798134 -0.079305
v -3.642385 0.709969 -0.050050
v -4.025131 2.765043 -0.245071
v -4.134195 2.729919 -0.257963
v -4.256266 2.549582 -0.272591
v -4.261081 2.425474 -0.273334
v -4.270035 2.164985 -0.274756
v -4.269168 1.827519 -0.275131
v -4.271286 1.493453 -0.275854
v -4.270990 1.212483 -0.276217
v -4.258106 0.998029 -0.275003
v -4.178820 0.825693 -0.265912
v -3.985667 0.692250 -0.243357
v -3.684634 0.569505 -0.208086
v -4.043737 2.903151 -0.088772
v -4.238770 2.874524 -0.111777
v -4.418146 2.602092 -0.133283
v -4.433026 2.429781 -0.135279
v -4.442115 2.162572 -0.136728
v -4.441263 1.827365 -0.137102
v -4.443404 1.494566 -0.137824
v -4.443108 1.212544 -0.138189
v -4.429821 0.989715 -0.136940
v -4.343906 0.785261 -0.127113
v -4.111266 0.590362 -0.099996
v -3.755171 0.434223 -0.058289
v -4.061267 2.760283 0.061825
v -4.167561 2.725881 0.049260
v -4.287460 2.548094 0.034891
v -4.291923 2.425700 0.034192
v -4.300874 2.165447 0.032770
v -4.300007 1.827902 0.032395
v -4.302126 1.493790 0.031672
v -4.301830 1.212857 0.031309
v -4.288955 0.998701 0.032522
v -4.209869 0.827506 0.041592
v -4.018027 0.696246 0.063995
v -3.718835 0.574688 0.099051
v -4.168696 2.728252 0.046690
v -4.289545 2.548954 0.032207
v -4.294174 2.425765 0.031488
v -4.303128 2.165401 0.030065
v -4.302261 1.827893 0.029689
v -4.304380 1.493803 0.028967
v -4.304084 1.212852 0.028604
v -4.291203 0.998558 0.029818
v -4.212008 0.826832 0.038900
v -4.019515 0.694557 0.061378
v -3.719415 0.572447 0.096541
v -3.643059 0.707727 -0.052571
v -3.893401 0.796444 -0.081923
v -4.050664 0.867263 -0.100340
v -4.124980 1.006870 -0.108893
v -4.137743 1.212791 -0.110104
v -4.138044 1.492690 -0.109743
v -4.135898 1.828047 -0.109016
v -4.136800 2.167812 -0.108641
v -4.127782 2.421458 -0.107221
v -4.125412 2.496444 -0.106835
v -4.099909 2.614896 -0.103665
v -4.042773 2.615642 -0.096936
v -3.770528 2.615850 -0.064880
v -3.791672 2.761583 0.091130
v -4.060988 2.762563 0.059422
v -4.135853 2.732212 -0.255643
v -4.258835 2.550414 -0.270381
v -4.263809 2.425543 -0.271143
v -4.272764 2.164947 -0.272567
v -4.271898 1.827517 -0.272942
v -4.274017 1.493470 -0.273665
v -4.273721 1.212483 -0.274028
v -4.260831 0.997897 -0.272813
v -4.181438 0.825051 -0.263709
v -3.987659 0.690633 -0.241083
v -3.685752 0.567358 -0.205709
v -3.644270 0.705580 -0.050206
v -3.643598 0.707823 -0.047684
v -3.893906 0.796518 -0.077031
v -4.051144 0.867295 -0.095446
v -4.125457 1.006882 -0.103998
v -4.138219 1.212796 -0.105209
v -4.138520 1.492695 -0.104848
v -4.136376 1.828053 -0.104122
v -4.137276 2.167820 -0.103747
v -4.128259 2.421462 -0.102326
v -4.125895 2.496415 -0.101941
v -4.100435 2.614823 -0.098776
v -4.043348 2.615553 -0.092053
v -3.771103 2.615760 -0.059997
v -3.770863 2.618162 -0.062405
v -3.756112 2.766293 -0.210881
v -4.025426 2.767234 -0.242591
v -3.788318 2.909472 -0.058689
v -3.772587 2.766328 -0.212822
v -3.772333 2.764021 -0.215307
v -3.787396 2.615843 -0.066866
v -3.787640 2.613439 -0.064459
v -3.787970 2.615753 -0.061983
v -3.808469 2.759222 0.091589
v -3.808147 2.761620 0.089191
v -3.648446 0.710085 -0.048251
v -3.647214 0.712219 -0.050615
v -3.647908 0.709990 -0.053140
v -3.690777 0.572636 -0.208804
v -3.691918 0.570502 -0.206431
v -3.762718 0.438208 -0.059172
v -3.725533 0.575562 0.095824
v -3.724931 0.577790 0.098338
v -4.197929 2.818051 -0.168868
v -4.354926 2.581585 -0.187688
v -4.365875 2.428099 -0.189194
v -4.374911 2.163514 -0.190633
v -4.374054 1.827426 -0.191007
v -4.376186 1.494131 -0.191730
v -4.375890 1.212520 -0.192094
v -4.362760 0.992962 -0.190859
v -4.279433 0.801052 -0.181319
v -4.062214 0.630152 -0.155984
v -3.734622 0.490707 -0.117609
v -3.727624 0.487056 -0.116790
v -3.689594 0.625279 0.038306
v -3.688979 0.627521 0.040822
v -3.694579 0.630288 0.040166
v -3.968772 0.736038 0.008031
v -4.146883 0.843295 -0.012789
v -4.224074 1.001947 -0.021653
v -4.236904 1.212833 -0.022866
v -4.237203 1.493356 -0.022504
v -4.235073 1.827962 -0.021780
v -4.235953 2.166388 -0.021404
v -4.226975 2.424017 -0.019983
v -4.223345 2.527585 -0.019409
v -4.140923 2.681810 -0.009485
v -4.054156 2.702850 0.000761
v -3.800334 2.702288 0.030647
v -3.783708 2.702267 0.032605
v -3.783415 2.704669 0.030202
v -3.765361 2.852801 -0.117885
v -3.782076 2.852669 -0.119854
v -4.036471 2.849215 -0.149812
v -4.212118 2.818892 -0.051506
v -4.369234 2.581882 -0.070342
v -4.380216 2.428252 -0.071852
v -4.389253 2.163649 -0.073291
v -4.388396 1.827567 -0.073665
v -4.390529 1.494275 -0.074387
v -4.390232 1.212661 -0.074751
v -4.377099 0.993078 -0.073516
v -4.293740 0.801073 -0.063972
v -4.076370 0.629990 -0.038620
v -3.748576 0.490447 -0.000222
v -3.741572 0.486794 0.000599
v -3.713160 0.539627 -0.057801
v -3.669976 0.619928 -0.146566
v -3.668821 0.622076 -0.148938
v -3.674472 0.624876 -0.149599
v -3.950574 0.731879 -0.181958
v -4.130077 0.841502 -0.202939
v -4.207474 1.001391 -0.211825
v -4.220312 1.212599 -0.213038
v -4.220610 1.493163 -0.212677
v -4.218481 1.827721 -0.211952
v -4.219361 2.166060 -0.211577
v -4.210382 2.423947 -0.210155
v -4.206498 2.529372 -0.209548
v -4.121155 2.686172 -0.199278
v -4.031841 2.708221 -0.188730
v -3.778062 2.707663 -0.158850
v -3.761442 2.707642 -0.156892
v -3.761723 2.709954 -0.154411
v -3.772227 2.796461 -0.061562
v -3.779139 2.853375 -0.000476
v -3.795861 2.853239 -0.002445
v -4.050298 2.849679 -0.032409
v -4.224507 2.641440 0.042435
v -4.226093 2.643095 0.039811
v -4.286740 2.706322 -0.060452
v -4.272495 2.705740 -0.177807
v -4.194264 2.645867 -0.262643
v -4.192173 2.644267 -0.264911
v -4.161689 2.611700 -0.204156
v -4.112022 2.558638 -0.105170
v -4.110721 2.557248 -0.102580
v -4.112527 2.558584 -0.100279
v -4.180070 2.608559 -0.014199
v -4.395360 2.879343 -0.163258
v -4.441227 2.809680 -0.168757
v -4.381011 2.849391 -0.130809
v -4.421187 2.788786 -0.135626
v -4.373372 2.848938 -0.193995
v -4.413517 2.788472 -0.198807
v -4.491932 2.732670 -0.174836
v -4.465600 2.721790 -0.140950
v -4.457896 2.721630 -0.204127
v -4.290083 2.832972 -0.088115
v -4.311055 2.876748 -0.135542
v -4.278917 2.832308 -0.180467
v -4.402459 2.646232 -0.195276
v -4.452207 2.662370 -0.152465
v -4.413719 2.646466 -0.102935
v -4.296023 2.765854 -0.081301
v -4.311538 2.721916 -0.083179
v -4.321046 2.784722 -0.097563
v -4.343736 2.688524 -0.087020
v -4.378947 2.699102 -0.104452
v -4.378553 2.762948 -0.117216
v -4.357830 2.788979 -0.114754
v -4.391768 2.726519 -0.118793
v -4.284772 2.765468 -0.173681
v -4.301177 2.721903 -0.175676
v -4.312131 2.784951 -0.177861
v -4.333256 2.688433 -0.179516
v -4.369642 2.698956 -0.184746
v -4.350144 2.789336 -0.183251
v -4.370641 2.762426 -0.185715
v -4.384348 2.726047 -0.187379
v -4.395179 2.773025 -0.124395
v -4.420560 2.724675 -0.127434
v -4.392507 2.678574 -0.103861
v -4.353680 2.646935 -0.080516
v -4.301868 2.715835 -0.074316
v -4.263302 2.786539 -0.069681
v -4.308971 2.803538 -0.093878
v -4.366870 2.812539 -0.121015
v -4.438352 2.806683 -0.164005
v -4.393301 2.875045 -0.158603
v -4.308046 2.870467 -0.128737
v -4.234946 2.866544 -0.103131
v -4.044678 2.895480 -0.080686
v -3.789400 2.901404 -0.050620
v -3.772549 2.901633 -0.048636
v -3.766345 2.844719 -0.109805
v -3.756917 2.758210 -0.202781
v -3.756665 2.755898 -0.205265
v -3.773155 2.755936 -0.207207
v -4.026094 2.756891 -0.236989
v -4.132324 2.723642 -0.249543
v -4.187800 2.639594 -0.256194
v -4.249127 2.546683 -0.263547
v -4.253808 2.425255 -0.264270
v -4.262764 2.165140 -0.265693
v -4.261896 1.827548 -0.266068
v -4.264017 1.493411 -0.266791
v -4.263720 1.212499 -0.267154
v -4.250843 0.998511 -0.265940
v -4.171826 0.827961 -0.256877
v -3.980632 0.697935 -0.234549
v -3.688438 0.580130 -0.200311
v -3.682366 0.577047 -0.199600
v -3.683490 0.574899 -0.197225
v -3.725548 0.494598 -0.108328
v -3.753220 0.441765 -0.049841
v -3.760690 0.445702 -0.050714
v -4.106260 0.596047 -0.091192
v -4.336709 0.787530 -0.118055
v -4.422258 0.990198 -0.127841
v -4.435523 1.212560 -0.129089
v -4.435819 1.494524 -0.128724
v -4.433679 1.827394 -0.128001
v -4.434531 2.162727 -0.127627
v -4.425449 2.429562 -0.126180
v -4.411129 2.599193 -0.124254
v -4.446686 2.660088 -0.145360
v -4.488155 2.731110 -0.169975
v -4.384212 2.766377 -0.119659
v -4.401568 2.725891 -0.121734
v -4.383563 2.692115 -0.104251
v -4.347121 2.674368 -0.084806
v -4.308247 2.719846 -0.080162
v -4.284886 2.772895 -0.077346
v -4.316936 2.791126 -0.096309
v -4.360907 2.796998 -0.116886
v -2.901049 2.451731 -0.120606
v -2.958033 2.451731 -0.274779
v -3.059868 2.451731 -0.403797
v -3.196590 2.451731 -0.495032
v -3.354811 2.451731 -0.539553
v -3.519049 2.451731 -0.533001
v -3.673221 2.451731 -0.476017
v -3.802240 2.451731 -0.374181
v -3.893475 2.451731 -0.237460
v -3.937995 2.451731 -0.079237
v -3.931443 2.451731 0.084999
v -3.874459 2.451731 0.239171
v -3.772624 2.451731 0.368190
v -3.635902 2.451731 0.459425
v -3.477679 2.451731 0.503945
v -3.313443 2.451731 0.497393
v -3.159270 2.451731 0.440410
v -3.030252 2.451731 0.338573
v -2.939017 2.451731 0.201853
v -2.894497 2.451731 0.043630
v -2.901049 2.472384 -0.120606
v -2.958033 2.472384 -0.274779
v -3.059868 2.472384 -0.403797
v -3.196590 2.472384 -0.495032
v -3.354811 2.472384 -0.539553
v -3.519049 2.472384 -0.533001
v -3.673221 2.472384 -0.476017
v -3.802240 2.472384 -0.374181
v -3.893475 2.472384 -0.237460
v -3.937995 2.472384 -0.079237
v -3.931443 2.472384 0.084999
v -3.874459 2.472384 0.239171
v -3.772624 2.472384 0.368190
v -3.635902 2.472384 0.459425
v -3.477679 2.472384 0.503945
v -3.313443 2.472384 0.497393
v -3.159270 2.472384 0.440410
v -3.030252 2.472384 0.338573
v -2.939017 2.472384 0.201853
v -2.894497 2.472384 0.043630
v -3.416245 2.451731 -0.017804
v -2.947777 2.521859 -0.111282
v -2.999590 2.521859 -0.251472
v -3.092191 2.521859 -0.368789
v -3.216513 2.521859 -0.451749
v -3.360384 2.521859 -0.492231
v -3.509724 2.521859 -0.486273
v -3.649915 2.521859 -0.434458
v -3.767231 2.521859 -0.341858
v -3.850191 2.521859 -0.217537
v -3.890674 2.521859 -0.073666
v -3.884715 2.521859 0.075675
v -3.832900 2.521859 0.215865
v -3.740301 2.521859 0.333182
v -3.615980 2.521859 0.416142
v -3.472108 2.521859 0.456624
v -3.322768 2.521859 0.450666
v -3.182577 2.521859 0.398852
v -3.065260 2.521859 0.306251
v -2.982300 2.521859 0.181930
v -2.941819 2.521859 0.038058
v -2.947777 2.769234 -0.111282
v -2.999590 2.769234 -0.251472
v -3.092190 2.769234 -0.368789
v -3.216513 2.769234 -0.451749
v -3.360384 2.769234 -0.492231
v -3.509724 2.769234 -0.486273
v -3.649914 2.769234 -0.434458
v -3.767231 2.769234 -0.341858
v -3.850191 2.769234 -0.217537
v -3.890674 2.769234 -0.073666
v -3.884715 2.769234 0.075674
v -3.832900 2.769234 0.215865
v -3.740301 2.769234 0.333182
v -3.615980 2.769234 0.416142
v -3.472108 2.769234 0.456624
v -3.322768 2.769234 0.450666
v -3.182578 2.769234 0.398851
v -3.065261 2.769234 0.306252
v -2.982300 2.769234 0.181930
v -2.941819 2.769234 0.038058
v -2.996899 2.828945 -0.101480
v -3.043281 2.828945 -0.226970
v -3.126171 2.828945 -0.331985
v -3.237455 2.828945 -0.406245
v -3.366241 2.828945 -0.442483
v -3.499922 2.828945 -0.437150
v -3.625412 2.828945 -0.390768
v -3.730427 2.828945 -0.307879
v -3.804688 2.828945 -0.196594
v -3.840925 2.828945 -0.067808
v -3.835592 2.828945 0.065872
v -3.789212 2.828945 0.191362
v -3.706321 2.828945 0.296377
v -3.595035 2.828945 0.370639
v -3.466250 2.828945 0.406875
v -3.332570 2.828945 0.401543
v -3.207079 2.828945 0.355161
v -3.102065 2.828945 0.272272
v -3.027805 2.828945 0.160987
v -2.991566 2.828945 0.032200
v -2.996899 3.046728 -0.101480
v -3.043281 3.046728 -0.226970
v -3.126171 3.046728 -0.331985
v -3.237455 3.046728 -0.406245
v -3.366241 3.046728 -0.442483
v -3.499922 3.046728 -0.437150
v -3.625412 3.046728 -0.390768
v -3.730427 3.046728 -0.307879
v -3.804688 3.046728 -0.196594
v -3.840925 3.046728 -0.067808
v -3.835592 3.046728 0.065872
v -3.789212 3.046728 0.191362
v -3.706321 3.046728 0.296377
v -3.595035 3.046728 0.370639
v -3.466250 3.046728 0.406875
v -3.332570 3.046728 0.401543
v -3.207079 3.046728 0.355161
v -3.102065 3.046728 0.272272
v -3.027805 3.046728 0.160987
v -2.991566 3.046728 0.032200
v -3.095146 3.046728 -0.081876
v -3.130661 3.046728 -0.177965
v -3.194131 3.046728 -0.258377
v -3.279343 3.046728 -0.315239
v -3.377956 3.046728 -0.342987
v -3.480318 3.046728 -0.338904
v -3.576407 3.046728 -0.303388
v -3.656819 3.046728 -0.239918
v -3.713682 3.046728 -0.154706
v -3.741430 3.046728 -0.056092
v -3.737346 3.046728 0.046268
v -3.701831 3.046728 0.142358
v -3.638360 3.046728 0.222769
v -3.553149 3.046728 0.279633
v -3.454534 3.046728 0.307380
v -3.352174 3.046728 0.303296
v -3.256084 3.046728 0.267781
v -3.175673 3.046728 0.204311
v -3.118811 3.046728 0.119099
v -3.091063 3.046728 0.020485
v -3.095146 3.095673 -0.081876
v -3.130661 3.095673 -0.177965
v -3.194131 3.095673 -0.258377
v -3.279343 3.095673 -0.315239
v -3.377956 3.095673 -0.342987
v -3.480318 3.095673 -0.338904
v -3.576407 3.095673 -0.303388
v -3.656819 3.095673 -0.239918
v -3.713682 3.095673 -0.154706
v -3.741430 3.095673 -0.056092
v -3.737346 3.095673 0.046268
v -3.701831 3.095673 0.142358
v -3.638360 3.095673 0.222769
v -3.553149 3.095673 0.279633
v -3.454534 3.095673 0.307380
v -3.352174 3.095673 0.303296
v -3.256084 3.095673 0.267781
v -3.175673 3.095673 0.204311
v -3.118811 3.095673 0.119099
v -3.091063 3.095673 0.020485
v -3.071758 3.130196 -0.086544
v -3.109858 3.130196 -0.189632
v -3.177952 3.130196 -0.275900
v -3.269372 3.130196 -0.336904
v -3.375167 3.130196 -0.366674
v -3.484985 3.130196 -0.362293
v -3.588074 3.130196 -0.324190
v -3.674344 3.130196 -0.256096
v -3.735348 3.130196 -0.164678
v -3.765116 3.130196 -0.058882
v -3.760736 3.130196 0.050935
v -3.722633 3.130196 0.154024
v -3.654539 3.130196 0.240293
v -3.563120 3.130196 0.301297
v -3.457323 3.130196 0.331067
v -3.347507 3.130196 0.326685
v -3.244418 3.130196 0.288583
v -3.158150 3.130196 0.220491
v -3.097145 3.130196 0.129071
v -3.067377 3.130196 0.023274
v -3.088490 3.151249 -0.083204
v -3.124740 3.151249 -0.181286
v -3.189527 3.151249 -0.263364
v -3.276506 3.151249 -0.321405
v -3.377163 3.151249 -0.349728
v -3.481646 3.151249 -0.345560
v -3.579728 3.151249 -0.309308
v -3.661807 3.151249 -0.244522
v -3.719849 3.151249 -0.157544
v -3.748170 3.151249 -0.056886
v -3.744003 3.151249 0.047595
v -3.707751 3.151249 0.145678
v -3.642965 3.151249 0.227757
v -3.555986 3.151249 0.285797
v -3.455328 3.151249 0.314120
v -3.350846 3.151249 0.309952
v -3.252764 3.151249 0.273701
v -3.170686 3.151249 0.208915
v -3.112645 3.151249 0.121937
v -3.084322 3.151249 0.021279
v -3.088490 3.303940 -0.083204
v -3.124740 3.303940 -0.181286
v -3.189527 3.303940 -0.263364
v -3.276506 3.303940 -0.321405
v -3.377163 3.303940 -0.349728
v -3.481646 3.303940 -0.345560
v -3.579728 3.303940 -0.309308
v -3.661807 3.303940 -0.244522
v -3.719849 3.303940 -0.157544
v -3.748170 3.303940 -0.056886
v -3.744003 3.303940 0.047595
v -3.707751 3.303940 0.145678
v -3.642965 3.303940 0.227757
v -3.555986 3.303940 0.285797
v -3.455328 3.303940 0.314120
v -3.350846 3.303940 0.309952
v -3.252764 3.303940 0.273701
v -3.170686 3.303940 0.208915
v -3.112645 3.303940 0.121937
v -3.084322 3.303940 0.021279
v -3.039367 3.303940 -0.093007
v -3.081050 3.303940 -0.205788
v -3.155547 3.303940 -0.300168
v -3.255562 3.303940 -0.366908
v -3.371305 3.303940 -0.399476
v -3.491449 3.303940 -0.394683
v -3.604230 3.303940 -0.352998
v -3.698610 3.303940 -0.278503
v -3.765351 3.303940 -0.178488
v -3.797918 3.303940 -0.062743
v -3.793126 3.303940 0.057398
v -3.751441 3.303940 0.170181
v -3.676945 3.303940 0.264561
v -3.576930 3.303940 0.331301
v -3.461186 3.303940 0.363869
v -3.341044 3.303940 0.359076
v -3.228262 3.303940 0.317390
v -3.133882 3.303940 0.242896
v -3.067142 3.303940 0.142880
v -3.034574 3.303940 0.027136
v -3.022764 3.324145 -0.096320
v -3.066283 3.324145 -0.214069
v -3.144061 3.324145 -0.312607
v -3.248483 3.324145 -0.382287
v -3.369325 3.324145 -0.416290
v -3.494761 3.324145 -0.411286
v -3.612511 3.324145 -0.367765
v -3.711050 3.324145 -0.289987
v -3.780731 3.324145 -0.185567
v -3.814732 3.324145 -0.064723
v -3.809729 3.324145 0.060711
v -3.766208 3.324145 0.178461
v -3.688430 3.324145 0.276999
v -3.584009 3.324145 0.346681
v -3.463165 3.324145 0.380682
v -3.337731 3.324145 0.375678
v -3.219980 3.324145 0.332157
v -3.121443 3.324145 0.254381
v -3.051763 3.324145 0.149960
v -3.017760 3.324145 0.029116
v -3.220733 3.376732 -0.056817
v -3.242357 3.376732 -0.115324
v -3.416246 3.376732 -0.017803
v -3.281003 3.376732 -0.164285
v -3.332888 3.376732 -0.198908
v -3.392932 3.376732 -0.215803
v -3.455259 3.376732 -0.213316
v -3.513767 3.376732 -0.191692
v -3.562728 3.376732 -0.153046
v -3.597350 3.376732 -0.101161
v -3.614245 3.376732 -0.041118
v -3.611760 3.376732 0.021209
v -3.590134 3.376732 0.079717
v -3.551489 3.376732 0.128678
v -3.499605 3.376732 0.163300
v -3.439560 3.376732 0.180195
v -3.377234 3.376732 0.177709
v -3.318725 3.376732 0.156084
v -3.269764 3.376732 0.117439
v -3.235142 3.376732 0.065554
v -3.218247 3.376732 0.005510
v -2.905171 2.476748 -0.119783
v -2.961698 2.476748 -0.272724
v -3.062719 2.476748 -0.400709
v -3.198346 2.476748 -0.491215
v -3.355303 2.476748 -0.535379
v -3.518226 2.476748 -0.528880
v -3.671167 2.476748 -0.472352
v -3.799151 2.476748 -0.371330
v -3.889657 2.476748 -0.235702
v -3.933821 2.476748 -0.078745
v -3.927321 2.476748 0.084177
v -3.870794 2.476748 0.237117
v -3.769773 2.476748 0.365103
v -3.634145 2.476748 0.455608
v -3.477188 2.476748 0.499772
v -3.314266 2.476748 0.493272
v -3.161326 2.476748 0.436744
v -3.033340 2.476748 0.335722
v -2.942835 2.476748 0.200096
v -2.898671 2.476748 0.043139
v -2.901049 2.466694 -0.120606
v -2.958033 2.466694 -0.274779
v -3.059868 2.466694 -0.403797
v -3.196590 2.466694 -0.495032
v -3.354811 2.466694 -0.539553
v -3.519049 2.466694 -0.533001
v -3.673221 2.466694 -0.476017
v -3.802240 2.466694 -0.374181
v -3.893475 2.466694 -0.237460
v -3.937995 2.466694 -0.079237
v -3.931443 2.466694 0.084999
v -3.874459 2.466694 0.239171
v -3.772624 2.466694 0.368190
v -3.635902 2.466694 0.459425
v -3.477679 2.466694 0.503945
v -3.313443 2.466694 0.497393
v -3.159270 2.466694 0.440410
v -3.030252 2.466694 0.338573
v -2.939017 2.466694 0.201853
v -2.894497 2.466694 0.043630
v -2.945208 2.519140 -0.111795
v -2.939218 2.519140 0.038364
v -2.979922 2.519140 0.183025
v -3.063337 2.519140 0.308027
v -3.181296 2.519140 0.401135
v -3.322255 2.519140 0.453235
v -3.472414 2.519140 0.459225
v -3.617075 2.519140 0.418521
v -3.742077 2.519140 0.335105
v -3.835184 2.519140 0.217145
v -3.887283 2.519140 0.076187
v -3.893275 2.519140 -0.073971
v -3.852570 2.519140 -0.218632
v -3.769155 2.519140 -0.343635
v -3.651195 2.519140 -0.436742
v -3.510237 2.519140 -0.488842
v -3.360077 2.519140 -0.494833
v -3.215417 2.519140 -0.454127
v -3.090414 2.519140 -0.370713
v -2.997306 2.519140 -0.252753
v -2.925338 2.498101 -0.115760
v -2.979635 2.498101 -0.262664
v -3.076669 2.498101 -0.385600
v -3.206945 2.498101 -0.472534
v -3.357708 2.498101 -0.514955
v -3.514201 2.498101 -0.508712
v -3.661106 2.498101 -0.454415
v -3.784042 2.498101 -0.357379
v -3.870976 2.498101 -0.227105
v -3.913397 2.498101 -0.076341
v -3.907154 2.498101 0.080153
v -3.852857 2.498101 0.227056
v -3.755822 2.498101 0.349992
v -3.625546 2.498101 0.436926
v -3.474783 2.498101 0.479347
v -3.318290 2.498101 0.473104
v -3.171386 2.498101 0.418808
v -3.048450 2.498101 0.321772
v -2.961516 2.498101 0.191496
v -2.919095 2.498101 0.040734
v -2.947777 2.735343 -0.111282
v -2.999590 2.735343 -0.251472
v -3.092190 2.735343 -0.368789
v -3.216513 2.735343 -0.451749
v -3.360384 2.735343 -0.492231
v -3.509724 2.735343 -0.486273
v -3.649914 2.735343 -0.434458
v -3.767231 2.735343 -0.341858
v -3.850191 2.735343 -0.217537
v -3.890674 2.735343 -0.073666
v -3.884715 2.735343 0.075674
v -3.832900 2.735343 0.215865
v -3.740301 2.735343 0.333182
v -3.615980 2.735343 0.416142
v -3.472108 2.735343 0.456624
v -3.322768 2.735343 0.450666
v -3.182578 2.735343 0.398851
v -3.065261 2.735343 0.306252
v -2.982300 2.735343 0.181930
v -2.941819 2.735343 0.038058
v -2.996899 2.845837 -0.101480
v -3.043281 2.845837 -0.226970
v -3.126171 2.845837 -0.331985
v -3.237455 2.845837 -0.406245
v -3.366241 2.845837 -0.442483
v -3.499922 2.845837 -0.437150
v -3.625412 2.845837 -0.390768
v -3.730427 2.845837 -0.307879
v -3.804688 2.845837 -0.196594
v -3.840925 2.845837 -0.067808
v -3.835592 2.845837 0.065872
v -3.789212 2.845837 0.191362
v -3.706321 2.845837 0.296377
v -3.595035 2.845837 0.370639
v -3.466250 2.845837 0.406875
v -3.332570 2.845837 0.401543
v -3.207079 2.845837 0.355161
v -3.102065 2.845837 0.272272
v -3.027805 2.845837 0.160987
v -2.991566 2.845837 0.032200
v -2.969111 2.795167 -0.107025
v -3.018565 2.795167 -0.240831
v -3.106948 2.795167 -0.352805
v -3.225608 2.795167 -0.431986
v -3.362928 2.795167 -0.470626
v -3.505466 2.795167 -0.464939
v -3.639273 2.795167 -0.415483
v -3.751247 2.795167 -0.327101
v -3.830429 2.795167 -0.208441
v -3.869069 2.795167 -0.071121
v -3.863381 2.795167 0.071417
v -3.813926 2.795167 0.205223
v -3.725543 2.795167 0.317197
v -3.606884 2.795167 0.396380
v -3.469563 2.795167 0.435018
v -3.327025 2.795167 0.429331
v -3.193219 2.795167 0.379877
v -3.081245 2.795167 0.291494
v -3.002063 2.795167 0.172834
v -2.963424 2.795167 0.035514
v -2.996899 3.032594 -0.101480
v -2.991566 3.032594 0.032200
v -3.027805 3.032594 0.160987
v -3.102065 3.032594 0.272272
v -3.207079 3.032594 0.355161
v -3.332570 3.032594 0.401543
v -3.466250 3.032594 0.406875
v -3.595035 3.032594 0.370639
v -3.706321 3.032594 0.296377
v -3.789212 3.032594 0.191362
v -3.835592 3.032594 0.065872
v -3.840925 3.032594 -0.067808
v -3.804688 3.032594 -0.196594
v -3.730427 3.032594 -0.307879
v -3.625412 3.032594 -0.390768
v -3.499922 3.032594 -0.437150
v -3.366241 3.032594 -0.442483
v -3.237455 3.032594 -0.406245
v -3.126171 3.032594 -0.331985
v -3.043281 3.032594 -0.226970
v -3.078835 3.046728 -0.085131
v -3.116154 3.046728 -0.186102
v -3.182847 3.046728 -0.270598
v -3.272389 3.046728 -0.330349
v -3.376012 3.046728 -0.359506
v -3.483573 3.046728 -0.355215
v -3.584544 3.046728 -0.317895
v -3.669040 3.046728 -0.251201
v -3.728792 3.046728 -0.161660
v -3.757949 3.046728 -0.058038
v -3.753658 3.046728 0.049522
v -3.716338 3.046728 0.150494
v -3.649644 3.046728 0.234991
v -3.560103 3.046728 0.294741
v -3.456480 3.046728 0.323899
v -3.348920 3.046728 0.319608
v -3.247948 3.046728 0.282288
v -3.163451 3.046728 0.215595
v -3.103701 3.046728 0.126053
v -3.074544 3.046728 0.022430
v -3.017565 3.046728 -0.097357
v -3.061660 3.046728 -0.216662
v -3.140466 3.046728 -0.316502
v -3.246266 3.046728 -0.387103
v -3.368706 3.046728 -0.421555
v -3.495798 3.046728 -0.416485
v -3.615105 3.046728 -0.372388
v -3.714945 3.046728 -0.293584
v -3.785546 3.046728 -0.187783
v -3.819998 3.046728 -0.065344
v -3.814927 3.046728 0.061749
v -3.770832 3.046728 0.181055
v -3.692026 3.046728 0.280895
v -3.586225 3.046728 0.351496
v -3.463785 3.046728 0.385948
v -3.336693 3.046728 0.380877
v -3.217387 3.046728 0.336781
v -3.117547 3.046728 0.257977
v -3.046947 3.046728 0.152176
v -3.012494 3.046728 0.029736
v -3.095146 3.090235 -0.081876
v -3.130661 3.090235 -0.177965
v -3.194131 3.090235 -0.258377
v -3.279343 3.090235 -0.315239
v -3.377956 3.090235 -0.342987
v -3.480318 3.090235 -0.338904
v -3.576407 3.090235 -0.303388
v -3.656819 3.090235 -0.239918
v -3.713682 3.090235 -0.154706
v -3.741430 3.090235 -0.056092
v -3.737346 3.090235 0.046268
v -3.701831 3.090235 0.142358
v -3.638360 3.090235 0.222769
v -3.553149 3.090235 0.279633
v -3.454534 3.090235 0.307380
v -3.352174 3.090235 0.303296
v -3.256084 3.090235 0.267781
v -3.175673 3.090235 0.204311
v -3.118811 3.090235 0.119099
v -3.091063 3.090235 0.020485
v -3.088490 3.160435 -0.083204
v -3.124740 3.160435 -0.181286
v -3.189527 3.160435 -0.263364
v -3.276506 3.160435 -0.321405
v -3.377163 3.160435 -0.349728
v -3.481646 3.160435 -0.345560
v -3.579728 3.160435 -0.309308
v -3.661807 3.160435 -0.244522
v -3.719849 3.160435 -0.157544
v -3.748170 3.160435 -0.056886
v -3.744003 3.160435 0.047595
v -3.707751 3.160435 0.145678
v -3.642965 3.160435 0.227757
v -3.555986 3.160435 0.285797
v -3.455328 3.160435 0.314120
v -3.350846 3.160435 0.309952
v -3.252764 3.160435 0.273701
v -3.170686 3.160435 0.208915
v -3.112645 3.160435 0.121937
v -3.084322 3.160435 0.021279
v -3.082482 3.114367 -0.084404
v -3.119396 3.114367 -0.184282
v -3.185371 3.114367 -0.267866
v -3.273944 3.114367 -0.326970
v -3.376446 3.114367 -0.355812
v -3.482845 3.114367 -0.351568
v -3.582725 3.114367 -0.314652
v -3.666308 3.114367 -0.248679
v -3.725414 3.114367 -0.160106
v -3.754256 3.114367 -0.057603
v -3.750010 3.114367 0.048795
v -3.713095 3.114367 0.148675
v -3.647120 3.114367 0.232258
v -3.558548 3.114367 0.291364
v -3.456045 3.114367 0.320206
v -3.349646 3.114367 0.315961
v -3.249766 3.114367 0.279044
v -3.166185 3.114367 0.213072
v -3.107079 3.114367 0.124499
v -3.078238 3.114367 0.021995
v -3.077815 3.137818 -0.085335
v -3.115246 3.137818 -0.186610
v -3.182143 3.137818 -0.271362
v -3.271954 3.137818 -0.331293
v -3.375890 3.137818 -0.360538
v -3.483776 3.137818 -0.356234
v -3.585053 3.137818 -0.318802
v -3.669804 3.137818 -0.251907
v -3.729736 3.137818 -0.162095
v -3.758981 3.137818 -0.058160
v -3.754678 3.137818 0.049726
v -3.717246 3.137818 0.151002
v -3.650349 3.137818 0.235754
v -3.560537 3.137818 0.295686
v -3.456601 3.137818 0.324932
v -3.348715 3.137818 0.320627
v -3.247439 3.137818 0.283194
v -3.162688 3.137818 0.216301
v -3.102757 3.137818 0.126488
v -3.073512 3.137818 0.022551
v -3.088490 3.292084 -0.083204
v -3.084322 3.292084 0.021279
v -3.112645 3.292084 0.121937
v -3.170686 3.292084 0.208915
v -3.252764 3.292084 0.273701
v -3.350846 3.292084 0.309952
v -3.455328 3.292084 0.314120
v -3.555986 3.292084 0.285797
v -3.642965 3.292084 0.227757
v -3.707751 3.292084 0.145678
v -3.744003 3.292084 0.047595
v -3.748170 3.292084 -0.056886
v -3.719849 3.292084 -0.157544
v -3.661807 3.292084 -0.244522
v -3.579728 3.292084 -0.309308
v -3.481646 3.292084 -0.345560
v -3.377163 3.292084 -0.349728
v -3.276506 3.292084 -0.321405
v -3.189527 3.292084 -0.263364
v -3.124740 3.292084 -0.181286
v -3.088490 3.232705 -0.083204
v -3.276506 3.232705 -0.321405
v -3.377163 3.232705 -0.349728
v -3.661807 3.232705 -0.244522
v -3.719849 3.232705 -0.157544
v -3.707751 3.232705 0.145678
v -3.642965 3.232705 0.227757
v -3.350846 3.232705 0.309952
v -3.252764 3.232705 0.273701
v -3.084322 3.232705 0.021279
v -3.057328 3.303940 -0.089423
v -3.097025 3.303940 -0.196829
v -3.167970 3.303940 -0.286711
v -3.263219 3.303940 -0.350271
v -3.373447 3.303940 -0.381287
v -3.487865 3.303940 -0.376723
v -3.595271 3.303940 -0.337024
v -3.685154 3.303940 -0.266079
v -3.748714 3.303940 -0.170830
v -3.779729 3.303940 -0.060602
v -3.775165 3.303940 0.053814
v -3.735466 3.303940 0.161222
v -3.664521 3.303940 0.251104
v -3.569272 3.303940 0.314664
v -3.459044 3.303940 0.345680
v -3.344628 3.303940 0.341115
v -3.237220 3.303940 0.301416
v -3.147339 3.303940 0.230472
v -3.083779 3.303940 0.135223
v -3.052764 3.303940 0.024994
v -3.033415 3.311183 -0.094194
v -3.075757 3.311183 -0.208757
v -3.151430 3.311183 -0.304627
v -3.253024 3.311183 -0.372422
v -3.370596 3.311183 -0.405504
v -3.492636 3.311183 -0.400635
v -3.607199 3.311183 -0.358292
v -3.703070 3.311183 -0.282619
v -3.770865 3.311183 -0.181025
v -3.803947 3.311183 -0.063454
v -3.799078 3.311183 0.058586
v -3.756735 3.311183 0.173149
v -3.681063 3.311183 0.269020
v -3.579468 3.311183 0.336815
v -3.461896 3.311183 0.369897
v -3.339856 3.311183 0.365028
v -3.225293 3.311183 0.322684
v -3.129423 3.311183 0.247013
v -3.061629 3.311183 0.145418
v -3.028547 3.311183 0.027846
v -3.199116 3.370989 -0.061130
v -3.223131 3.370989 -0.126107
v -3.266050 3.370989 -0.180481
v -3.323671 3.370989 -0.218933
v -3.390355 3.370989 -0.237696
v -3.459572 3.370989 -0.234934
v -3.524549 3.370989 -0.210919
v -3.578924 3.370989 -0.167999
v -3.617375 3.370989 -0.110379
v -3.636138 3.370989 -0.043695
v -3.633377 3.370989 0.025522
v -3.609362 3.370989 0.090499
v -3.566442 3.370989 0.144874
v -3.508821 3.370989 0.183325
v -3.442138 3.370989 0.202088
v -3.372920 3.370989 0.199327
v -3.307943 3.370989 0.175310
v -3.253568 3.370989 0.132393
v -3.215118 3.370989 0.074771
v -3.196354 3.370989 0.008087
v -3.049011 3.331117 -0.091083
v -3.089628 3.331117 -0.200977
v -3.162217 3.331117 -0.292943
v -3.259674 3.331117 -0.357975
v -3.372456 3.331117 -0.389709
v -3.489524 3.331117 -0.385038
v -3.599420 3.331117 -0.344420
v -3.691385 3.331117 -0.271831
v -3.756418 3.331117 -0.174376
v -3.788151 3.331117 -0.061594
v -3.783481 3.331117 0.055474
v -3.742864 3.331117 0.165370
v -3.670274 3.331117 0.257335
v -3.572818 3.331117 0.322367
v -3.460035 3.331117 0.354102
v -3.342968 3.331117 0.349431
v -3.233071 3.331117 0.308813
v -3.141108 3.331117 0.236225
v -3.076076 3.331117 0.138769
v -3.044341 3.331117 0.025986
v -2.901049 2.458427 -0.120606
v -2.958033 2.458427 -0.274779
v -3.059868 2.458427 -0.403797
v -3.196590 2.458427 -0.495032
v -3.354811 2.458427 -0.539553
v -3.519049 2.458427 -0.533001
v -3.673221 2.458427 -0.476017
v -3.802240 2.458427 -0.374181
v -3.893475 2.458427 -0.237460
v -3.937995 2.458427 -0.079237
v -3.931443 2.458427 0.084999
v -3.874459 2.458427 0.239171
v -3.772624 2.458427 0.368190
v -3.635902 2.458427 0.459425
v -3.477679 2.458427 0.503945
v -3.313443 2.458427 0.497393
v -3.159270 2.458427 0.440410
v -3.030252 2.458427 0.338573
v -2.939017 2.458427 0.201853
v -2.894497 2.458427 0.043630
v -3.455328 3.184725 0.314120
v -3.555986 3.184725 0.285797
v -3.642965 3.184725 0.227757
v -3.707751 3.184725 0.145678
v -3.744003 3.184725 0.047595
v -3.748170 3.184725 -0.056886
v -3.719849 3.184725 -0.157544
v -3.661807 3.184725 -0.244522
v -3.579728 3.184725 -0.309308
v -3.481646 3.184725 -0.345560
v -3.377163 3.184725 -0.349728
v -3.276506 3.184725 -0.321405
v -3.189527 3.184725 -0.263364
v -3.124740 3.184725 -0.181286
v -3.088490 3.184725 -0.083204
v -3.084322 3.184725 0.021279
v -3.112645 3.184725 0.121937
v -3.170686 3.184725 0.208915
v -3.252764 3.184725 0.273701
v -3.350846 3.184725 0.309952
v -3.088490 3.232705 -0.083204
v -3.124740 3.292084 -0.181286
v -3.088490 3.292084 -0.083204
v -3.189527 3.292084 -0.263364
v -3.276506 3.232705 -0.321405
v -3.276506 3.292084 -0.321405
v -3.276506 3.184725 -0.321405
v -3.189527 3.184725 -0.263364
v -3.124740 3.184725 -0.181286
v -3.088490 3.184725 -0.083204
v -3.377163 3.232705 -0.349728
v -3.481646 3.292084 -0.345560
v -3.377163 3.292084 -0.349728
v -3.579728 3.292084 -0.309308
v -3.661807 3.232705 -0.244522
v -3.661807 3.292084 -0.244522
v -3.661807 3.184725 -0.244522
v -3.579728 3.184725 -0.309308
v -3.481646 3.184725 -0.345560
v -3.377163 3.184725 -0.349728
v -3.719849 3.232705 -0.157544
v -3.748170 3.292084 -0.056886
v -3.719849 3.292084 -0.157544
v -3.744003 3.292084 0.047595
v -3.707751 3.232705 0.145678
v -3.707751 3.292084 0.145678
v -3.707751 3.184725 0.145678
v -3.744003 3.184725 0.047595
v -3.748170 3.184725 -0.056886
v -3.719849 3.184725 -0.157544
v -3.642965 3.232705 0.227757
v -3.555986 3.292084 0.285797
v -3.642965 3.292084 0.227757
v -3.455328 3.292084 0.314120
v -3.350846 3.232705 0.309952
v -3.350846 3.292084 0.309952
v -3.455328 3.184725 0.314120
v -3.555986 3.184725 0.285797
v -3.642965 3.184725 0.227757
v -3.350846 3.184725 0.309952
v -3.252764 3.232705 0.273701
v -3.170686 3.292084 0.208915
v -3.252764 3.292084 0.273701
v -3.112645 3.292084 0.121937
v -3.084322 3.232705 0.021279
v -3.084322 3.292084 0.021279
v -3.084322 3.184725 0.021279
v -3.112645 3.184725 0.121937
v -3.170686 3.184725 0.208915
v -3.252764 3.184725 0.273701
v -3.104003 3.232705 -0.077472
v -3.119517 3.232705 -0.071738
v -3.138988 3.292084 -0.173295
v -3.153236 3.292084 -0.165304
v -3.104003 3.292084 -0.077472
v -3.119517 3.292084 -0.071738
v -3.200608 3.292084 -0.251362
v -3.211690 3.292084 -0.239359
v -3.285687 3.232705 -0.307648
v -3.294866 3.232705 -0.293891
v -3.285687 3.292084 -0.307648
v -3.294866 3.292084 -0.293891
v -3.285687 3.184725 -0.307648
v -3.294866 3.184725 -0.293891
v -3.200608 3.184725 -0.251362
v -3.211690 3.184725 -0.239359
v -3.138988 3.184725 -0.173295
v -3.153236 3.184725 -0.165304
v -3.104003 3.184725 -0.077472
v -3.119517 3.184725 -0.071738
v -3.376504 3.232705 -0.333202
v -3.375845 3.232705 -0.316676
v -3.478449 3.292084 -0.329540
v -3.475253 3.292084 -0.313521
v -3.376504 3.292084 -0.333202
v -3.375845 3.292084 -0.316676
v -3.571738 3.292084 -0.295060
v -3.563746 3.292084 -0.280812
v -3.651560 3.232705 -0.231540
v -3.641312 3.232705 -0.218558
v -3.651559 3.292084 -0.231540
v -3.641312 3.292084 -0.218558
v -3.651560 3.184725 -0.231540
v -3.641313 3.184725 -0.218557
v -3.571738 3.184725 -0.295060
v -3.563747 3.184725 -0.280813
v -3.478449 3.184725 -0.329540
v -3.475253 3.184725 -0.313521
v -3.376504 3.184725 -0.333202
v -3.375845 3.184725 -0.316676
v -3.703928 3.232705 -0.153065
v -3.688007 3.232705 -0.148585
v -3.731947 3.292084 -0.054976
v -3.715723 3.292084 -0.053066
v -3.703928 3.292084 -0.153065
v -3.688007 3.292084 -0.148585
v -3.727983 3.292084 0.044399
v -3.711963 3.292084 0.041203
v -3.692237 3.232705 0.139944
v -3.676724 3.232705 0.134210
v -3.692237 3.292084 0.139944
v -3.676724 3.292084 0.134210
v -3.692237 3.184725 0.139944
v -3.676724 3.184725 0.134210
v -3.727983 3.184725 0.044399
v -3.711963 3.184725 0.041203
v -3.731947 3.184725 -0.054976
v -3.715723 3.184725 -0.053066
v -3.703928 3.184725 -0.153065
v -3.688007 3.184725 -0.148585
v -3.633784 3.232705 0.213999
v -3.624604 3.232705 0.200242
v -3.549156 3.292084 0.270958
v -3.542327 3.292084 0.256119
v -3.633784 3.292084 0.213999
v -3.624605 3.292084 0.200242
v -3.453418 3.292084 0.297897
v -3.451508 3.292084 0.281673
v -3.351505 3.232705 0.293426
v -3.352165 3.232705 0.276900
v -3.351505 3.292084 0.293426
v -3.352165 3.292084 0.276900
v -3.453418 3.184725 0.297897
v -3.451508 3.184725 0.281673
v -3.549156 3.184725 0.270958
v -3.542327 3.184725 0.256119
v -3.633784 3.184725 0.213999
v -3.624604 3.184725 0.200242
v -3.351505 3.184725 0.293426
v -3.352165 3.184725 0.276900
v -3.263011 3.232705 0.260718
v -3.273258 3.232705 0.247736
v -3.182688 3.292084 0.197835
v -3.194691 3.292084 0.186754
v -3.263011 3.292084 0.260718
v -3.273258 3.292084 0.247736
v -3.127484 3.292084 0.115107
v -3.142323 3.292084 0.108277
v -3.100243 3.232705 0.016799
v -3.116164 3.232705 0.012319
v -3.100243 3.292084 0.016799
v -3.116164 3.292084 0.012319
v -3.100243 3.184725 0.016799
v -3.116164 3.184725 0.012319
v -3.127484 3.184725 0.115107
v -3.142323 3.184725 0.108277
v -3.182688 3.184725 0.197835
v -3.194691 3.184725 0.186754
v -3.263011 3.184725 0.260718
v -3.273258 3.184725 0.247736
vt 0.060092 0.136284
vt 0.033595 0.332245
vt 0.032474 0.332615
vt 0.059105 0.135638
vt 0.170328 0.475191
vt 0.169920 0.476297
vt 0.366801 0.457086
vt 0.367392 0.458108
vt 0.475937 0.292721
vt 0.477109 0.292854
vt 0.414939 0.104330
vt 0.415790 0.103514
vt 0.230000 0.035308
vt 0.229896 0.034133
vt 0.097198 0.160939
vt 0.076005 0.318533
vt 0.185933 0.433480
vt 0.344028 0.418784
vt 0.431811 0.286457
vt 0.382741 0.135095
vt 0.233865 0.079715
vt 0.142206 0.561053
vt 0.330848 0.532418
vt 0.317658 0.574316
vt 0.166969 0.597239
vt 0.469271 0.662254
vt 0.428826 0.678074
vt 0.456264 0.851789
vt 0.418057 0.829565
vt 0.298358 0.958218
vt 0.292270 0.914898
vt 0.117889 0.901738
vt 0.147768 0.869637
vt 0.047721 0.726358
vt 0.091434 0.729238
vt 0.131396 0.182334
vt 0.113993 0.305134
vt 0.238408 0.119769
vt 0.354436 0.163797
vt 0.391762 0.281820
vt 0.322519 0.384673
vt 0.198968 0.395327
vt 0.385337 0.487353
vt 0.158318 0.508556
vt 0.000000 0.343621
vt 0.030307 0.117039
vt 0.226442 0.000000
vt 0.440283 0.079539
vt 0.511123 0.297202
vt 0.342143 0.491560
vt 0.511084 0.645939
vt 0.117273 0.526770
vt 0.005358 0.724697
vt 0.089857 0.933660
vt 0.305320 1.000000
vt 0.490709 0.872369
vt 0.400079 0.690125
vt 0.308920 0.604354
vt 0.390449 0.814329
vt 0.287192 0.883958
vt 0.168659 0.846182
vt 0.122766 0.730552
vt 0.185202 0.622713
vt 0.505640 0.196607
vt 0.523838 0.196940
vt 0.523777 0.200239
vt 0.505580 0.199905
vt 0.541905 0.197272
vt 0.541844 0.200570
vt 0.559972 0.197603
vt 0.559911 0.200902
vt 0.451308 0.195610
vt 0.469506 0.195944
vt 0.469446 0.199243
vt 0.451248 0.198909
vt 0.487573 0.196275
vt 0.487513 0.199574
vt 0.332065 0.058722
vt 0.319059 0.027011
vt 0.352762 0.031711
vt 0.365767 0.063422
vt 0.386464 0.036411
vt 0.373458 0.004700
vt 0.339756 0.000000
vt 0.285129 0.000676
vt 0.299679 0.007836
vt 0.276881 0.042092
vt 0.313679 0.021195
vt 0.324548 0.051753
vt 0.230534 0.047313
vt 0.243987 0.013598
vt 0.265821 0.000000
vt 0.476404 0.805390
vt 0.458337 0.805059
vt 0.440140 0.804725
vt 0.548803 0.806718
vt 0.530736 0.806387
vt 0.512669 0.806055
vt 0.494471 0.805722
vt 0.476293 0.811473
vt 0.458226 0.811142
vt 0.440028 0.810808
vt 0.548692 0.812801
vt 0.530625 0.812470
vt 0.512558 0.812138
vt 0.494360 0.811804
vt 1.000000 0.022303
vt 0.891976 0.081689
vt 0.893627 0.089101
vt 0.865709 0.111491
vt 0.867254 0.119135
vt 0.842914 0.128248
vt 0.844511 0.135985
vt 0.786438 0.161977
vt 0.788351 0.169597
vt 0.761243 0.191527
vt 0.763059 0.199233
vt 0.736366 0.224828
vt 0.738173 0.232518
vt 0.669764 0.281803
vt 0.671780 0.289034
vt 0.632433 0.339868
vt 0.634547 0.346479
vt 0.582834 0.404858
vt 0.584697 0.411306
vt 0.549177 0.440203
vt 0.550728 0.446480
vt 0.489776 0.494049
vt 0.490536 0.500181
vt 0.414263 0.497882
vt 0.413786 0.503998
vt 0.394062 0.504464
vt 0.393136 0.510547
vt 0.360357 0.481354
vt 0.358625 0.487226
vt 0.332288 0.430971
vt 0.330409 0.437180
vt 0.278813 0.371253
vt 0.276709 0.377937
vt 0.238691 0.322826
vt 0.236579 0.329797
vt 0.206118 0.277793
vt 0.204162 0.285107
vt 0.172438 0.230115
vt 0.170249 0.237274
vt 0.113677 0.159950
vt 0.111173 0.166826
vt 0.086929 0.120729
vt 0.084380 0.127392
vt 0.000000 0.000000
vt 0.894562 0.092104
vt 0.868053 0.122743
vt 0.845369 0.139974
vt 0.789822 0.174068
vt 0.764406 0.204316
vt 0.739474 0.238125
vt 0.673754 0.295070
vt 0.636657 0.352870
vt 0.586860 0.418469
vt 0.552496 0.454291
vt 0.491435 0.508680
vt 0.413355 0.512659
vt 0.391681 0.518753
vt 0.356464 0.494713
vt 0.328107 0.444332
vt 0.274686 0.384837
vt 0.234840 0.336366
vt 0.202568 0.291218
vt 0.168472 0.242397
vt 0.109671 0.170919
vt 0.082832 0.130570
vt 0.894271 0.088940
vt 0.867672 0.120201
vt 0.845016 0.137879
vt 0.789992 0.172770
vt 0.764495 0.203798
vt 0.739502 0.238365
vt 0.674481 0.296374
vt 0.637024 0.355296
vt 0.587971 0.422150
vt 0.553372 0.459060
vt 0.491909 0.514567
vt 0.413243 0.518790
vt 0.390614 0.524274
vt 0.355230 0.499429
vt 0.326824 0.448237
vt 0.273994 0.387910
vt 0.234529 0.338685
vt 0.202294 0.292545
vt 0.168165 0.242482
vt 0.110020 0.169831
vt 0.083151 0.128402
vt 0.892983 0.081462
vt 0.866389 0.112998
vt 0.843717 0.130927
vt 0.788834 0.166465
vt 0.763342 0.197983
vt 0.738308 0.233096
vt 0.673607 0.292184
vt 0.636564 0.352338
vt 0.587427 0.420193
vt 0.552878 0.457993
vt 0.491690 0.514394
vt 0.413502 0.518800
vt 0.390560 0.523877
vt 0.355619 0.498611
vt 0.327273 0.446609
vt 0.274966 0.385356
vt 0.235751 0.335396
vt 0.203429 0.288312
vt 0.169427 0.237480
vt 0.111919 0.164200
vt 0.085055 0.122158
vt 0.891417 0.074050
vt 0.864922 0.105353
vt 0.842203 0.123191
vt 0.787027 0.158845
vt 0.761623 0.190277
vt 0.736597 0.225405
vt 0.671689 0.284953
vt 0.634539 0.345727
vt 0.585623 0.413745
vt 0.551370 0.451715
vt 0.490943 0.508262
vt 0.413964 0.512683
vt 0.391489 0.517794
vt 0.357315 0.492739
vt 0.329101 0.440400
vt 0.276976 0.378672
vt 0.237759 0.328426
vt 0.205287 0.280997
vt 0.171501 0.230320
vt 0.114283 0.157325
vt 0.087464 0.115495
vt 0.890433 0.071047
vt 0.864077 0.101745
vt 0.841305 0.119202
vt 0.785557 0.154374
vt 0.760280 0.185194
vt 0.735304 0.219798
vt 0.669783 0.278918
vt 0.632514 0.339336
vt 0.583575 0.406582
vt 0.549701 0.443904
vt 0.490095 0.499763
vt 0.414369 0.504023
vt 0.392856 0.509589
vt 0.359352 0.485253
vt 0.331275 0.433248
vt 0.278911 0.371772
vt 0.239446 0.321857
vt 0.206846 0.274886
vt 0.173252 0.225198
vt 0.115822 0.153232
vt 0.089062 0.112316
vt 0.890638 0.074211
vt 0.864380 0.104287
vt 0.841574 0.121297
vt 0.785282 0.155672
vt 0.760094 0.185712
vt 0.735180 0.219558
vt 0.668958 0.277613
vt 0.631617 0.336910
vt 0.582404 0.402901
vt 0.548781 0.439136
vt 0.489608 0.493876
vt 0.414497 0.497892
vt 0.393921 0.504067
vt 0.360621 0.480537
vt 0.332608 0.429343
vt 0.279698 0.368699
vt 0.239863 0.319537
vt 0.207218 0.273559
vt 0.173673 0.225113
vt 0.115612 0.154319
vt 0.088882 0.114484
vt 0.000000 0.019871
vt 0.107638 0.087646
vt 0.109230 0.080002
vt 0.136865 0.118623
vt 0.138467 0.110738
vt 0.160863 0.136001
vt 0.162533 0.128022
vt 0.194801 0.170669
vt 0.196799 0.162810
vt 0.223355 0.201235
vt 0.225344 0.193287
vt 0.255278 0.235565
vt 0.257275 0.227633
vt 0.329142 0.293855
vt 0.331522 0.286397
vt 0.372293 0.353103
vt 0.374800 0.346284
vt 0.421459 0.419965
vt 0.423527 0.413315
vt 0.457360 0.456243
vt 0.459114 0.449769
vt 0.525055 0.511630
vt 0.525895 0.505305
vt 0.608645 0.515567
vt 0.608044 0.509258
vt 0.631039 0.522321
vt 0.629934 0.516048
vt 0.668153 0.498268
vt 0.666175 0.492212
vt 0.698216 0.446651
vt 0.696095 0.440248
vt 0.754391 0.385549
vt 0.752099 0.378654
vt 0.790081 0.335897
vt 0.787770 0.328708
vt 0.794393 0.328708
vt 0.796704 0.335897
vt 0.831443 0.289805
vt 0.829328 0.282261
vt 0.868932 0.240470
vt 0.866601 0.233086
vt 0.930308 0.167810
vt 0.927867 0.160719
vt 0.956711 0.127138
vt 0.954256 0.120266
vt 1.000000 0.000000
vt 0.106833 0.090744
vt 0.136100 0.122344
vt 0.160016 0.140115
vt 0.193728 0.175280
vt 0.222300 0.206478
vt 0.254142 0.241348
vt 0.327040 0.300080
vt 0.369918 0.359694
vt 0.419236 0.427352
vt 0.455510 0.464299
vt 0.524077 0.520396
vt 0.609111 0.524499
vt 0.632605 0.530784
vt 0.670444 0.505990
vt 0.700611 0.454027
vt 0.756403 0.392665
vt 0.791903 0.342672
vt 0.798526 0.342672
vt 0.833063 0.296107
vt 0.870695 0.245754
vt 0.931640 0.172032
vt 0.958089 0.130417
vt 0.107245 0.087480
vt 0.136579 0.119722
vt 0.160451 0.137955
vt 0.194174 0.173942
vt 0.222768 0.205944
vt 0.254516 0.241595
vt 0.326493 0.301426
vt 0.369138 0.362197
vt 0.418245 0.431149
vt 0.454724 0.469218
vt 0.523577 0.526468
vt 0.609149 0.530823
vt 0.633644 0.536479
vt 0.671604 0.510854
vt 0.701779 0.458056
vt 0.756900 0.395834
vt 0.763026 0.392665
vt 0.763523 0.395834
vt 0.798756 0.345064
vt 0.833219 0.297476
vt 0.870847 0.245841
vt 0.931120 0.170910
vt 0.957627 0.128181
vt 0.108580 0.079767
vt 0.137966 0.112293
vt 0.161853 0.130785
vt 0.195801 0.167438
vt 0.224408 0.199946
vt 0.256101 0.236160
vt 0.327724 0.297104
vt 0.370318 0.359146
vt 0.419006 0.429131
vt 0.455417 0.468117
vt 0.523834 0.526289
vt 0.608754 0.530833
vt 0.633553 0.536070
vt 0.670998 0.510011
vt 0.701092 0.456376
vt 0.755674 0.393200
vt 0.790726 0.341672
vt 0.792133 0.345064
vt 0.797349 0.341672
vt 0.831900 0.293110
vt 0.869389 0.240682
vt 0.929143 0.165103
vt 0.955682 0.121740
vt 0.110095 0.072122
vt 0.139486 0.104408
vt 0.163434 0.122806
vt 0.197687 0.159579
vt 0.226285 0.191997
vt 0.257985 0.228228
vt 0.329969 0.289646
vt 0.372699 0.352328
vt 0.420994 0.422480
vt 0.457112 0.461643
vt 0.524657 0.519964
vt 0.608179 0.524524
vt 0.632456 0.529796
vt 0.669074 0.503955
vt 0.699043 0.449972
vt 0.753494 0.386306
vt 0.788538 0.334483
vt 0.795161 0.334483
vt 0.829897 0.285566
vt 0.867185 0.233298
vt 0.926831 0.158011
vt 0.953353 0.114868
vt 0.110954 0.069025
vt 0.140305 0.100687
vt 0.164329 0.118692
vt 0.198803 0.154968
vt 0.227376 0.186755
vt 0.259141 0.222445
vt 0.332004 0.283421
vt 0.374974 0.345736
vt 0.423101 0.415093
vt 0.458858 0.453587
vt 0.525577 0.511199
vt 0.607741 0.515592
vt 0.630988 0.521333
vt 0.666919 0.496233
vt 0.696781 0.442596
vt 0.751562 0.379190
vt 0.786768 0.327708
vt 0.793391 0.327708
vt 0.828307 0.279263
vt 0.865439 0.228015
vt 0.925451 0.153790
vt 0.951918 0.111590
vt 0.110619 0.072288
vt 0.139908 0.103309
vt 0.163983 0.120852
vt 0.198469 0.156306
vt 0.227020 0.187289
vt 0.258880 0.222198
vt 0.332686 0.282075
vt 0.375878 0.343233
vt 0.424171 0.411296
vt 0.459703 0.448668
vt 0.526093 0.505126
vt 0.607679 0.509268
vt 0.629942 0.515638
vt 0.665705 0.491369
vt 0.695541 0.438568
vt 0.750953 0.376020
vt 0.786414 0.325316
vt 0.793037 0.325316
vt 0.828039 0.277894
vt 0.865160 0.227927
vt 0.925842 0.154911
vt 0.952254 0.113826
vt 0.416185 0.446970
vt 0.348406 0.487840
vt 0.346504 0.483757
vt 0.413123 0.443665
vt 0.271338 0.505838
vt 0.270781 0.501367
vt 0.192460 0.499205
vt 0.193303 0.494780
vt 0.119439 0.468563
vt 0.121603 0.464611
vt 0.059400 0.416856
vt 0.062676 0.413764
vt 0.018229 0.349090
vt 0.022300 0.347160
vt 0.000000 0.271861
vt 0.004468 0.271284
vt 0.006546 0.192724
vt 0.010973 0.193557
vt 0.037274 0.119446
vt 0.041225 0.121610
vt 0.089203 0.059242
vt 0.092287 0.062525
vt 0.157257 0.018062
vt 0.159167 0.022141
vt 0.234742 0.000000
vt 0.235288 0.004471
vt 0.313996 0.006864
vt 0.313120 0.011282
vt 0.387144 0.037947
vt 0.384933 0.041872
vt 0.446952 0.090008
vt 0.443625 0.093048
vt 0.488011 0.157470
vt 0.483883 0.159317
vt 0.505357 0.234848
vt 0.500894 0.235325
vt 0.499037 0.314161
vt 0.494626 0.313261
vt 0.468096 0.387168
vt 0.464171 0.384959
vt 0.776514 0.856189
vt 0.776151 0.821206
vt 0.886682 0.837592
vt 0.787666 0.889341
vt 0.808514 0.917420
vt 0.837015 0.937680
vt 0.870380 0.948139
vt 0.905343 0.947774
vt 0.938482 0.936624
vt 0.966552 0.915780
vt 0.986807 0.887283
vt 0.997266 0.853925
vt 0.996906 0.818970
vt 0.985763 0.785844
vt 0.964933 0.757788
vt 0.936458 0.737547
vt 0.903128 0.727087
vt 0.868185 0.727389
vt 0.835022 0.738477
vt 0.806899 0.759293
vt 0.786617 0.787815
vt 0.105401 0.608704
vt 0.121668 0.576779
vt 0.214313 0.644091
vt 0.147003 0.551443
vt 0.178925 0.535178
vt 0.214311 0.529574
vt 0.249701 0.535179
vt 0.281627 0.551446
vt 0.306960 0.576779
vt 0.323225 0.608702
vt 0.328830 0.644091
vt 0.323226 0.679481
vt 0.306961 0.711403
vt 0.281627 0.736737
vt 0.249701 0.753004
vt 0.214311 0.758609
vt 0.178924 0.753004
vt 0.147002 0.736739
vt 0.121668 0.711404
vt 0.105401 0.679480
vt 0.099796 0.644091
vt 0.345429 0.481436
vt 0.411390 0.441786
vt 0.270470 0.498829
vt 0.193787 0.492269
vt 0.122836 0.462371
vt 0.064539 0.412012
vt 0.024613 0.346069
vt 0.007005 0.270961
vt 0.013486 0.194036
vt 0.043465 0.122843
vt 0.094034 0.064393
vt 0.160247 0.024460
vt 0.235592 0.007011
vt 0.312617 0.013790
vt 0.383671 0.044097
vt 0.441731 0.094769
vt 0.481550 0.160356
vt 0.498346 0.235602
vt 0.492123 0.312748
vt 0.461946 0.383700
vt 0.330356 0.449121
vt 0.387153 0.415652
vt 0.266033 0.463440
vt 0.200435 0.457224
vt 0.139944 0.431071
vt 0.090457 0.387509
vt 0.056824 0.330761
vt 0.042367 0.266358
vt 0.048534 0.200602
vt 0.074751 0.139948
vt 0.118464 0.090364
vt 0.175390 0.056741
vt 0.239924 0.042407
vt 0.305689 0.048785
vt 0.366156 0.075222
vt 0.415320 0.119032
vt 0.448212 0.175761
vt 0.463942 0.239642
vt 0.457306 0.305634
vt 0.430903 0.366251
vt 0.378867 0.406644
vt 0.325229 0.437997
vt 0.321667 0.430167
vt 0.373078 0.400290
vt 0.264565 0.451275
vt 0.263577 0.442725
vt 0.202776 0.445193
vt 0.204464 0.436750
vt 0.145873 0.420342
vt 0.150078 0.412827
vt 0.099404 0.379130
vt 0.105720 0.373276
vt 0.067919 0.325552
vt 0.075732 0.321934
vt 0.054527 0.264833
vt 0.063075 0.263807
vt 0.060568 0.202917
vt 0.069014 0.204588
vt 0.085474 0.145882
vt 0.092985 0.150092
vt 0.126812 0.099337
vt 0.132644 0.105676
vt 0.180529 0.067871
vt 0.184096 0.075714
vt 0.241334 0.054590
vt 0.242275 0.063160
vt 0.303219 0.060808
vt 0.301436 0.069250
vt 0.360046 0.085888
vt 0.355723 0.093368
vt 0.406190 0.127284
vt 0.399772 0.133079
vt 0.437170 0.180831
vt 0.429409 0.184359
vt 0.451660 0.241171
vt 0.443017 0.242196
vt 0.445347 0.303215
vt 0.436947 0.301508
vt 0.420264 0.360238
vt 0.412808 0.355985
vt 0.365507 0.392288
vt 0.316919 0.420216
vt 0.304039 0.392151
vt 0.344640 0.369557
vt 0.262116 0.431790
vt 0.258494 0.401100
vt 0.206438 0.425891
vt 0.212446 0.395558
vt 0.155301 0.403101
vt 0.170365 0.376089
vt 0.113686 0.365634
vt 0.136343 0.344584
vt 0.085666 0.317124
vt 0.113710 0.304096
vt 0.074009 0.262302
vt 0.104708 0.258583
vt 0.079877 0.206543
vt 0.110227 0.212514
vt 0.102708 0.155322
vt 0.129720 0.170417
vt 0.140262 0.113672
vt 0.161262 0.136423
vt 0.188848 0.085690
vt 0.201742 0.113865
vt 0.243679 0.074127
vt 0.247166 0.104943
vt 0.299351 0.080118
vt 0.293066 0.110514
vt 0.350362 0.103065
vt 0.334921 0.130041
vt 0.391668 0.140663
vt 0.368476 0.161665
vt 0.419346 0.188891
vt 0.389997 0.202186
vt 0.432036 0.243455
vt 0.402579 0.246804
vt 0.426176 0.299483
vt 0.396225 0.293371
vt 0.403155 0.350718
vt 0.376357 0.335529
vt 0.291002 0.302909
vt 0.273698 0.312090
vt 0.270198 0.301598
vt 0.284352 0.294040
vt 0.254428 0.315508
vt 0.254299 0.304503
vt 0.235042 0.312854
vt 0.238373 0.302315
vt 0.217427 0.304376
vt 0.223901 0.295339
vt 0.203249 0.290920
vt 0.212182 0.284356
vt 0.193933 0.273746
vt 0.204475 0.270299
vt 0.190423 0.254543
vt 0.201522 0.254529
vt 0.193039 0.235217
vt 0.203609 0.238620
vt 0.201524 0.217680
vt 0.210597 0.224219
vt 0.215000 0.203650
vt 0.221617 0.212664
vt 0.232143 0.194517
vt 0.235628 0.205193
vt 0.251251 0.191152
vt 0.251219 0.202372
vt 0.270467 0.193872
vt 0.266953 0.204469
vt 0.287931 0.202431
vt 0.281334 0.211318
vt 0.301924 0.216066
vt 0.292896 0.222377
vt 0.310801 0.233534
vt 0.300736 0.236738
vt 0.316687 0.252129
vt 0.305217 0.252490
vt 0.313362 0.271280
vt 0.302779 0.268216
vt 0.304665 0.288843
vt 0.295615 0.282618
vt 0.773790 0.856653
vt 0.773417 0.820805
vt 0.785219 0.890624
vt 0.806583 0.919397
vt 0.835789 0.940156
vt 0.869980 0.950872
vt 0.905807 0.950498
vt 0.939764 0.939071
vt 0.968528 0.917710
vt 0.989283 0.888508
vt 1.000000 0.854325
vt 0.999630 0.818507
vt 0.988211 0.784562
vt 0.966864 0.755813
vt 0.937686 0.735072
vt 0.903535 0.724355
vt 0.867737 0.724681
vt 0.833741 0.736010
vt 0.804926 0.757359
vt 0.784142 0.786588
vt 0.329570 0.447417
vt 0.385884 0.414272
vt 0.265807 0.461577
vt 0.200792 0.455382
vt 0.140851 0.429428
vt 0.091826 0.386225
vt 0.058522 0.329962
vt 0.044228 0.266123
vt 0.050377 0.200955
vt 0.076393 0.140855
vt 0.119743 0.091737
vt 0.176178 0.058444
vt 0.240141 0.044272
vt 0.305311 0.050625
vt 0.365220 0.076854
vt 0.413919 0.120293
vt 0.446529 0.176543
vt 0.462055 0.239880
vt 0.455477 0.305259
vt 0.429274 0.365329
vt 0.373077 0.400289
vt 0.412806 0.355985
vt 0.436945 0.301507
vt 0.443016 0.242196
vt 0.429408 0.184360
vt 0.399770 0.133080
vt 0.355722 0.093370
vt 0.301435 0.069251
vt 0.242275 0.063162
vt 0.184097 0.075716
vt 0.132645 0.105677
vt 0.092987 0.150093
vt 0.069016 0.204589
vt 0.063077 0.263807
vt 0.075734 0.321933
vt 0.105721 0.373275
vt 0.150079 0.412825
vt 0.204464 0.436748
vt 0.263577 0.442723
vt 0.321667 0.430165
vt 0.371903 0.399030
vt 0.411303 0.355150
vt 0.435261 0.301179
vt 0.441276 0.242391
vt 0.427859 0.185060
vt 0.398499 0.134258
vt 0.354873 0.094879
vt 0.301097 0.070947
vt 0.242482 0.064877
vt 0.184828 0.077280
vt 0.133826 0.106935
vt 0.094500 0.150920
vt 0.070711 0.204906
vt 0.064787 0.263583
vt 0.077291 0.321192
vt 0.106974 0.372089
vt 0.150905 0.411311
vt 0.204784 0.435053
vt 0.263361 0.441012
vt 0.320935 0.428605
vt 0.340935 0.365427
vt 0.371560 0.332750
vt 0.390802 0.292270
vt 0.397034 0.247810
vt 0.385141 0.204664
vt 0.364265 0.165380
vt 0.332058 0.134851
vt 0.291851 0.115972
vt 0.247711 0.110503
vt 0.203988 0.118974
vt 0.164983 0.140576
vt 0.134544 0.173204
vt 0.115673 0.213665
vt 0.110240 0.257988
vt 0.118786 0.301820
vt 0.140469 0.340850
vt 0.173139 0.371265
vt 0.213600 0.390117
vt 0.257916 0.395572
vt 0.301787 0.387075
vt 0.269351 0.299103
vt 0.282843 0.291794
vt 0.282851 0.291796
vt 0.214481 0.282892
vt 0.225519 0.293219
vt 0.207049 0.269642
vt 0.293476 0.281074
vt 0.282449 0.291263
vt 0.269227 0.298477
vt 0.269073 0.297959
vt 0.282135 0.290814
vt 0.254436 0.301202
vt 0.254470 0.300661
vt 0.239580 0.299248
vt 0.239815 0.298757
vt 0.225977 0.292795
vt 0.226370 0.292412
vt 0.215045 0.282510
vt 0.215503 0.282221
vt 0.207700 0.269452
vt 0.208222 0.269305
vt 0.204828 0.254699
vt 0.205370 0.254731
vt 0.206700 0.239805
vt 0.207203 0.240004
vt 0.213224 0.226314
vt 0.213654 0.226660
vt 0.223472 0.215457
vt 0.223773 0.215917
vt 0.236511 0.208463
vt 0.236651 0.209001
vt 0.251040 0.205747
vt 0.251007 0.206301
vt 0.265760 0.207612
vt 0.265568 0.208128
vt 0.279261 0.213917
vt 0.278928 0.214347
vt 0.290186 0.224214
vt 0.289742 0.224514
vt 0.297720 0.237627
vt 0.297210 0.237763
vt 0.298480 0.242088
vt 0.298993 0.241990
vt 0.300006 0.245664
vt 0.299518 0.245723
vt 0.301798 0.252431
vt 0.299649 0.267214
vt 0.299139 0.267041
vt 0.301234 0.252377
vt 0.292999 0.280643
vt 0.292587 0.280298
vt 0.281426 0.290292
vt 0.268630 0.297296
vt 0.268765 0.296528
vt 0.281350 0.289557
vt 0.254334 0.299934
vt 0.254662 0.299202
vt 0.239956 0.298073
vt 0.240410 0.297427
vt 0.226836 0.291886
vt 0.227355 0.291284
vt 0.216209 0.282015
vt 0.216782 0.281509
vt 0.209017 0.269384
vt 0.209662 0.269008
vt 0.206148 0.255136
vt 0.206829 0.254916
vt 0.207855 0.240693
vt 0.208524 0.240637
vt 0.214123 0.227574
vt 0.214756 0.227670
vt 0.223971 0.216983
vt 0.224476 0.217235
vt 0.236556 0.210132
vt 0.236902 0.210489
vt 0.250629 0.207389
vt 0.250793 0.207787
vt 0.264956 0.209093
vt 0.264931 0.209469
vt 0.278179 0.215182
vt 0.277953 0.215454
vt 0.288923 0.225222
vt 0.288540 0.225309
vt 0.296279 0.238192
vt 0.295815 0.238053
vt 0.297211 0.242473
vt 0.297646 0.242643
vt 0.298694 0.246216
vt 0.298263 0.246007
vt 0.300145 0.252730
vt 0.298140 0.266997
vt 0.297778 0.266487
vt 0.299678 0.252479
vt 0.291720 0.279978
vt 0.291506 0.279330
vt 0.022612 0.703950
vt 0.035792 0.651334
vt 0.038559 0.652441
vt 0.025574 0.704278
vt 0.062541 0.604147
vt 0.064911 0.605953
vt 0.100917 0.565815
vt 0.102720 0.568188
vt 0.148134 0.539120
vt 0.149237 0.541888
vt 0.200763 0.526000
vt 0.201088 0.528962
vt 0.254986 0.527406
vt 0.254508 0.530347
vt 0.306865 0.543235
vt 0.305617 0.545940
vt 0.352519 0.572370
vt 0.350538 0.574604
vt 0.423908 0.727999
vt 0.416207 0.781613
vt 0.413342 0.780794
vt 0.420921 0.728042
vt 0.394377 0.831263
vt 0.391836 0.829707
vt 0.360081 0.873284
vt 0.358048 0.871106
vt 0.315810 0.904624
vt 0.314432 0.901982
vt 0.264779 0.923006
vt 0.264156 0.920092
vt 0.210693 0.927098
vt 0.210871 0.924123
vt 0.157477 0.916601
vt 0.158442 0.913782
vt 0.108991 0.892283
vt 0.110674 0.889826
vt 0.068791 0.855868
vt 0.039731 0.810070
vt 0.042440 0.808828
vt 0.071071 0.853947
vt 0.023958 0.758174
vt 0.026899 0.757699
vt 0.446951 0.710320
vt 0.479718 0.764900
vt 0.475911 0.768092
vt 0.442347 0.712187
vt 0.527832 0.806699
vt 0.525188 0.810906
vt 0.586547 0.831604
vt 0.585345 0.836425
vt 0.650092 0.837147
vt 0.650450 0.842102
vt 0.712206 0.822793
vt 0.714077 0.827395
vt 0.766814 0.789937
vt 0.770015 0.793737
vt 0.808584 0.741816
vt 0.812809 0.744430
vt 0.833398 0.683171
vt 0.838226 0.684342
vt 0.838843 0.619813
vt 0.843799 0.619460
vt 0.824576 0.557765
vt 0.829190 0.555921
vt 0.791799 0.503115
vt 0.795610 0.499928
vt 0.743715 0.461276
vt 0.746345 0.457061
vt 0.685090 0.436369
vt 0.686292 0.431548
vt 0.621596 0.430819
vt 0.621253 0.425862
vt 0.559527 0.445163
vt 0.557658 0.440559
vt 0.505042 0.477927
vt 0.501862 0.474150
vt 0.463173 0.526001
vt 0.438251 0.584713
vt 0.433434 0.583496
vt 0.458937 0.523346
vt 0.432653 0.648219
vt 0.427696 0.648561
vt 0.536261 0.156935
vt 0.564535 0.101732
vt 0.564551 0.101744
vt 0.536280 0.156942
vt 0.608481 0.057964
vt 0.608494 0.057981
vt 0.663800 0.029911
vt 0.663806 0.029931
vt 0.725082 0.020329
vt 0.725082 0.020349
vt 0.786328 0.030151
vt 0.786322 0.030170
vt 0.841540 0.058424
vt 0.841528 0.058440
vt 0.885320 0.102369
vt 0.885304 0.102381
vt 0.913380 0.157696
vt 0.913360 0.157702
vt 0.922959 0.218988
vt 0.922938 0.218988
vt 0.913135 0.280242
vt 0.913116 0.280235
vt 0.884859 0.335458
vt 0.884842 0.335446
vt 0.840903 0.379237
vt 0.840892 0.379221
vt 0.785572 0.407299
vt 0.785566 0.407279
vt 0.724271 0.416888
vt 0.724271 0.416868
vt 0.663009 0.407048
vt 0.663015 0.407029
vt 0.607805 0.378744
vt 0.607817 0.378728
vt 0.564023 0.334794
vt 0.536007 0.279453
vt 0.536027 0.279447
vt 0.564040 0.334782
vt 0.526436 0.218174
vt 0.526456 0.218174
vt 0.300257 0.267423
vt 0.302479 0.252451
vt 0.298368 0.237590
vt 0.290716 0.223864
vt 0.279669 0.213413
vt 0.266001 0.207000
vt 0.251087 0.205087
vt 0.236351 0.207819
vt 0.223119 0.214904
vt 0.212716 0.225895
vt 0.206102 0.239561
vt 0.204182 0.254655
vt 0.239291 0.299829
vt 0.254391 0.301846
vt 0.282840 0.291787
vt 0.300905 0.248984
vt 0.268718 0.296386
vt 0.281261 0.289435
vt 0.254661 0.299053
vt 0.240453 0.297286
vt 0.227424 0.291173
vt 0.216902 0.281421
vt 0.209802 0.268960
vt 0.206978 0.254913
vt 0.208680 0.240684
vt 0.214886 0.227748
vt 0.224568 0.217355
vt 0.236953 0.210633
vt 0.250798 0.207939
vt 0.264892 0.209615
vt 0.277873 0.215579
vt 0.288429 0.225405
vt 0.295689 0.238112
vt 0.297633 0.266448
vt 0.299519 0.252472
vt 0.291393 0.279235
vt 0.264422 0.285843
vt 0.274105 0.280796
vt 0.275480 0.282172
vt 0.265307 0.287522
vt 0.254200 0.287552
vt 0.254234 0.289468
vt 0.243162 0.286026
vt 0.242921 0.287861
vt 0.233443 0.281502
vt 0.232538 0.283211
vt 0.225501 0.274021
vt 0.224196 0.275400
vt 0.220499 0.264867
vt 0.218705 0.265547
vt 0.218505 0.254223
vt 0.216652 0.254479
vt 0.219830 0.243549
vt 0.218009 0.243085
vt 0.224584 0.233766
vt 0.222863 0.232856
vt 0.231752 0.226489
vt 0.230629 0.224910
vt 0.241511 0.221347
vt 0.240599 0.219687
vt 0.252016 0.219464
vt 0.251727 0.217570
vt 0.262817 0.220915
vt 0.263007 0.219026
vt 0.272442 0.225512
vt 0.273336 0.223866
vt 0.280533 0.233318
vt 0.281715 0.231914
vt 0.285860 0.242870
vt 0.287625 0.242205
vt 0.286392 0.263229
vt 0.287886 0.253261
vt 0.289852 0.252965
vt 0.288251 0.263854
vt 0.281499 0.273052
vt 0.283198 0.273770
vt 0.013842 0.702972
vt 0.027602 0.648051
vt 0.055524 0.598796
vt 0.095583 0.558785
vt 0.144870 0.530921
vt 0.199807 0.517227
vt 0.256407 0.518697
vt 0.310558 0.535231
vt 0.358387 0.565754
vt 0.432764 0.727878
vt 0.424688 0.784042
vt 0.401900 0.835875
vt 0.366099 0.879737
vt 0.319886 0.912450
vt 0.266618 0.931636
vt 0.210161 0.935906
vt 0.154613 0.924948
vt 0.104013 0.899550
vt 0.062031 0.861562
vt 0.031709 0.813746
vt 0.015245 0.759573
vt 0.451945 0.708292
vt 0.483846 0.761439
vt 0.530699 0.802135
vt 0.587850 0.826374
vt 0.649701 0.831771
vt 0.710175 0.817802
vt 0.763340 0.785816
vt 0.804000 0.738981
vt 0.828160 0.681904
vt 0.833471 0.620198
vt 0.819572 0.559767
vt 0.787665 0.506574
vt 0.740863 0.465849
vt 0.683789 0.441597
vt 0.621969 0.436196
vt 0.561553 0.450157
vt 0.508494 0.482020
vt 0.467770 0.528876
vt 0.443478 0.586032
vt 0.438030 0.647847
vt 0.526948 0.153896
vt 0.556616 0.095964
vt 0.602731 0.050033
vt 0.660781 0.020592
vt 0.725091 0.010532
vt 0.789364 0.020836
vt 0.847306 0.050504
vt 0.893251 0.096618
vt 0.922700 0.154677
vt 0.932755 0.218998
vt 0.922449 0.283278
vt 0.892778 0.341225
vt 0.846654 0.387168
vt 0.788591 0.416618
vt 0.724259 0.426685
vt 0.659966 0.416361
vt 0.602014 0.386674
vt 0.556101 0.340520
vt 0.526685 0.282464
vt 0.516639 0.218161
vt 0.516935 0.150630
vt 0.548103 0.089763
vt 0.596549 0.041506
vt 0.657535 0.010573
vt 0.725100 0.000000
vt 0.792628 0.010823
vt 0.853504 0.041988
vt 0.901776 0.090433
vt 0.932719 0.151432
vt 0.943287 0.219008
vt 0.932462 0.286543
vt 0.901292 0.347424
vt 0.852837 0.395694
vt 0.791838 0.426637
vt 0.724247 0.437217
vt 0.656696 0.426373
vt 0.595786 0.395201
vt 0.547585 0.346672
vt 0.516664 0.285702
vt 0.506107 0.218148
vt 0.300391 0.249003
vt 0.299465 0.249397
vt 0.299003 0.249136
vt 0.298853 0.249148
vt 0.286226 0.275727
vt 0.277760 0.284929
vt 0.291828 0.264941
vt 0.293504 0.252848
vt 0.293236 0.249986
vt 0.290552 0.240578
vt 0.291899 0.244282
vt 0.284171 0.229350
vt 0.274979 0.220666
vt 0.263600 0.215425
vt 0.251263 0.213924
vt 0.239128 0.216292
vt 0.228285 0.222042
vt 0.219662 0.230940
vt 0.214618 0.242305
vt 0.212879 0.254659
vt 0.215305 0.266899
vt 0.221523 0.277832
vt 0.230744 0.286438
vt 0.242237 0.291383
vt 0.254441 0.293139
vt 0.266699 0.290860
vt 0.297078 0.242512
vt 0.292312 0.244184
vt 0.290878 0.240437
vt 0.284448 0.229088
vt 0.275169 0.220332
vt 0.263686 0.215043
vt 0.251238 0.213531
vt 0.238994 0.215917
vt 0.228049 0.221726
vt 0.219324 0.230727
vt 0.214232 0.242247
vt 0.212490 0.254663
vt 0.214938 0.267024
vt 0.221217 0.278066
vt 0.230535 0.286778
vt 0.242155 0.291760
vt 0.254440 0.293531
vt 0.266820 0.291229
vt 0.277991 0.285250
vt 0.286536 0.275956
vt 0.292205 0.265070
vt 0.293933 0.252829
vt 0.293602 0.249915
vt 0.662108 0.172929
vt 0.651059 0.194506
vt 0.679284 0.155823
vt 0.700904 0.144862
vt 0.724853 0.141119
vt 0.748787 0.144961
vt 0.770364 0.156011
vt 0.787470 0.173187
vt 0.798431 0.194809
vt 0.802174 0.218761
vt 0.798332 0.242698
vt 0.787281 0.264277
vt 0.770103 0.281386
vt 0.748480 0.292348
vt 0.724529 0.296092
vt 0.700594 0.292249
vt 0.679020 0.281196
vt 0.661918 0.264017
vt 0.650961 0.242394
vt 0.647218 0.218441
vt 0.756515 0.584141
vt 0.771270 0.564882
vt 0.788365 0.577979
vt 0.773610 0.597238
vt 0.228105 0.818812
vt 0.242859 0.799553
vt 0.259954 0.812650
vt 0.245199 0.831909
vt 0.257614 0.780295
vt 0.274708 0.793392
vt 0.272369 0.761037
vt 0.289463 0.774135
vt 0.287124 0.741779
vt 0.304218 0.754876
vt 0.301879 0.722520
vt 0.318973 0.735617
vt 0.316633 0.703262
vt 0.333728 0.716359
vt 0.331388 0.684005
vt 0.348482 0.697102
vt 0.346143 0.664746
vt 0.363238 0.677843
vt 0.360898 0.645487
vt 0.377992 0.658584
vt 0.375652 0.626229
vt 0.392746 0.639326
vt 0.623724 0.757466
vt 0.638479 0.738208
vt 0.655573 0.751305
vt 0.640818 0.770563
vt 0.653234 0.718950
vt 0.670328 0.732047
vt 0.667988 0.699691
vt 0.685083 0.712787
vt 0.682743 0.680432
vt 0.699838 0.693529
vt 0.697497 0.661174
vt 0.714592 0.674271
vt 0.712252 0.641916
vt 0.729346 0.655013
vt 0.727006 0.622658
vt 0.744101 0.635755
vt 0.741761 0.603400
vt 0.758856 0.616496
vt 0.341859 0.783715
vt 0.327103 0.802974
vt 0.312349 0.822231
vt 0.297595 0.841488
vt 0.282840 0.860747
vt 0.826006 0.606817
vt 0.811251 0.626076
vt 0.796497 0.645334
vt 0.781742 0.664593
vt 0.766987 0.683852
vt 0.752233 0.703110
vt 0.737479 0.722367
vt 0.722725 0.741625
vt 0.707969 0.760885
vt 0.693214 0.780144
vt 0.678459 0.799402
vt 0.430387 0.668165
vt 0.415634 0.687422
vt 0.400878 0.706682
vt 0.386123 0.725941
vt 0.371369 0.745198
vt 0.356615 0.764455
vt 0.528053 0.606417
vt 0.516814 0.571874
vt 0.518750 0.571571
vt 0.529800 0.605531
vt 0.516800 0.535549
vt 0.518734 0.535859
vt 0.528010 0.500998
vt 0.529754 0.501890
vt 0.549350 0.471601
vt 0.550732 0.472989
vt 0.578728 0.450238
vt 0.579614 0.451985
vt 0.613271 0.438999
vt 0.613574 0.440935
vt 0.649596 0.438984
vt 0.649286 0.440919
vt 0.684148 0.450195
vt 0.683255 0.451939
vt 0.713544 0.471535
vt 0.712156 0.472917
vt 0.734907 0.500914
vt 0.733160 0.501800
vt 0.746146 0.535456
vt 0.744211 0.535759
vt 0.746161 0.571781
vt 0.744227 0.571471
vt 0.734950 0.606333
vt 0.733206 0.605440
vt 0.713611 0.635729
vt 0.712228 0.634341
vt 0.684232 0.657092
vt 0.683346 0.655345
vt 0.649689 0.668332
vt 0.649386 0.666396
vt 0.613364 0.668346
vt 0.613674 0.666412
vt 0.578812 0.657135
vt 0.579705 0.655391
vt 0.549416 0.635796
vt 0.550804 0.634413
vt 0.010382 0.702590
vt 0.024369 0.646758
vt 0.011808 0.760128
vt 0.028544 0.815198
vt 0.059369 0.863806
vt 0.102047 0.902424
vt 0.153486 0.928242
vt 0.209954 0.939382
vt 0.267347 0.935041
vt 0.321498 0.915536
vt 0.368476 0.882282
vt 0.404869 0.837693
vt 0.428032 0.784999
vt 0.436247 0.727950
vt 0.312013 0.532071
vt 0.360607 0.563066
vt 0.256965 0.515260
vt 0.199427 0.513766
vt 0.143580 0.527687
vt 0.093476 0.556013
vt 0.052754 0.596688
vt 0.006921 0.702207
vt 0.021136 0.645465
vt 0.008371 0.760683
vt 0.025380 0.816650
vt 0.056707 0.866050
vt 0.100080 0.905297
vt 0.152358 0.931536
vt 0.209747 0.942857
vt 0.268075 0.938446
vt 0.323108 0.918623
vt 0.370852 0.884826
vt 0.407839 0.839510
vt 0.431377 0.785957
vt 0.439729 0.728023
vt 0.313467 0.528910
vt 0.362824 0.560380
vt 0.257523 0.511823
vt 0.199047 0.510305
vt 0.142290 0.524453
vt 0.091370 0.553241
vt 0.049984 0.594579
vt 0.003460 0.701824
vt 0.017903 0.644172
vt 0.004934 0.761238
vt 0.022216 0.818102
vt 0.054045 0.868294
vt 0.098114 0.908170
vt 0.151231 0.934830
vt 0.209540 0.946333
vt 0.268804 0.941850
vt 0.324719 0.921709
vt 0.373229 0.887371
vt 0.410809 0.841328
vt 0.434723 0.786916
vt 0.443209 0.728096
vt 0.314922 0.525747
vt 0.365039 0.557694
vt 0.258080 0.508387
vt 0.198667 0.506845
vt 0.140999 0.521220
vt 0.089263 0.550469
vt 0.047213 0.592470
vt 0.000000 0.701441
vt 0.014670 0.642879
vt 0.001496 0.761793
vt 0.019051 0.819555
vt 0.051383 0.870538
vt 0.096147 0.911043
vt 0.150103 0.938124
vt 0.209333 0.949808
vt 0.269532 0.945255
vt 0.326330 0.924796
vt 0.375605 0.889915
vt 0.413778 0.843145
vt 0.438069 0.787876
vt 0.446687 0.728169
vt 0.316377 0.522584
vt 0.367254 0.555009
vt 0.258638 0.504950
vt 0.198287 0.503384
vt 0.139709 0.517986
vt 0.087156 0.547697
vt 0.044443 0.590361
vt 0.721289 0.507890
vt 0.702748 0.482378
vt 0.677231 0.463844
vt 0.647235 0.454102
vt 0.615697 0.454107
vt 0.585705 0.463857
vt 0.560193 0.482398
vt 0.541659 0.507915
vt 0.531918 0.537910
vt 0.531922 0.569448
vt 0.541672 0.599441
vt 0.560213 0.624953
vt 0.585729 0.643487
vt 0.615725 0.653228
vt 0.647263 0.653224
vt 0.677256 0.643474
vt 0.702768 0.624933
vt 0.721302 0.599416
vt 0.731043 0.569420
vt 0.731039 0.537882
vt 0.673889 0.532066
vt 0.665138 0.520018
vt 0.674526 0.510623
vt 0.685720 0.526032
vt 0.653094 0.511264
vt 0.659118 0.499428
vt 0.638933 0.506661
vt 0.641006 0.493542
vt 0.624043 0.506658
vt 0.621960 0.493541
vt 0.609881 0.511257
vt 0.603847 0.499426
vt 0.597834 0.520007
vt 0.588438 0.510619
vt 0.589079 0.532052
vt 0.577243 0.526027
vt 0.584476 0.546212
vt 0.571357 0.544140
vt 0.584473 0.561102
vt 0.571356 0.563185
vt 0.589072 0.575264
vt 0.577241 0.581299
vt 0.597822 0.587312
vt 0.588435 0.596707
vt 0.609867 0.596066
vt 0.603842 0.607902
vt 0.624027 0.600670
vt 0.621955 0.613789
vt 0.638917 0.600673
vt 0.641000 0.613790
vt 0.653079 0.596074
vt 0.659114 0.607905
vt 0.665127 0.587324
vt 0.674522 0.596711
vt 0.673881 0.575279
vt 0.685717 0.581304
vt 0.678485 0.561118
vt 0.691604 0.563191
vt 0.678487 0.546228
vt 0.691604 0.544145
vt 0.683922 0.501219
vt 0.697562 0.519992
vt 0.665149 0.487581
vt 0.643080 0.480411
vt 0.619875 0.480412
vt 0.597807 0.487583
vt 0.579034 0.501223
vt 0.565396 0.519997
vt 0.558226 0.542066
vt 0.558227 0.565270
vt 0.565398 0.587339
vt 0.579038 0.606111
vt 0.597811 0.619750
vt 0.619880 0.626920
vt 0.643085 0.626919
vt 0.665154 0.619747
vt 0.683926 0.606107
vt 0.697565 0.587334
vt 0.704735 0.565265
vt 0.704734 0.542060
vt 0.693329 0.491804
vt 0.709419 0.513944
vt 0.671186 0.475719
vt 0.645156 0.467264
vt 0.617787 0.467267
vt 0.591759 0.475727
vt 0.569619 0.491816
vt 0.553534 0.513959
vt 0.545080 0.539989
vt 0.545082 0.567358
vt 0.553542 0.593386
vt 0.569631 0.615526
vt 0.591774 0.631611
vt 0.617804 0.640066
vt 0.645173 0.640064
vt 0.671201 0.631604
vt 0.693341 0.615515
vt 0.709426 0.593371
vt 0.717881 0.567341
vt 0.717878 0.539972
vt 0.533204 0.009769
vt 0.683470 0.044844
vt 0.678699 0.055806
vt 0.531720 0.021555
vt 0.813764 0.126930
vt 0.806000 0.135903
vt 0.915348 0.242152
vt 0.905221 0.248410
vt 0.976189 0.383514
vt 0.964549 0.386319
vt 0.986633 0.537086
vt 0.974795 0.536166
vt 0.953184 0.687131
vt 0.942159 0.682615
vt 0.874581 0.819542
vt 0.865509 0.811703
vt 0.756607 0.918173
vt 0.750521 0.907916
vt 0.614810 0.975471
vt 0.612131 0.963905
vt 0.462980 0.990104
vt 0.463946 0.978176
vt 0.314944 0.953510
vt 0.319439 0.942523
vt 0.183616 0.876408
vt 0.191227 0.867250
vt 0.082715 0.761841
vt 0.092845 0.755448
vt 0.025364 0.620412
vt 0.036864 0.617415
vt 0.009884 0.468863
vt 0.021786 0.469424
vt 0.041859 0.319506
vt 0.053073 0.323693
vt 0.121285 0.188750
vt 0.130678 0.196005
vt 0.234310 0.084902
vt 0.241407 0.094453
vt 0.303943 0.048133
vt 0.308421 0.059221
vt 0.529291 0.047318
vt 0.668544 0.079377
vt 0.666887 0.083231
vt 0.528901 0.051701
vt 0.789169 0.155427
vt 0.786330 0.158733
vt 0.883348 0.261901
vt 0.879704 0.264131
vt 0.939515 0.392345
vt 0.935418 0.393331
vt 0.949042 0.534181
vt 0.944682 0.533846
vt 0.918339 0.672820
vt 0.914381 0.671175
vt 0.845954 0.794824
vt 0.842749 0.792058
vt 0.737294 0.885755
vt 0.735073 0.882072
vt 0.606281 0.938763
vt 0.605285 0.934512
vt 0.466003 0.952546
vt 0.466341 0.948354
vt 0.329184 0.918628
vt 0.330828 0.914585
vt 0.207672 0.847487
vt 0.210417 0.844212
vt 0.114629 0.741674
vt 0.118195 0.739416
vt 0.061882 0.610858
vt 0.066117 0.609744
vt 0.047504 0.470659
vt 0.051781 0.470879
vt 0.077171 0.332707
vt 0.081115 0.334182
vt 0.151052 0.211801
vt 0.154488 0.214480
vt 0.255960 0.115502
vt 0.258343 0.119002
vt 0.319408 0.082484
vt 0.321229 0.086388
vt 0.524094 0.118798
vt 0.640156 0.148305
vt 0.638848 0.151431
vt 0.523718 0.122478
vt 0.743680 0.208869
vt 0.741311 0.211709
vt 0.821904 0.299364
vt 0.818929 0.301151
vt 0.866799 0.409904
vt 0.863492 0.410680
vt 0.878662 0.528828
vt 0.874946 0.528561
vt 0.851578 0.644819
vt 0.848360 0.643440
vt 0.788775 0.745541
vt 0.786199 0.743303
vt 0.699273 0.823529
vt 0.697368 0.820517
vt 0.590128 0.870253
vt 0.589267 0.866670
vt 0.471776 0.878316
vt 0.472057 0.874930
vt 0.355559 0.853379
vt 0.356927 0.849938
vt 0.253949 0.792395
vt 0.256200 0.789772
vt 0.177941 0.701426
vt 0.180832 0.699608
vt 0.130402 0.592572
vt 0.134012 0.591584
vt 0.119737 0.474443
vt 0.123225 0.474652
vt 0.147189 0.358949
vt 0.150364 0.360163
vt 0.206277 0.255290
vt 0.209193 0.257595
vt 0.295507 0.176134
vt 0.297444 0.178917
vt 0.348148 0.148636
vt 0.349395 0.152026
vt 0.520352 0.176811
vt 0.617657 0.203151
vt 0.616083 0.206550
vt 0.520183 0.180425
vt 0.661055 0.231500
vt 0.706226 0.254046
vt 0.703745 0.257360
vt 0.773299 0.329258
vt 0.770371 0.331015
vt 0.808884 0.423366
vt 0.805167 0.424046
vt 0.810865 0.470834
vt 0.819549 0.524690
vt 0.815394 0.524580
vt 0.798380 0.622620
vt 0.795197 0.621247
vt 0.743796 0.706394
vt 0.741058 0.703796
vt 0.703313 0.738289
vt 0.668036 0.773262
vt 0.665767 0.770020
vt 0.576445 0.813650
vt 0.575566 0.810047
vt 0.476390 0.818998
vt 0.476835 0.815264
vt 0.377065 0.798587
vt 0.378390 0.794668
vt 0.427230 0.805802
vt 0.290184 0.749013
vt 0.292381 0.746512
vt 0.228929 0.669976
vt 0.232282 0.668126
vt 0.211643 0.623008
vt 0.188003 0.576875
vt 0.191982 0.575597
vt 0.177086 0.477272
vt 0.180514 0.477475
vt 0.202626 0.380492
vt 0.206070 0.382006
vt 0.230876 0.336512
vt 0.252573 0.291869
vt 0.255935 0.294307
vt 0.326335 0.223915
vt 0.328064 0.226728
vt 0.371628 0.202086
vt 0.372958 0.205591
vt 0.443442 0.280109
vt 0.456552 0.277205
vt 0.480229 0.309762
vt 0.453003 0.313095
vt 0.513665 0.301500
vt 0.605544 0.295589
vt 0.571455 0.322268
vt 0.513098 0.305868
vt 0.618707 0.301821
vt 0.597138 0.337594
vt 0.631343 0.308222
vt 0.665480 0.395705
vt 0.661909 0.397818
vt 0.621708 0.353034
vt 0.723847 0.466113
vt 0.683165 0.454242
vt 0.726391 0.479871
vt 0.685780 0.481599
vt 0.729203 0.495656
vt 0.679746 0.573384
vt 0.675967 0.571769
vt 0.688209 0.513032
vt 0.657084 0.660416
vt 0.642869 0.622125
vt 0.644733 0.669730
vt 0.620354 0.642205
vt 0.544971 0.687525
vt 0.598586 0.661057
vt 0.634362 0.680474
vt 0.546184 0.691188
vt 0.463831 0.724342
vt 0.484768 0.690055
vt 0.455955 0.683468
vt 0.446307 0.722985
vt 0.429475 0.718978
vt 0.427270 0.676162
vt 0.373092 0.648398
vt 0.375459 0.645936
vt 0.291277 0.608793
vt 0.337506 0.600341
vt 0.284808 0.591639
vt 0.325618 0.573493
vt 0.276336 0.574990
vt 0.303661 0.486272
vt 0.307328 0.486258
vt 0.314096 0.545750
vt 0.295944 0.393232
vt 0.323366 0.427246
vt 0.302620 0.379907
vt 0.338891 0.400675
vt 0.308787 0.367453
vt 0.394736 0.333093
vt 0.396946 0.336467
vt 0.353648 0.376548
vt 0.428959 0.283925
vt 0.425142 0.324600
vt 0.534568 0.000000
vt 0.687444 0.035748
vt 0.684262 0.043029
vt 0.533473 0.007796
vt 0.820222 0.119479
vt 0.815065 0.125427
vt 0.923753 0.236941
vt 0.917034 0.241109
vt 0.985843 0.381191
vt 0.978115 0.383051
vt 0.996464 0.537852
vt 0.988615 0.537240
vt 0.962344 0.690865
vt 0.955021 0.687882
vt 0.882096 0.826039
vt 0.876081 0.820838
vt 0.761638 0.926694
vt 0.757619 0.919882
vt 0.617030 0.985079
vt 0.615258 0.977408
vt 0.462175 1.000000
vt 0.462819 0.992078
vt 0.311204 0.962634
vt 0.314191 0.955350
vt 0.177302 0.884021
vt 0.182349 0.877933
vt 0.074310 0.767134
vt 0.081038 0.762898
vt 0.015816 0.622890
vt 0.023439 0.620912
vt 0.000000 0.468407
vt 0.007901 0.468770
vt 0.032557 0.316029
vt 0.040002 0.318812
vt 0.113479 0.182722
vt 0.119713 0.187535
vt 0.228283 0.077053
vt 0.233109 0.083325
vt 0.300284 0.038855
vt 0.303212 0.046282
vt 0.531404 0.024534
vt 0.677525 0.058514
vt 0.804046 0.138167
vt 0.902691 0.249967
vt 0.961674 0.387011
vt 0.971808 0.535936
vt 0.939408 0.681482
vt 0.863267 0.809766
vt 0.748995 0.905358
vt 0.611454 0.960988
vt 0.464185 0.975230
vt 0.320571 0.939752
vt 0.193130 0.864968
vt 0.095347 0.753868
vt 0.039764 0.616658
vt 0.024757 0.469570
vt 0.055843 0.324727
vt 0.133042 0.197838
vt 0.243113 0.096863
vt 0.309673 0.061920
vt 0.519967 0.184035
vt 0.626626 0.250851
vt 0.658010 0.272118
vt 0.767464 0.332753
vt 0.775593 0.457026
vt 0.777057 0.496698
vt 0.792041 0.619878
vt 0.697656 0.699380
vt 0.574687 0.806441
vt 0.457275 0.777990
vt 0.413071 0.765758
vt 0.294554 0.744048
vt 0.256646 0.629478
vt 0.237853 0.586275
vt 0.184280 0.477363
vt 0.250761 0.371581
vt 0.271483 0.339866
vt 0.329815 0.229489
vt 0.411074 0.235362
vt 0.422323 0.195425
vt 0.465996 0.183837
vt 0.447030 0.225911
vt 0.430009 0.230357
vt 0.642647 0.261452
vt 0.776654 0.475504
vt 0.683334 0.714118
vt 0.667449 0.725885
vt 0.435251 0.771208
vt 0.245028 0.609045
vt 0.261489 0.355227
vt 0.446518 0.008088
vt 0.445370 0.000266
vt 0.446806 0.010052
vt 0.448468 0.021937
vt 0.448737 0.024866
vt 0.450679 0.047481
vt 0.451039 0.051640
vt 0.458990 0.121123
vt 0.459517 0.124458
vt 0.465041 0.180083
vt 0.799571 0.000000
vt 0.849303 0.000000
vt 0.849303 0.026880
vt 0.799571 0.026880
vt 0.899301 0.000000
vt 0.899301 0.026880
vt 0.949567 0.000000
vt 0.949567 0.026880
vt 1.000000 0.000000
vt 1.000000 0.026880
vt 0.000000 0.000000
vt 0.050433 0.000000
vt 0.050433 0.026880
vt 0.000000 0.026880
vt 0.100699 0.000000
vt 0.100699 0.026880
vt 0.150697 0.000000
vt 0.150697 0.026880
vt 0.200430 0.000000
vt 0.200430 0.026880
vt 0.250000 0.000000
vt 0.250000 0.026880
vt 0.299571 0.000000
vt 0.299571 0.026880
vt 0.349303 0.000000
vt 0.349303 0.026880
vt 0.399301 0.000000
vt 0.399301 0.026880
vt 0.449567 0.000000
vt 0.449567 0.026880
vt 0.500000 0.000000
vt 0.500000 0.026880
vt 0.550433 0.000000
vt 0.550433 0.026880
vt 0.600699 0.000000
vt 0.600698 0.026880
vt 0.650697 0.000000
vt 0.650697 0.026880
vt 0.700429 0.000000
vt 0.700429 0.026880
vt 0.750000 0.000000
vt 0.750000 0.026880
vt 0.849303 0.075925
vt 0.799570 0.075925
vt 0.899301 0.075925
vt 0.949567 0.075925
vt 1.000000 0.075925
vt 0.050433 0.075925
vt 0.000000 0.075925
vt 0.100699 0.075925
vt 0.150697 0.075925
vt 0.200430 0.075925
vt 0.250000 0.075925
vt 0.299571 0.075925
vt 0.349303 0.075925
vt 0.399302 0.075925
vt 0.449567 0.075925
vt 0.500000 0.075925
vt 0.550433 0.075925
vt 0.600698 0.075925
vt 0.650697 0.075925
vt 0.700429 0.075925
vt 0.750000 0.075925
vt 0.849303 0.142250
vt 0.799571 0.142250
vt 0.899301 0.142250
vt 0.949567 0.142250
vt 1.000000 0.142250
vt 0.050433 0.142250
vt 0.000000 0.142250
vt 0.100699 0.142250
vt 0.150697 0.142250
vt 0.200430 0.142250
vt 0.250000 0.142250
vt 0.299571 0.142250
vt 0.349304 0.142250
vt 0.399301 0.142250
vt 0.449567 0.142250
vt 0.500000 0.142250
vt 0.550433 0.142250
vt 0.600698 0.142250
vt 0.650697 0.142250
vt 0.700429 0.142250
vt 0.750000 0.142250
vt 0.849303 0.208654
vt 0.799571 0.208654
vt 0.899301 0.208654
vt 0.949567 0.208654
vt 1.000000 0.208654
vt 0.050433 0.208654
vt 0.000000 0.208654
vt 0.100699 0.208654
vt 0.150697 0.208654
vt 0.200430 0.208654
vt 0.250000 0.208654
vt 0.299571 0.208654
vt 0.349303 0.208654
vt 0.399301 0.208654
vt 0.449567 0.208654
vt 0.500000 0.208654
vt 0.550433 0.208654
vt 0.600698 0.208654
vt 0.650697 0.208654
vt 0.700429 0.208654
vt 0.750000 0.208654
vt 0.849303 0.261576
vt 0.799571 0.261576
vt 0.899301 0.261576
vt 0.949567 0.261576
vt 1.000000 0.261576
vt 0.050433 0.261576
vt 0.000000 0.261576
vt 0.100699 0.261576
vt 0.150697 0.261576
vt 0.200430 0.261576
vt 0.250000 0.261576
vt 0.299571 0.261576
vt 0.349304 0.261576
vt 0.399301 0.261576
vt 0.449567 0.261576
vt 0.500000 0.261576
vt 0.550433 0.261576
vt 0.600698 0.261576
vt 0.650697 0.261576
vt 0.700429 0.261576
vt 0.750000 0.261576
vt 0.849303 0.328132
vt 0.799570 0.328132
vt 0.899301 0.328132
vt 0.949567 0.328132
vt 1.000000 0.328132
vt 0.050433 0.328132
vt 0.000000 0.328132
vt 0.100699 0.328132
vt 0.150697 0.328132
vt 0.200430 0.328132
vt 0.250000 0.328132
vt 0.299571 0.328132
vt 0.349303 0.328132
vt 0.399301 0.328132
vt 0.449567 0.328132
vt 0.500000 0.328132
vt 0.550433 0.328132
vt 0.600698 0.328132
vt 0.650697 0.328132
vt 0.700429 0.328132
vt 0.750000 0.328132
vt 0.849303 0.405678
vt 0.799571 0.405678
vt 0.899301 0.405678
vt 0.949567 0.405678
vt 1.000000 0.405678
vt 0.050433 0.405678
vt 0.000000 0.405678
vt 0.100699 0.405678
vt 0.150697 0.405678
vt 0.200430 0.405678
vt 0.250000 0.405678
vt 0.299571 0.405678
vt 0.349303 0.405678
vt 0.399302 0.405678
vt 0.449567 0.405678
vt 0.500000 0.405678
vt 0.550433 0.405678
vt 0.600699 0.405678
vt 0.650697 0.405678
vt 0.700429 0.405678
vt 0.750000 0.405678
vt 0.849303 0.470449
vt 0.799571 0.470449
vt 0.899301 0.470449
vt 0.949567 0.470449
vt 1.000000 0.470449
vt 0.050433 0.470449
vt 0.000000 0.470449
vt 0.100699 0.470449
vt 0.150697 0.470449
vt 0.200430 0.470449
vt 0.250000 0.470449
vt 0.299571 0.470449
vt 0.349303 0.470449
vt 0.399301 0.470449
vt 0.449567 0.470449
vt 0.500000 0.470449
vt 0.550433 0.470449
vt 0.600699 0.470449
vt 0.650697 0.470449
vt 0.700429 0.470449
vt 0.750000 0.470449
vt 0.849235 0.499976
vt 0.799528 0.499966
vt 0.899232 0.499987
vt 0.949525 0.499996
vt 1.000000 0.500000
vt 0.050475 0.499996
vt 0.000000 0.500000
vt 0.100768 0.499987
vt 0.150765 0.499976
vt 0.200472 0.499966
vt 0.250000 0.499963
vt 0.299528 0.499966
vt 0.349235 0.499976
vt 0.399233 0.499987
vt 0.449525 0.499996
vt 0.500000 0.500000
vt 0.550475 0.499996
vt 0.600767 0.499987
vt 0.650765 0.499976
vt 0.700472 0.499966
vt 0.750000 0.499963
vt 0.878863 0.994022
vt 0.883309 0.995153
vt 0.894662 0.919649
vt 0.890155 0.919410
vt 0.914262 0.923431
vt 0.909573 0.924216
vt 0.904374 0.870701
vt 0.899682 0.871427
vt 0.908037 0.695552
vt 0.903352 0.696358
vt 0.869231 0.535538
vt 0.864523 0.535950
vt 0.884522 0.378732
vt 0.879820 0.379237
vt 0.768308 0.040914
vt 0.765266 0.044649
vt 0.422889 0.003047
vt 0.422812 0.007908
vt 0.093118 0.053522
vt 0.096242 0.057049
vt 0.085254 0.440286
vt 0.089454 0.441494
vt 0.055387 0.671619
vt 0.059511 0.673542
vt 0.007564 0.912465
vt 0.011698 0.914664
vt 0.035980 0.918502
vt 0.040146 0.920667
vt 0.003370 0.939305
vt 0.007795 0.940966
vt 0.003118 0.986909
vt 0.007856 0.986423
vt 0.021011 0.931524
vt 0.025617 0.931846
vt 0.886154 0.917343
vt 0.874636 0.995185
vt 0.905670 0.921598
vt 0.895840 0.869935
vt 0.899485 0.694586
vt 0.860697 0.534887
vt 0.876077 0.379463
vt 0.762879 0.047514
vt 0.422958 0.011734
vt 0.099498 0.059580
vt 0.093988 0.441271
vt 0.064075 0.673037
vt 0.016226 0.913198
vt 0.044699 0.919718
vt 0.011635 0.941576
vt 0.011438 0.988797
vt 0.029444 0.933748
vt 0.885003 0.914659
vt 0.873105 0.997962
vt 0.904841 0.917111
vt 0.895100 0.867100
vt 0.898701 0.691275
vt 0.859996 0.532971
vt 0.875487 0.379277
vt 0.762547 0.047832
vt 0.423239 0.012285
vt 0.100979 0.059631
vt 0.096199 0.439748
vt 0.066405 0.670401
vt 0.018497 0.908926
vt 0.046973 0.916212
vt 0.012640 0.956538
vt 0.011767 0.992641
vt 0.030251 0.936115
vt 0.887376 0.912929
vt 0.873924 0.998869
vt 0.907570 0.913383
vt 0.897894 0.864582
vt 0.901460 0.688363
vt 0.862829 0.531324
vt 0.878394 0.378788
vt 0.764464 0.045416
vt 0.423493 0.009237
vt 0.099817 0.057173
vt 0.094792 0.437818
vt 0.065136 0.667178
vt 0.017178 0.904352
vt 0.045635 0.901625
vt 0.010221 0.939041
vt 0.008649 0.995703
vt 0.027564 0.937560
vt 0.891882 0.913168
vt 0.878370 1.000000
vt 0.912259 0.912599
vt 0.902586 0.863857
vt 0.906145 0.687557
vt 0.867537 0.530912
vt 0.883096 0.378283
vt 0.767506 0.041681
vt 0.423570 0.004377
vt 0.096693 0.053646
vt 0.090592 0.436610
vt 0.061012 0.665255
vt 0.013044 0.902154
vt 0.041469 0.899257
vt 0.005796 0.937381
vt 0.003911 0.996189
vt 0.022958 0.937237
vt 0.895883 0.915235
vt 0.882597 0.998836
vt 0.916161 0.915217
vt 0.906428 0.865349
vt 0.910012 0.689328
vt 0.871362 0.531976
vt 0.886839 0.378057
vt 0.769893 0.038816
vt 0.423424 0.000551
vt 0.093436 0.051115
vt 0.086058 0.436833
vt 0.056448 0.665759
vt 0.008516 0.903620
vt 0.036916 0.900591
vt 0.001957 0.936770
vt 0.000328 0.993814
vt 0.019130 0.935335
vt 0.897034 0.917919
vt 0.885370 0.997916
vt 0.916991 0.919704
vt 0.907169 0.868184
vt 0.910796 0.692640
vt 0.872064 0.533892
vt 0.887430 0.378243
vt 0.770225 0.038498
vt 0.423142 0.000000
vt 0.091956 0.051064
vt 0.083847 0.438356
vt 0.054118 0.668395
vt 0.006246 0.907891
vt 0.034643 0.914492
vt 0.000952 0.937568
vt 0.000000 0.989970
vt 0.018324 0.932969
vt 0.014614 0.913976
vt 0.016534 0.916491
vt 0.020905 0.918098
vt 0.025168 0.917857
vt 0.026825 0.915908
vt 0.024906 0.913394
vt 0.020535 0.911786
vt 0.016272 0.912028
vt 0.908097 0.942490
vt 0.906258 0.938000
vt 0.904078 0.940779
vt 0.899685 0.942658
vt 0.895279 0.940812
vt 0.895653 0.942537
vt 0.897459 0.938033
vt 0.901852 0.936154
vt 0.428074 0.091647
vt 0.429655 0.090184
vt 0.398887 0.059633
vt 0.397306 0.061096
vt 0.554117 0.068580
vt 0.552921 0.067549
vt 0.529522 0.089170
vt 0.530718 0.090201
vt 0.490647 0.802926
vt 0.503873 0.765980
vt 0.482160 0.760452
vt 0.470256 0.790524
vt 0.500206 0.730912
vt 0.477628 0.731140
vt 0.496539 0.692308
vt 0.476981 0.654822
vt 0.455725 0.666029
vt 0.472716 0.698768
vt 0.435570 0.574272
vt 0.414579 0.586046
vt 0.379951 0.471008
vt 0.358717 0.482477
vt 0.325707 0.368502
vt 0.304306 0.379725
vt 0.280317 0.282311
vt 0.258716 0.293265
vt 0.243840 0.217540
vt 0.222498 0.228432
vt 0.200634 0.168300
vt 0.180632 0.181225
vt 0.132208 0.125202
vt 0.116339 0.143201
vt 0.023272 0.097471
vt 0.034381 0.075841
vt 0.032311 0.074670
vt 0.021355 0.096385
vt 0.494052 0.805010
vt 0.495039 0.805604
vt 0.508778 0.767154
vt 0.507515 0.766912
vt 0.505198 0.730841
vt 0.503984 0.730850
vt 0.500523 0.691221
vt 0.501695 0.690907
vt 0.481613 0.652374
vt 0.480540 0.652938
vt 0.440145 0.571709
vt 0.439084 0.572299
vt 0.384578 0.468505
vt 0.383506 0.469083
vt 0.330356 0.366034
vt 0.329282 0.366609
vt 0.284988 0.279852
vt 0.283913 0.280432
vt 0.248505 0.215206
vt 0.247414 0.215728
vt 0.205007 0.165512
vt 0.203992 0.166147
vt 0.135644 0.121284
vt 0.134863 0.122179
vt 0.036220 0.072185
vt 0.036721 0.071094
vt 0.034633 0.069873
vt 0.034116 0.070994
vt 0.708041 0.934182
vt 0.660409 0.902559
vt 0.641020 0.919425
vt 0.697554 0.954921
vt 0.427378 0.255051
vt 0.446335 0.283614
vt 0.452793 0.272895
vt 0.435887 0.247574
vt 0.588467 0.763108
vt 0.594878 0.821680
vt 0.618329 0.814535
vt 0.613007 0.761492
vt 0.581211 0.670713
vt 0.605794 0.669771
vt 0.575138 0.554280
vt 0.599707 0.553051
vt 0.568404 0.438711
vt 0.592966 0.437326
vt 0.563237 0.340843
vt 0.587808 0.339534
vt 0.562314 0.263547
vt 0.586906 0.263094
vt 0.579463 0.189240
vt 0.603742 0.192308
vt 0.633632 0.100179
vt 0.655293 0.110763
vt 0.740825 0.016434
vt 0.723542 0.000000
vt 0.721684 0.002295
vt 0.739081 0.018577
vt 0.763274 0.828707
vt 0.763838 0.827661
vt 0.746782 0.818294
vt 0.745998 0.819079
vt 0.742274 0.799263
vt 0.741315 0.799844
vt 0.736672 0.778379
vt 0.737838 0.778007
vt 0.735856 0.752397
vt 0.734665 0.752493
vt 0.728920 0.664587
vt 0.727727 0.664641
vt 0.722837 0.546592
vt 0.721644 0.546656
vt 0.716051 0.430150
vt 0.714858 0.430221
vt 0.710902 0.333003
vt 0.709709 0.333065
vt 0.710282 0.261460
vt 0.709087 0.261468
vt 0.726006 0.209116
vt 0.724822 0.208934
vt 0.765409 0.164162
vt 0.764334 0.163642
vt 0.828262 0.098910
vt 0.829153 0.099694
vt 0.830371 0.098284
vt 0.829484 0.097493
vt 0.696914 0.869482
vt 0.697866 0.868605
vt 0.682071 0.836241
vt 0.681034 0.836872
vt 0.659644 0.758439
vt 0.663124 0.801310
vt 0.664291 0.800961
vt 0.660864 0.758357
vt 0.652531 0.667984
vt 0.653754 0.667936
vt 0.646432 0.550715
vt 0.647654 0.550654
vt 0.639680 0.434691
vt 0.640902 0.434622
vt 0.634528 0.337050
vt 0.635750 0.336987
vt 0.633710 0.262229
vt 0.634934 0.262207
vt 0.649991 0.198145
vt 0.651203 0.198296
vt 0.696544 0.130806
vt 0.697625 0.131329
vt 0.773698 0.047627
vt 0.772170 0.049479
vt 0.773036 0.050287
vt 0.774558 0.048442
vt 0.485045 0.132405
vt 0.486210 0.131329
vt 0.485014 0.130298
vt 0.483849 0.131374
vt 0.001637 0.139185
vt 0.002191 0.138128
vt 0.000549 0.137234
vt 0.000000 0.138297
vt 0.140858 0.206011
vt 0.141898 0.205396
vt 0.085581 0.176926
vt 0.084762 0.177799
vt 0.180331 0.249224
vt 0.181415 0.248704
vt 0.216456 0.314290
vt 0.217529 0.313754
vt 0.262475 0.401522
vt 0.263538 0.400967
vt 0.317288 0.504808
vt 0.318344 0.504239
vt 0.373558 0.608984
vt 0.374606 0.608400
vt 0.414050 0.687695
vt 0.415115 0.687142
vt 0.426041 0.710640
vt 0.427233 0.710340
vt 0.440059 0.749811
vt 0.441134 0.750071
vt 0.434762 0.731153
vt 0.433642 0.731159
vt 0.430143 0.766779
vt 0.431167 0.767384
vt 0.338831 0.000000
vt 0.337250 0.001464
vt 0.338781 0.002984
vt 0.340362 0.001520
vt 0.728019 0.894750
vt 0.728549 0.893722
vt 0.555889 0.776130
vt 0.550428 0.730208
vt 0.545615 0.678804
vt 0.521659 0.631219
vt 0.479881 0.549650
vt 0.424758 0.447005
vt 0.370739 0.344813
vt 0.325329 0.258895
vt 0.287669 0.193294
vt 0.241587 0.140353
vt 0.164960 0.087868
vt 0.056860 0.030975
vt 0.054506 0.029541
vt 0.508167 0.028990
vt 0.484767 0.050612
vt 0.440259 0.091739
vt 0.439094 0.092816
vt 0.794918 0.069583
vt 0.796321 0.067908
vt 0.680448 0.202469
vt 0.724070 0.144199
vt 0.664372 0.261864
vt 0.665093 0.335407
vt 0.670248 0.432870
vt 0.677013 0.549070
vt 0.683105 0.666647
vt 0.690137 0.756150
vt 0.693106 0.792293
vt 0.717057 0.848779
vt 0.705677 0.821913
vt 0.742071 0.867773
vt 0.278094 0.056230
vt 0.279625 0.057751
vt 0.368918 0.146415
vt 0.338150 0.115863
vt 0.531824 0.828014
vt 0.449258 0.881516
vt 0.486823 0.904736
vt 0.448257 0.880895
vt 0.444830 0.878880
vt 0.424368 0.866879
vt 0.384251 0.843567
vt 0.385275 0.844162
vt 0.842236 0.870232
vt 0.842802 0.869192
vt 0.821048 0.909052
vt 0.806773 0.935608
vt 0.807304 0.934557
vt 0.775932 0.997241
vt 0.786585 0.975969
vt 0.483876 0.909786
vt 0.446301 0.886463
vt 0.445298 0.885839
vt 0.441866 0.883829
vt 0.421384 0.871869
vt 0.382257 0.849231
vt 0.381231 0.848638
vt 0.847456 0.872995
vt 0.848024 0.871956
vt 0.826204 0.911759
vt 0.811896 0.938267
vt 0.812422 0.937218
vt 0.781147 1.000000
vt 0.791769 0.978693
vt 0.478722 0.003621
vt 0.455323 0.025243
vt 0.410814 0.066371
vt 0.409650 0.067447
vt 0.239174 0.092262
vt 0.240706 0.093783
vt 0.329999 0.182446
vt 0.299231 0.151895
vt 0.641371 0.860571
vt 0.406421 0.223477
vt 0.417199 0.219583
vt 0.514754 0.280062
vt 0.526748 0.260153
vt 0.492609 0.266035
vt 0.483170 0.281701
vt 0.460634 0.161128
vt 0.440616 0.168361
vt 0.424831 0.193803
vt 0.440583 0.188112
vt 0.422193 0.194757
vt 0.437264 0.169572
vt 0.460838 0.161004
vt 0.440744 0.188014
vt 0.404616 0.224128
vt 0.417308 0.219516
vt 0.495347 0.213120
vt 0.488393 0.217095
vt 0.504622 0.246635
vt 0.484490 0.253738
vt 0.466591 0.188308
vt 0.449339 0.201527
vt 0.459139 0.257498
vt 0.447227 0.240989
vt 0.436547 0.220788
vt 0.495525 0.212877
vt 0.526902 0.259801
vt 0.490632 0.237832
vt 0.483727 0.219630
vt 0.492730 0.265758
vt 0.479075 0.245972
vt 0.470229 0.205646
vt 0.454876 0.210042
vt 0.452876 0.272706
vt 0.463039 0.247804
vt 0.435983 0.247443
vt 0.454414 0.236560
vt 0.448645 0.221361
vt 0.483947 0.219635
vt 0.470399 0.205684
vt 0.454937 0.210103
vt 0.448917 0.221558
vt 0.454477 0.236779
vt 0.463196 0.247655
vt 0.479299 0.245876
vt 0.490477 0.237993
vt 0.452010 0.238212
vt 0.444707 0.221296
vt 0.453032 0.207184
vt 0.469103 0.199769
vt 0.485460 0.218771
vt 0.495291 0.240935
vt 0.481066 0.248552
vt 0.461815 0.251005
vt 0.425953 0.256304
vt 0.445254 0.285409
vt 0.481589 0.284325
vt 0.512745 0.283396
vt 0.586704 0.781660
vt 0.555600 0.843437
vt 0.559103 0.845080
vt 0.588558 0.785520
vt 0.511744 0.919906
vt 0.515265 0.921777
vt 0.508823 0.925026
vt 0.512349 0.926911
vt 0.335152 0.187563
vt 0.374072 0.151531
vt 0.433227 0.096764
vt 0.434808 0.095300
vt 0.558036 0.064958
vt 0.556840 0.063927
vt 0.512086 0.025369
vt 0.482641 0.000000
vt 0.068015 0.003276
vt 0.070577 0.004805
vt 0.072761 0.001458
vt 0.070233 0.000000
vt 0.186586 0.069851
vt 0.186792 0.066037
vt 0.266970 0.126781
vt 0.267700 0.122958
vt 0.314443 0.182100
vt 0.315824 0.178509
vt 0.351491 0.244889
vt 0.354941 0.242650
vt 0.397183 0.330739
vt 0.400814 0.328795
vt 0.451180 0.432866
vt 0.454821 0.430946
vt 0.506094 0.535201
vt 0.509789 0.533389
vt 0.547929 0.617174
vt 0.551672 0.615494
vt 0.575214 0.673610
vt 0.574456 0.669583
vt 0.428074 0.091647
vt 0.397306 0.061096
vt 0.398887 0.059633
vt 0.429655 0.090184
vt 0.554117 0.068580
vt 0.530718 0.090201
vt 0.529522 0.089170
vt 0.552921 0.067549
vt 0.490647 0.802926
vt 0.470256 0.790524
vt 0.482160 0.760452
vt 0.503873 0.765980
vt 0.477628 0.731140
vt 0.500206 0.730912
vt 0.496539 0.692308
vt 0.472716 0.698768
vt 0.455725 0.666029
vt 0.476981 0.654822
vt 0.414579 0.586046
vt 0.435570 0.574272
vt 0.358717 0.482477
vt 0.379951 0.471008
vt 0.304306 0.379725
vt 0.325707 0.368502
vt 0.258716 0.293265
vt 0.280317 0.282311
vt 0.222498 0.228432
vt 0.243840 0.217540
vt 0.180632 0.181225
vt 0.200634 0.168300
vt 0.116339 0.143201
vt 0.132208 0.125202
vt 0.023272 0.097471
vt 0.021355 0.096385
vt 0.032311 0.074670
vt 0.034381 0.075841
vt 0.494052 0.805010
vt 0.507515 0.766912
vt 0.508778 0.767154
vt 0.495039 0.805604
vt 0.503984 0.730850
vt 0.505198 0.730841
vt 0.500523 0.691221
vt 0.480540 0.652938
vt 0.481613 0.652374
vt 0.501695 0.690907
vt 0.439084 0.572299
vt 0.440145 0.571709
vt 0.383506 0.469083
vt 0.384578 0.468505
vt 0.329282 0.366609
vt 0.330356 0.366034
vt 0.283913 0.280432
vt 0.284988 0.279852
vt 0.247414 0.215728
vt 0.248505 0.215206
vt 0.203992 0.166147
vt 0.205007 0.165512
vt 0.134863 0.122179
vt 0.135644 0.121284
vt 0.036220 0.072185
vt 0.034116 0.070994
vt 0.034633 0.069873
vt 0.036721 0.071094
vt 0.708041 0.934182
vt 0.697554 0.954921
vt 0.641020 0.919425
vt 0.660409 0.902559
vt 0.427378 0.255051
vt 0.435887 0.247574
vt 0.452793 0.272895
vt 0.446335 0.283614
vt 0.588467 0.763108
vt 0.613007 0.761492
vt 0.618329 0.814535
vt 0.594878 0.821680
vt 0.581211 0.670713
vt 0.605794 0.669771
vt 0.575138 0.554280
vt 0.599707 0.553051
vt 0.568404 0.438711
vt 0.592966 0.437326
vt 0.563237 0.340843
vt 0.587808 0.339534
vt 0.562314 0.263547
vt 0.586906 0.263094
vt 0.579463 0.189240
vt 0.603742 0.192308
vt 0.633632 0.100179
vt 0.655293 0.110763
vt 0.740825 0.016434
vt 0.739081 0.018577
vt 0.721684 0.002295
vt 0.723542 0.000000
vt 0.763274 0.828707
vt 0.745998 0.819079
vt 0.746782 0.818294
vt 0.763838 0.827661
vt 0.741315 0.799844
vt 0.742274 0.799263
vt 0.736672 0.778379
vt 0.734665 0.752493
vt 0.735856 0.752397
vt 0.737838 0.778007
vt 0.727727 0.664641
vt 0.728920 0.664587
vt 0.721644 0.546656
vt 0.722837 0.546592
vt 0.714858 0.430221
vt 0.716051 0.430150
vt 0.709709 0.333065
vt 0.710902 0.333003
vt 0.709087 0.261468
vt 0.710282 0.261460
vt 0.724822 0.208934
vt 0.726006 0.209116
vt 0.764334 0.163642
vt 0.765409 0.164162
vt 0.828262 0.098910
vt 0.829484 0.097493
vt 0.830371 0.098284
vt 0.829153 0.099694
vt 0.696914 0.869482
vt 0.681034 0.836872
vt 0.682071 0.836241
vt 0.697866 0.868605
vt 0.659644 0.758439
vt 0.660864 0.758357
vt 0.664291 0.800961
vt 0.663124 0.801310
vt 0.652531 0.667984
vt 0.653754 0.667936
vt 0.646432 0.550715
vt 0.647654 0.550654
vt 0.639680 0.434691
vt 0.640902 0.434622
vt 0.634528 0.337050
vt 0.635750 0.336987
vt 0.633710 0.262229
vt 0.634934 0.262207
vt 0.649991 0.198145
vt 0.651203 0.198296
vt 0.696544 0.130806
vt 0.697625 0.131329
vt 0.773698 0.047627
vt 0.774558 0.048442
vt 0.773036 0.050287
vt 0.772170 0.049479
vt 0.485045 0.132405
vt 0.483849 0.131374
vt 0.485014 0.130298
vt 0.486210 0.131329
vt 0.001637 0.139185
vt 0.000000 0.138297
vt 0.000549 0.137234
vt 0.002191 0.138128
vt 0.140858 0.206011
vt 0.084762 0.177799
vt 0.085581 0.176926
vt 0.141898 0.205396
vt 0.180331 0.249224
vt 0.181415 0.248704
vt 0.216456 0.314290
vt 0.217529 0.313754
vt 0.262475 0.401522
vt 0.263538 0.400967
vt 0.317288 0.504808
vt 0.318344 0.504239
vt 0.373558 0.608984
vt 0.374606 0.608400
vt 0.414050 0.687695
vt 0.415115 0.687142
vt 0.426041 0.710640
vt 0.427233 0.710340
vt 0.440059 0.749811
vt 0.433642 0.731159
vt 0.434762 0.731153
vt 0.441134 0.750071
vt 0.430143 0.766779
vt 0.431167 0.767384
vt 0.338831 0.000000
vt 0.340362 0.001520
vt 0.338781 0.002984
vt 0.337250 0.001464
vt 0.728549 0.893722
vt 0.728019 0.894750
vt 0.550428 0.730208
vt 0.555889 0.776130
vt 0.521659 0.631219
vt 0.545615 0.678804
vt 0.479881 0.549650
vt 0.424758 0.447005
vt 0.370739 0.344813
vt 0.325329 0.258895
vt 0.287669 0.193294
vt 0.241587 0.140353
vt 0.164960 0.087868
vt 0.054506 0.029541
vt 0.056860 0.030975
vt 0.484767 0.050612
vt 0.508167 0.028990
vt 0.439094 0.092816
vt 0.440259 0.091739
vt 0.794918 0.069583
vt 0.796321 0.067908
vt 0.680448 0.202469
vt 0.724070 0.144199
vt 0.664372 0.261864
vt 0.665093 0.335407
vt 0.670248 0.432870
vt 0.677013 0.549070
vt 0.683105 0.666647
vt 0.690137 0.756150
vt 0.693106 0.792293
vt 0.717057 0.848779
vt 0.705677 0.821913
vt 0.742071 0.867773
vt 0.279625 0.057751
vt 0.278094 0.056230
vt 0.368918 0.146415
vt 0.338150 0.115863
vt 0.531824 0.828014
vt 0.486823 0.904736
vt 0.449258 0.881516
vt 0.448257 0.880895
vt 0.444830 0.878880
vt 0.424368 0.866879
vt 0.384251 0.843567
vt 0.385275 0.844162
vt 0.842236 0.870232
vt 0.842802 0.869192
vt 0.821048 0.909052
vt 0.807304 0.934557
vt 0.806773 0.935608
vt 0.786585 0.975969
vt 0.775932 0.997241
vt 0.483876 0.909786
vt 0.446301 0.886463
vt 0.445298 0.885839
vt 0.441866 0.883829
vt 0.421384 0.871869
vt 0.382257 0.849231
vt 0.381231 0.848638
vt 0.848024 0.871956
vt 0.847456 0.872995
vt 0.826204 0.911759
vt 0.812422 0.937218
vt 0.811896 0.938267
vt 0.791769 0.978693
vt 0.781147 1.000000
vt 0.455323 0.025243
vt 0.478722 0.003621
vt 0.409650 0.067447
vt 0.410814 0.066371
vt 0.240706 0.093783
vt 0.239174 0.092262
vt 0.329999 0.182446
vt 0.299231 0.151895
vt 0.641371 0.860571
vt 0.406421 0.223477
vt 0.417199 0.219583
vt 0.514754 0.280062
vt 0.483170 0.281701
vt 0.492609 0.266035
vt 0.526748 0.260153
vt 0.460634 0.161128
vt 0.440583 0.188112
vt 0.424831 0.193803
vt 0.440616 0.168361
vt 0.422193 0.194757
vt 0.440744 0.188014
vt 0.460838 0.161004
vt 0.437264 0.169572
vt 0.404616 0.224128
vt 0.417308 0.219516
vt 0.504622 0.246635
vt 0.488393 0.217095
vt 0.495347 0.213120
vt 0.484490 0.253738
vt 0.466591 0.188308
vt 0.449339 0.201527
vt 0.447227 0.240989
vt 0.459139 0.257498
vt 0.436547 0.220788
vt 0.495525 0.212877
vt 0.483727 0.219630
vt 0.490632 0.237832
vt 0.526902 0.259801
vt 0.479075 0.245972
vt 0.492730 0.265758
vt 0.470229 0.205646
vt 0.454876 0.210042
vt 0.463039 0.247804
vt 0.452876 0.272706
vt 0.454414 0.236560
vt 0.435983 0.247443
vt 0.448645 0.221361
vt 0.483947 0.219635
vt 0.470399 0.205684
vt 0.454937 0.210103
vt 0.448917 0.221558
vt 0.454477 0.236779
vt 0.463196 0.247655
vt 0.479299 0.245876
vt 0.490477 0.237993
vt 0.444707 0.221296
vt 0.452010 0.238212
vt 0.453032 0.207184
vt 0.469103 0.199769
vt 0.485460 0.218771
vt 0.495291 0.240935
vt 0.481066 0.248552
vt 0.461815 0.251005
vt 0.425953 0.256304
vt 0.445254 0.285409
vt 0.481589 0.284325
vt 0.512745 0.283396
vt 0.586704 0.781660
vt 0.588558 0.785520
vt 0.559103 0.845080
vt 0.555600 0.843437
vt 0.515265 0.921777
vt 0.511744 0.919906
vt 0.512349 0.926911
vt 0.508823 0.925026
vt 0.335152 0.187563
vt 0.374072 0.151531
vt 0.433227 0.096764
vt 0.434808 0.095300
vt 0.558036 0.064958
vt 0.556840 0.063927
vt 0.512086 0.025369
vt 0.482641 0.000000
vt 0.068015 0.003276
vt 0.070233 0.000000
vt 0.072761 0.001458
vt 0.070577 0.004805
vt 0.186792 0.066037
vt 0.186586 0.069851
vt 0.267700 0.122958
vt 0.266970 0.126781
vt 0.315824 0.178509
vt 0.314443 0.182100
vt 0.354941 0.242650
vt 0.351491 0.244889
vt 0.400814 0.328795
vt 0.397183 0.330739
vt 0.454821 0.430946
vt 0.451180 0.432866
vt 0.509789 0.533389
vt 0.506094 0.535201
vt 0.551672 0.615494
vt 0.547929 0.617174
vt 0.574456 0.669583
vt 0.575214 0.673610
vt 0.800000 0.002591
vt 0.850000 0.002591
vt 0.850000 0.004374
vt 0.800000 0.004374
vt 0.900000 0.002591
vt 0.900000 0.004374
vt 0.950000 0.002591
vt 0.950000 0.004374
vt 1.000000 0.002591
vt 1.000000 0.004374
vt 0.000000 0.002591
vt 0.050000 0.002591
vt 0.050000 0.004374
vt 0.000000 0.004374
vt 0.100000 0.002591
vt 0.100000 0.004374
vt 0.150000 0.002591
vt 0.150000 0.004374
vt 0.200000 0.002591
vt 0.200000 0.004374
vt 0.250000 0.002591
vt 0.250000 0.004374
vt 0.300000 0.002591
vt 0.300000 0.004374
vt 0.350000 0.002591
vt 0.350000 0.004374
vt 0.400000 0.002591
vt 0.400000 0.004374
vt 0.450000 0.002591
vt 0.450000 0.004374
vt 0.500000 0.002591
vt 0.500000 0.004374
vt 0.550000 0.002591
vt 0.550000 0.004374
vt 0.600000 0.002591
vt 0.600000 0.004374
vt 0.650000 0.002591
vt 0.650000 0.004374
vt 0.700000 0.002591
vt 0.700000 0.004374
vt 0.750000 0.002591
vt 0.750000 0.004374
vt 0.307872 0.454570
vt 0.332045 0.407127
vt 0.170188 0.354536
vt 0.270221 0.492221
vt 0.222778 0.516394
vt 0.170188 0.524724
vt 0.117597 0.516394
vt 0.070154 0.492221
vt 0.032503 0.454570
vt 0.008330 0.407127
vt 0.000000 0.354536
vt 0.008330 0.301945
vt 0.032503 0.254502
vt 0.070154 0.216852
vt 0.117597 0.192678
vt 0.170188 0.184349
vt 0.222778 0.192678
vt 0.270221 0.216852
vt 0.307872 0.254502
vt 0.332045 0.301945
vt 0.340375 0.354536
vt 0.528944 0.334282
vt 0.519771 0.352286
vt 0.467521 0.314325
vt 0.505483 0.366574
vt 0.487479 0.375747
vt 0.467521 0.378908
vt 0.447564 0.375747
vt 0.429560 0.366574
vt 0.415272 0.352286
vt 0.406099 0.334282
vt 0.402938 0.314325
vt 0.406099 0.294368
vt 0.415272 0.276364
vt 0.429560 0.262076
vt 0.447564 0.252903
vt 0.467521 0.249742
vt 0.487479 0.252903
vt 0.505483 0.262076
vt 0.519770 0.276364
vt 0.528943 0.294368
vt 0.532104 0.314325
vt 0.800000 0.012432
vt 0.850000 0.012432
vt 0.850000 0.019025
vt 0.800000 0.019025
vt 0.900000 0.012432
vt 0.900000 0.019025
vt 0.950000 0.012432
vt 0.950000 0.019025
vt 1.000000 0.012432
vt 1.000000 0.019025
vt 0.000000 0.012432
vt 0.050000 0.012432
vt 0.050000 0.019025
vt 0.000000 0.019025
vt 0.100000 0.012432
vt 0.100000 0.019025
vt 0.150000 0.012432
vt 0.150000 0.019025
vt 0.200000 0.012432
vt 0.200000 0.019025
vt 0.250000 0.012432
vt 0.250000 0.019025
vt 0.300000 0.012432
vt 0.300000 0.019025
vt 0.350000 0.012432
vt 0.350000 0.019025
vt 0.400000 0.012432
vt 0.400000 0.019025
vt 0.450000 0.012432
vt 0.450000 0.019025
vt 0.500000 0.012432
vt 0.500000 0.019025
vt 0.550000 0.012432
vt 0.550000 0.019025
vt 0.600000 0.012432
vt 0.600000 0.019025
vt 0.650000 0.012432
vt 0.650000 0.019025
vt 0.700000 0.012432
vt 0.700000 0.019025
vt 0.750000 0.012432
vt 0.750000 0.019025
vt 0.800000 0.086774
vt 0.850000 0.086774
vt 0.850000 0.097394
vt 0.800000 0.097394
vt 0.900000 0.086774
vt 0.900000 0.097394
vt 0.950000 0.086774
vt 0.950000 0.097394
vt 1.000000 0.086774
vt 1.000000 0.097394
vt 0.000000 0.086774
vt 0.050000 0.086774
vt 0.050000 0.097394
vt 0.000000 0.097394
vt 0.100000 0.086774
vt 0.100000 0.097394
vt 0.150000 0.086774
vt 0.150000 0.097394
vt 0.200000 0.086774
vt 0.200000 0.097394
vt 0.250000 0.086774
vt 0.250000 0.097394
vt 0.300000 0.086774
vt 0.300000 0.097394
vt 0.350000 0.086774
vt 0.350000 0.097394
vt 0.400000 0.086774
vt 0.400000 0.097394
vt 0.450000 0.086774
vt 0.450000 0.097394
vt 0.500000 0.086774
vt 0.500000 0.097394
vt 0.550000 0.086774
vt 0.550000 0.097394
vt 0.600000 0.086774
vt 0.600000 0.097394
vt 0.650000 0.086774
vt 0.650000 0.097394
vt 0.700000 0.086774
vt 0.700000 0.097394
vt 0.750000 0.086774
vt 0.750000 0.097394
vt 0.800000 0.105520
vt 0.850000 0.105520
vt 0.850000 0.116105
vt 0.800000 0.116105
vt 0.900000 0.105520
vt 0.900000 0.116105
vt 0.950000 0.105520
vt 0.950000 0.116105
vt 1.000000 0.105520
vt 1.000000 0.116105
vt 0.000000 0.105520
vt 0.050000 0.105520
vt 0.050000 0.116105
vt 0.000000 0.116105
vt 0.100000 0.105520
vt 0.100000 0.116105
vt 0.150000 0.105520
vt 0.150000 0.116105
vt 0.200000 0.105520
vt 0.200000 0.116105
vt 0.250000 0.105520
vt 0.250000 0.116105
vt 0.300000 0.105520
vt 0.300000 0.116105
vt 0.350000 0.105520
vt 0.350000 0.116105
vt 0.400000 0.105520
vt 0.400000 0.116105
vt 0.450000 0.105520
vt 0.450000 0.116105
vt 0.500000 0.105520
vt 0.500000 0.116105
vt 0.550000 0.105520
vt 0.550000 0.116105
vt 0.600000 0.105520
vt 0.600000 0.116105
vt 0.650000 0.105520
vt 0.650000 0.116105
vt 0.700000 0.105520
vt 0.700000 0.116105
vt 0.750000 0.105520
vt 0.750000 0.116105
vt 0.800000 0.121398
vt 0.850000 0.121398
vt 0.850000 0.179920
vt 0.800000 0.179920
vt 0.900000 0.121398
vt 0.900000 0.179920
vt 0.950000 0.121398
vt 0.950000 0.179920
vt 1.000000 0.121398
vt 1.000000 0.179920
vt 0.000000 0.121398
vt 0.050000 0.121398
vt 0.050000 0.179920
vt 0.000000 0.179920
vt 0.100000 0.121398
vt 0.100000 0.179920
vt 0.150000 0.121398
vt 0.150000 0.179920
vt 0.200000 0.121398
vt 0.200000 0.179920
vt 0.250000 0.121398
vt 0.250000 0.179920
vt 0.300000 0.121398
vt 0.300000 0.179920
vt 0.350000 0.121398
vt 0.350000 0.179920
vt 0.400000 0.121398
vt 0.400000 0.179920
vt 0.450000 0.121398
vt 0.450000 0.179920
vt 0.500000 0.121398
vt 0.500000 0.179920
vt 0.550000 0.121398
vt 0.550000 0.179920
vt 0.600000 0.121398
vt 0.600000 0.179920
vt 0.650000 0.121398
vt 0.650000 0.179920
vt 0.700000 0.121398
vt 0.700000 0.179920
vt 0.750000 0.121398
vt 0.750000 0.179920
vt 0.515885 0.737866
vt 0.500254 0.768543
vt 0.495950 0.765416
vt 0.510825 0.736222
vt 0.475907 0.792889
vt 0.472780 0.788586
vt 0.445230 0.808521
vt 0.443585 0.803461
vt 0.411223 0.813907
vt 0.411223 0.808587
vt 0.377216 0.808521
vt 0.378860 0.803461
vt 0.346538 0.792889
vt 0.349665 0.788585
vt 0.322192 0.768543
vt 0.326496 0.765416
vt 0.306561 0.737866
vt 0.311621 0.736222
vt 0.301175 0.703859
vt 0.306494 0.703859
vt 0.306561 0.669852
vt 0.311621 0.671496
vt 0.322192 0.639174
vt 0.326496 0.642301
vt 0.346538 0.614828
vt 0.349665 0.619132
vt 0.377216 0.599197
vt 0.378860 0.604257
vt 0.411223 0.593811
vt 0.411223 0.599131
vt 0.445229 0.599197
vt 0.443585 0.604257
vt 0.475907 0.614828
vt 0.472780 0.619132
vt 0.500254 0.639174
vt 0.495950 0.642301
vt 0.515884 0.669852
vt 0.510825 0.671496
vt 0.521271 0.703859
vt 0.515950 0.703859
vt 0.859562 0.475149
vt 0.894160 0.475149
vt 0.894160 0.477489
vt 0.859562 0.477489
vt 0.928757 0.475149
vt 0.928757 0.477489
vt 0.963355 0.475149
vt 0.963355 0.477489
vt 0.997953 0.475149
vt 0.997953 0.477489
vt 0.305998 0.475149
vt 0.340596 0.475149
vt 0.340596 0.477489
vt 0.305998 0.477489
vt 0.375193 0.475149
vt 0.375193 0.477489
vt 0.409791 0.475149
vt 0.409791 0.477489
vt 0.444389 0.475149
vt 0.444389 0.477489
vt 0.478987 0.475149
vt 0.478987 0.477489
vt 0.513584 0.475149
vt 0.513584 0.477489
vt 0.548182 0.475149
vt 0.548182 0.477489
vt 0.582780 0.475149
vt 0.582780 0.477489
vt 0.617378 0.475149
vt 0.617378 0.477489
vt 0.651976 0.475149
vt 0.651976 0.477489
vt 0.686573 0.475149
vt 0.686573 0.477489
vt 0.721171 0.475149
vt 0.721171 0.477489
vt 0.755769 0.475149
vt 0.755769 0.477489
vt 0.790367 0.475149
vt 0.790367 0.477489
vt 0.824965 0.475149
vt 0.824965 0.477489
vt 0.859562 0.485531
vt 0.894160 0.485531
vt 0.894160 0.492341
vt 0.859562 0.492341
vt 0.928757 0.485531
vt 0.928757 0.492341
vt 0.963355 0.485531
vt 0.963355 0.492341
vt 0.997953 0.485531
vt 0.997953 0.492341
vt 0.305998 0.485531
vt 0.340596 0.485531
vt 0.340595 0.492341
vt 0.305998 0.492341
vt 0.375193 0.485531
vt 0.375193 0.492341
vt 0.409791 0.485531
vt 0.409791 0.492341
vt 0.444389 0.485531
vt 0.444389 0.492341
vt 0.478987 0.485531
vt 0.478987 0.492341
vt 0.513584 0.485531
vt 0.513584 0.492341
vt 0.548182 0.485531
vt 0.548182 0.492341
vt 0.582780 0.485531
vt 0.582780 0.492341
vt 0.617378 0.485531
vt 0.617378 0.492341
vt 0.651976 0.485531
vt 0.651976 0.492341
vt 0.686573 0.485531
vt 0.686573 0.492341
vt 0.721171 0.485531
vt 0.721171 0.492341
vt 0.755769 0.485531
vt 0.755769 0.492341
vt 0.790367 0.485531
vt 0.790367 0.492341
vt 0.824965 0.485531
vt 0.824965 0.492341
vt 0.859562 0.495620
vt 0.894160 0.495620
vt 0.894160 0.501398
vt 0.859562 0.501398
vt 0.928758 0.495620
vt 0.928758 0.501398
vt 0.963355 0.495620
vt 0.963355 0.501398
vt 0.997953 0.495620
vt 0.997953 0.501398
vt 0.305998 0.495620
vt 0.340595 0.495620
vt 0.340596 0.501398
vt 0.305998 0.501398
vt 0.375193 0.495620
vt 0.375193 0.501398
vt 0.409791 0.495620
vt 0.409791 0.501398
vt 0.444389 0.495620
vt 0.444389 0.501398
vt 0.478987 0.495620
vt 0.478987 0.501398
vt 0.513584 0.495620
vt 0.513584 0.501398
vt 0.548182 0.495620
vt 0.548182 0.501398
vt 0.582780 0.495620
vt 0.582780 0.501398
vt 0.617378 0.495620
vt 0.617378 0.501398
vt 0.651976 0.495620
vt 0.651976 0.501398
vt 0.686573 0.495620
vt 0.686573 0.501398
vt 0.721171 0.495620
vt 0.721171 0.501398
vt 0.755769 0.495620
vt 0.755769 0.501398
vt 0.790367 0.495620
vt 0.790367 0.501398
vt 0.824965 0.495620
vt 0.824965 0.501398
vt 0.963355 0.536442
vt 0.997953 0.536442
vt 0.997953 0.561987
vt 0.963355 0.561987
vt 0.409791 0.536442
vt 0.444389 0.536442
vt 0.444389 0.561987
vt 0.409791 0.561987
vt 0.548182 0.536442
vt 0.582780 0.536442
vt 0.582780 0.561987
vt 0.548182 0.561987
vt 0.686573 0.536442
vt 0.721171 0.536442
vt 0.721171 0.561987
vt 0.686573 0.561987
vt 0.824965 0.536442
vt 0.859562 0.536442
vt 0.859562 0.561987
vt 0.824965 0.561987
vt 0.257393 0.696770
vt 0.239536 0.731816
vt 0.244625 0.735514
vt 0.263376 0.698714
vt 0.211722 0.759629
vt 0.215420 0.764719
vt 0.176676 0.777486
vt 0.178620 0.783469
vt 0.137826 0.783639
vt 0.137826 0.789931
vt 0.098977 0.777486
vt 0.097033 0.783470
vt 0.063930 0.759629
vt 0.060232 0.764719
vt 0.036117 0.731816
vt 0.031027 0.735514
vt 0.018260 0.696769
vt 0.012277 0.698713
vt 0.012107 0.657920
vt 0.005816 0.657920
vt 0.018260 0.619071
vt 0.012277 0.617127
vt 0.036117 0.584024
vt 0.031027 0.580326
vt 0.063930 0.556211
vt 0.060232 0.551121
vt 0.098977 0.538354
vt 0.097033 0.532370
vt 0.137826 0.532200
vt 0.137826 0.525909
vt 0.176676 0.538354
vt 0.178620 0.532370
vt 0.211722 0.556211
vt 0.215420 0.551121
vt 0.239535 0.584024
vt 0.244625 0.580326
vt 0.257392 0.619070
vt 0.263376 0.617126
vt 0.263546 0.657920
vt 0.269837 0.657920
vt 0.265359 0.699358
vt 0.246312 0.736739
vt 0.249331 0.738932
vt 0.268907 0.700511
vt 0.216646 0.766406
vt 0.218839 0.769424
vt 0.179264 0.785452
vt 0.180417 0.789000
vt 0.137826 0.792015
vt 0.137826 0.795746
vt 0.096389 0.785452
vt 0.095236 0.789000
vt 0.059007 0.766405
vt 0.056814 0.769424
vt 0.029341 0.736739
vt 0.026322 0.738932
vt 0.010294 0.699358
vt 0.006746 0.700511
vt 0.003731 0.657920
vt 0.000000 0.657920
vt 0.010294 0.616482
vt 0.006746 0.615330
vt 0.029341 0.579100
vt 0.026322 0.576908
vt 0.059007 0.549434
vt 0.056814 0.546416
vt 0.096388 0.530388
vt 0.095235 0.526839
vt 0.137826 0.523824
vt 0.137826 0.520094
vt 0.179264 0.530387
vt 0.180417 0.526839
vt 0.216646 0.549435
vt 0.218839 0.546416
vt 0.246312 0.579100
vt 0.249330 0.576907
vt 0.265358 0.616482
vt 0.268906 0.615329
vt 0.271922 0.657920
vt 0.275652 0.657920
vt 0.535735 0.336489
vt 0.525548 0.356483
vt 0.509680 0.372351
vt 0.489685 0.382538
vt 0.467521 0.386049
vt 0.445357 0.382539
vt 0.425363 0.372351
vt 0.409495 0.356483
vt 0.399308 0.336489
vt 0.395797 0.314325
vt 0.399308 0.292161
vt 0.409495 0.272167
vt 0.425363 0.256299
vt 0.445357 0.246111
vt 0.467521 0.242601
vt 0.489685 0.246111
vt 0.509680 0.256299
vt 0.525548 0.272166
vt 0.535735 0.292161
vt 0.539245 0.314325
vt 0.850000 0.005741
vt 0.800000 0.005741
vt 0.900000 0.005741
vt 0.950000 0.005741
vt 1.000000 0.005741
vt 0.050000 0.005741
vt 0.000000 0.005741
vt 0.100000 0.005741
vt 0.150000 0.005741
vt 0.200000 0.005741
vt 0.250000 0.005741
vt 0.300000 0.005741
vt 0.350000 0.005741
vt 0.400000 0.005741
vt 0.450000 0.005741
vt 0.500000 0.005741
vt 0.550000 0.005741
vt 0.600000 0.005741
vt 0.650000 0.005741
vt 0.700000 0.005741
vt 0.750000 0.005741
vt 0.800000 0.000000
vt 0.850000 0.000000
vt 0.900000 0.000000
vt 0.950000 0.000000
vt 1.000000 0.000000
vt 0.000000 0.000000
vt 0.050000 0.000000
vt 0.100000 0.000000
vt 0.150000 0.000000
vt 0.200000 0.000000
vt 0.250000 0.000000
vt 0.300000 0.000000
vt 0.350000 0.000000
vt 0.400000 0.000000
vt 0.450000 0.000000
vt 0.500000 0.000000
vt 0.550000 0.000000
vt 0.600000 0.000000
vt 0.650000 0.000000
vt 0.700000 0.000000
vt 0.750000 0.000000
vt 0.800000 0.019877
vt 0.750000 0.019877
vt 0.700000 0.019877
vt 0.650000 0.019877
vt 0.600000 0.019877
vt 0.550000 0.019877
vt 0.500000 0.019877
vt 0.450000 0.019877
vt 0.400000 0.019877
vt 0.350000 0.019877
vt 0.300000 0.019877
vt 0.250000 0.019877
vt 0.200000 0.019877
vt 0.150000 0.019877
vt 0.100000 0.019877
vt 0.050000 0.019877
vt 0.000000 0.019877
vt 1.000000 0.019877
vt 0.950000 0.019877
vt 0.900000 0.019877
vt 0.850000 0.019877
vt 0.800000 0.184349
vt 0.750000 0.184349
vt 0.700000 0.184349
vt 0.650000 0.184349
vt 0.600000 0.184349
vt 0.550000 0.184349
vt 0.500000 0.184349
vt 0.450000 0.184349
vt 0.400000 0.184349
vt 0.350000 0.184349
vt 0.300000 0.184349
vt 0.250000 0.184349
vt 0.200000 0.184349
vt 0.150000 0.184349
vt 0.100000 0.184349
vt 0.050000 0.184349
vt 0.000000 0.184349
vt 1.000000 0.184349
vt 0.950000 0.184349
vt 0.900000 0.184349
vt 0.850000 0.184349
vt 0.534890 0.744041
vt 0.516421 0.780289
vt 0.487653 0.809056
vt 0.451405 0.827526
vt 0.411223 0.833890
vt 0.371041 0.827526
vt 0.334792 0.809056
vt 0.306025 0.780289
vt 0.287556 0.744041
vt 0.281191 0.703859
vt 0.287556 0.663677
vt 0.306025 0.627428
vt 0.334792 0.598661
vt 0.371041 0.580192
vt 0.411223 0.573828
vt 0.451405 0.580192
vt 0.487653 0.598661
vt 0.516420 0.627428
vt 0.534890 0.663677
vt 0.541254 0.703859
vt 0.541300 0.746124
vt 0.521873 0.784251
vt 0.491615 0.814509
vt 0.453487 0.833936
vt 0.411223 0.840630
vt 0.368958 0.833936
vt 0.330831 0.814509
vt 0.300572 0.784251
vt 0.281145 0.746124
vt 0.274451 0.703859
vt 0.281145 0.661594
vt 0.300572 0.623467
vt 0.330831 0.593208
vt 0.368958 0.573782
vt 0.411223 0.567088
vt 0.453487 0.573782
vt 0.491615 0.593209
vt 0.521873 0.623466
vt 0.541300 0.661594
vt 0.547994 0.703859
vt 0.859562 0.456432
vt 0.894160 0.456432
vt 0.928757 0.456432
vt 0.963355 0.456432
vt 0.997953 0.456432
vt 0.305998 0.456432
vt 0.340596 0.456432
vt 0.375193 0.456432
vt 0.409791 0.456432
vt 0.444389 0.456432
vt 0.478987 0.456432
vt 0.513584 0.456432
vt 0.548182 0.456432
vt 0.582780 0.456432
vt 0.617378 0.456432
vt 0.651976 0.456432
vt 0.686573 0.456432
vt 0.721171 0.456432
vt 0.755769 0.456432
vt 0.790367 0.456432
vt 0.824965 0.456432
vt 0.894160 0.505350
vt 0.859562 0.505350
vt 0.928758 0.505350
vt 0.963355 0.505350
vt 0.997953 0.505350
vt 0.340596 0.505350
vt 0.305998 0.505350
vt 0.375193 0.505350
vt 0.409791 0.505350
vt 0.444389 0.505350
vt 0.478987 0.505350
vt 0.513584 0.505350
vt 0.548182 0.505350
vt 0.582780 0.505350
vt 0.617378 0.505350
vt 0.651976 0.505350
vt 0.686573 0.505350
vt 0.721171 0.505350
vt 0.755769 0.505350
vt 0.790367 0.505350
vt 0.824965 0.505350
vt 0.859562 0.567088
vt 0.824965 0.567088
vt 0.790367 0.561987
vt 0.790367 0.567088
vt 0.755769 0.561987
vt 0.755769 0.567088
vt 0.721171 0.567088
vt 0.686573 0.567088
vt 0.651976 0.561987
vt 0.651976 0.567088
vt 0.617378 0.561987
vt 0.617378 0.567088
vt 0.582780 0.567088
vt 0.548182 0.567088
vt 0.513584 0.561987
vt 0.513584 0.567088
vt 0.478987 0.561987
vt 0.478987 0.567088
vt 0.444389 0.567088
vt 0.409791 0.567088
vt 0.375193 0.561987
vt 0.375193 0.567088
vt 0.340596 0.561987
vt 0.340596 0.567088
vt 0.305998 0.561987
vt 0.305998 0.567088
vt 0.997953 0.567088
vt 0.963355 0.567088
vt 0.928758 0.561987
vt 0.928758 0.567088
vt 0.894160 0.561987
vt 0.894160 0.567088
vt 0.894160 0.515800
vt 0.859562 0.515800
vt 0.928758 0.515800
vt 0.963355 0.515800
vt 0.997953 0.515800
vt 0.340596 0.515800
vt 0.305998 0.515800
vt 0.375193 0.515800
vt 0.409791 0.515800
vt 0.444389 0.515800
vt 0.478987 0.515800
vt 0.513584 0.515800
vt 0.548182 0.515800
vt 0.582780 0.515800
vt 0.617378 0.515800
vt 0.651976 0.515800
vt 0.686573 0.515800
vt 0.721171 0.515800
vt 0.755769 0.515800
vt 0.790367 0.515800
vt 0.824965 0.515800
vt 0.247011 0.693397
vt 0.230705 0.725400
vt 0.205307 0.750798
vt 0.173303 0.767105
vt 0.137826 0.772724
vt 0.102350 0.767105
vt 0.070346 0.750798
vt 0.044948 0.725400
vt 0.028641 0.693396
vt 0.023022 0.657920
vt 0.028641 0.622444
vt 0.044948 0.590440
vt 0.070346 0.565042
vt 0.102350 0.548735
vt 0.137826 0.543116
vt 0.173303 0.548735
vt 0.205307 0.565042
vt 0.230705 0.590439
vt 0.247011 0.622443
vt 0.252630 0.657920
vt 0.582891 0.351811
vt 0.565662 0.385628
vt 0.538824 0.412465
vt 0.505008 0.429695
vt 0.467522 0.435632
vt 0.430035 0.429695
vt 0.396219 0.412465
vt 0.369382 0.385628
vt 0.352151 0.351811
vt 0.346214 0.314325
vt 0.352151 0.276839
vt 0.369382 0.243022
vt 0.396219 0.216185
vt 0.430035 0.198955
vt 0.467522 0.193017
vt 0.505007 0.198955
vt 0.538824 0.216185
vt 0.565661 0.243022
vt 0.582891 0.276839
vt 0.588829 0.314325
vt 0.591137 0.354491
vt 0.572676 0.390724
vt 0.543921 0.419479
vt 0.507687 0.437941
vt 0.467522 0.444303
vt 0.427356 0.437941
vt 0.391122 0.419479
vt 0.362367 0.390724
vt 0.343905 0.354490
vt 0.337544 0.314325
vt 0.343905 0.274160
vt 0.362367 0.237926
vt 0.391122 0.209171
vt 0.427356 0.190709
vt 0.467522 0.184347
vt 0.507686 0.190709
vt 0.543921 0.209171
vt 0.572676 0.237926
vt 0.591137 0.274159
vt 0.597499 0.314325
vt 0.307872 0.454570
vt 0.332045 0.407127
vt 0.270221 0.492221
vt 0.222778 0.516394
vt 0.170188 0.524724
vt 0.117597 0.516394
vt 0.070154 0.492221
vt 0.032503 0.454570
vt 0.008330 0.407127
vt 0.000000 0.354536
vt 0.008330 0.301945
vt 0.032503 0.254502
vt 0.070154 0.216852
vt 0.117597 0.192678
vt 0.170188 0.184349
vt 0.222778 0.192678
vt 0.270221 0.216852
vt 0.307872 0.254502
vt 0.332045 0.301945
vt 0.340375 0.354536
vt 0.859562 0.561987
vt 0.894160 0.561987
vt 0.859562 0.536442
vt 0.928758 0.561987
vt 0.963355 0.561987
vt 0.963355 0.536442
vt 0.963355 0.515800
vt 0.928758 0.515800
vt 0.894160 0.515800
vt 0.859562 0.515800
vt 0.305998 0.561987
vt 0.340596 0.561987
vt 0.305998 0.536442
vt 0.305998 0.536442
vt 0.375193 0.561987
vt 0.409791 0.561987
vt 0.409791 0.536442
vt 0.409791 0.515800
vt 0.375193 0.515800
vt 0.340596 0.515800
vt 0.305998 0.515800
vt 0.444389 0.561987
vt 0.478987 0.561987
vt 0.444389 0.536442
vt 0.513584 0.561987
vt 0.548182 0.561987
vt 0.548182 0.536442
vt 0.548182 0.515800
vt 0.513584 0.515800
vt 0.478987 0.515800
vt 0.444389 0.515800
vt 0.582780 0.561987
vt 0.617378 0.561987
vt 0.582780 0.536442
vt 0.651976 0.561987
vt 0.686573 0.561987
vt 0.686573 0.536442
vt 0.651976 0.515800
vt 0.617378 0.515800
vt 0.582780 0.515800
vt 0.686573 0.515800
vt 0.721171 0.561987
vt 0.755769 0.561987
vt 0.721171 0.536442
vt 0.790367 0.561987
vt 0.824965 0.561987
vt 0.824965 0.536442
vt 0.824965 0.515800
vt 0.790367 0.515800
vt 0.755769 0.515800
vt 0.721171 0.515800
vt 0.858666 0.561987
vt 0.894160 0.561987
vt 0.857673 0.561987
vt 0.894160 0.561987
vt 0.858666 0.536442
vt 0.857673 0.536442
vt 0.928758 0.561987
vt 0.928758 0.561987
vt 0.964252 0.561987
vt 0.964252 0.536442
vt 0.965245 0.561987
vt 0.965245 0.536442
vt 0.964252 0.515800
vt 0.928758 0.515800
vt 0.965245 0.515800
vt 0.928758 0.515800
vt 0.894160 0.515800
vt 0.894160 0.515800
vt 0.858666 0.515800
vt 0.857673 0.515800
vt 0.725635 0.344174
vt 0.605915 0.344174
vt 0.602814 0.344174
vt 0.725635 0.344174
vt 0.599377 0.344174
vt 0.725635 0.344174
vt 0.605915 0.255777
vt 0.602814 0.255777
vt 0.599377 0.255777
vt 0.340595 0.561987
vt 0.375193 0.561987
vt 0.340595 0.561987
vt 0.375193 0.561987
vt 0.410688 0.561987
vt 0.410688 0.536442
vt 0.411681 0.561987
vt 0.411681 0.536442
vt 0.410688 0.515800
vt 0.375193 0.515800
vt 0.411681 0.515800
vt 0.375193 0.515800
vt 0.340595 0.515800
vt 0.340595 0.515800
vt 0.605915 0.184349
vt 0.725635 0.184349
vt 0.725635 0.184349
vt 0.602814 0.184349
vt 0.725635 0.184349
vt 0.599377 0.184349
vt 0.443493 0.561987
vt 0.478987 0.561987
vt 0.442499 0.561987
vt 0.478987 0.561987
vt 0.443493 0.536442
vt 0.442499 0.536442
vt 0.513584 0.561987
vt 0.513584 0.561987
vt 0.549079 0.561987
vt 0.549079 0.536442
vt 0.550072 0.561987
vt 0.550072 0.536442
vt 0.549079 0.515800
vt 0.513584 0.515800
vt 0.550072 0.515800
vt 0.513584 0.515800
vt 0.478987 0.515800
vt 0.478987 0.515800
vt 0.443493 0.515800
vt 0.442499 0.515800
vt 0.581884 0.561987
vt 0.617378 0.561987
vt 0.580891 0.561987
vt 0.617378 0.561987
vt 0.581884 0.536442
vt 0.580891 0.536442
vt 0.651976 0.561987
vt 0.651976 0.561987
vt 0.687470 0.561987
vt 0.687470 0.536442
vt 0.688463 0.561987
vt 0.688463 0.536442
vt 0.651976 0.515800
vt 0.617378 0.515800
vt 0.651976 0.515800
vt 0.617378 0.515800
vt 0.581884 0.515800
vt 0.580891 0.515800
vt 0.687470 0.515800
vt 0.688463 0.515800
vt 0.720275 0.561987
vt 0.755769 0.561987
vt 0.719282 0.561987
vt 0.755769 0.561987
vt 0.720275 0.536442
vt 0.719282 0.536442
vt 0.790367 0.561987
vt 0.790367 0.561987
vt 0.825861 0.561987
vt 0.825861 0.536442
vt 0.826854 0.561987
vt 0.826854 0.536442
vt 0.825861 0.515800
vt 0.790367 0.515800
vt 0.826854 0.515800
vt 0.790367 0.515800
vt 0.755769 0.515800
vt 0.755769 0.515800
vt 0.720275 0.515800
vt 0.719282 0.515800
vn 0.245495 -0.172259 0.953970
vn 0.245495 -0.172259 0.953970
vn 0.245458 -0.172120 0.954005
vn 0.245458 -0.172120 0.954005
vn 0.868013 0.180098 0.462730
vn 0.868013 0.180098 0.462730
vn 0.868225 0.179516 0.462557
vn 0.868225 0.179515 0.462557
vn 0.837225 0.395892 -0.377258
vn 0.837225 0.395892 -0.377258
vn 0.837204 0.395973 -0.377219
vn 0.837204 0.395973 -0.377219
vn 0.175864 0.314013 -0.932989
vn 0.175864 0.314013 -0.932989
vn 0.175751 0.314258 -0.932927
vn 0.175751 0.314258 -0.932927
vn -0.618385 -0.003324 -0.785868
vn -0.618385 -0.003324 -0.785868
vn -0.618064 -0.004071 -0.786117
vn -0.618064 -0.004071 -0.786117
vn -0.946649 -0.318790 -0.047206
vn -0.946649 -0.318790 -0.047206
vn -0.946445 -0.319373 -0.047359
vn -0.946445 -0.319373 -0.047359
vn -0.562248 -0.394089 0.727030
vn -0.562248 -0.394089 0.727030
vn -0.562154 -0.394151 0.727068
vn -0.562154 -0.394151 0.727068
vn 0.320852 -0.914217 -0.247510
vn 0.320853 -0.914218 -0.247506
vn 0.320853 -0.914218 -0.247506
vn 0.320852 -0.914217 -0.247510
vn 0.320853 -0.914217 -0.247511
vn 0.320853 -0.914217 -0.247511
vn 0.320857 -0.914214 -0.247515
vn 0.320857 -0.914214 -0.247515
vn 0.320857 -0.914214 -0.247516
vn 0.320857 -0.914214 -0.247516
vn 0.320855 -0.914216 -0.247510
vn 0.320855 -0.914216 -0.247510
vn 0.320852 -0.914218 -0.247505
vn 0.320852 -0.914218 -0.247505
vn -0.320855 0.914216 0.247511
vn -0.320850 0.914217 0.247513
vn -0.320850 0.914217 0.247513
vn -0.320855 0.914216 0.247511
vn -0.320854 0.914216 0.247512
vn -0.320854 0.914216 0.247512
vn -0.320855 0.914216 0.247509
vn -0.320855 0.914216 0.247509
vn -0.320852 0.914217 0.247509
vn -0.320852 0.914217 0.247509
vn -0.320858 0.914215 0.247510
vn -0.320858 0.914215 0.247510
vn -0.320861 0.914214 0.247508
vn -0.320861 0.914214 0.247508
vn -0.245469 0.172138 -0.953999
vn -0.245469 0.172138 -0.953999
vn -0.245470 0.172141 -0.953998
vn -0.245470 0.172141 -0.953998
vn 0.562145 0.394167 -0.727067
vn 0.562145 0.394167 -0.727066
vn 0.562148 0.394152 -0.727072
vn 0.562149 0.394152 -0.727072
vn 0.946439 0.319390 0.047363
vn 0.946439 0.319390 0.047363
vn 0.946451 0.319357 0.047354
vn 0.946451 0.319357 0.047354
vn 0.618056 0.004079 0.786124
vn 0.618056 0.004079 0.786124
vn 0.618056 0.004080 0.786124
vn 0.618056 0.004080 0.786124
vn -0.175732 -0.314297 0.932918
vn -0.175732 -0.314297 0.932918
vn -0.175742 -0.314269 0.932925
vn -0.175742 -0.314269 0.932925
vn -0.837213 -0.395956 0.377218
vn -0.837213 -0.395956 0.377218
vn -0.837213 -0.395954 0.377221
vn -0.837213 -0.395954 0.377221
vn -0.868231 -0.179504 -0.462551
vn -0.868231 -0.179504 -0.462551
vn -0.868235 -0.179488 -0.462549
vn -0.868235 -0.179488 -0.462549
vn 0.837211 0.395955 -0.377223
vn 0.837211 0.395955 -0.377223
vn 0.868240 0.179478 0.462545
vn 0.868240 0.179478 0.462545
vn 0.245464 -0.172133 0.954001
vn 0.245464 -0.172133 0.954001
vn -0.562157 -0.394136 0.727074
vn -0.562157 -0.394136 0.727074
vn -0.946447 -0.319366 -0.047357
vn -0.946447 -0.319366 -0.047357
vn -0.618054 -0.004092 -0.786125
vn -0.618054 -0.004092 -0.786125
vn 0.175748 0.314263 -0.932926
vn 0.175748 0.314263 -0.932926
vn 0.868245 0.179464 0.462540
vn 0.868245 0.179464 0.462540
vn 0.245470 -0.172147 0.953997
vn 0.245470 -0.172147 0.953997
vn -0.562162 -0.394123 0.727077
vn -0.562162 -0.394123 0.727077
vn -0.946455 -0.319344 -0.047351
vn -0.946455 -0.319344 -0.047351
vn -0.618055 -0.004087 -0.786125
vn -0.618055 -0.004087 -0.786125
vn 0.175748 0.314261 -0.932927
vn 0.175748 0.314261 -0.932927
vn 0.837217 0.395938 -0.377228
vn 0.837217 0.395938 -0.377228
vn -0.868241 -0.179468 -0.462546
vn -0.868241 -0.179468 -0.462546
vn -0.837213 -0.395951 0.377224
vn -0.837213 -0.395951 0.377224
vn -0.175755 -0.314233 0.932935
vn -0.175755 -0.314233 0.932935
vn 0.618056 0.004080 0.786124
vn 0.618056 0.004080 0.786124
vn 0.946466 0.319314 0.047342
vn 0.946466 0.319314 0.047342
vn 0.562153 0.394133 -0.727079
vn 0.562153 0.394133 -0.727079
vn -0.245472 0.172146 -0.953996
vn -0.245472 0.172146 -0.953996
vn 0.759307 -0.005722 -0.650708
vn 0.759307 -0.005722 -0.650707
vn 0.759281 -0.005759 -0.650738
vn 0.759281 -0.005759 -0.650738
vn 0.389675 0.860993 -0.326871
vn 0.389675 0.860993 -0.326871
vn 0.389658 0.861003 -0.326863
vn 0.389658 0.861003 -0.326863
vn -0.375117 0.866794 0.328566
vn -0.375117 0.866794 0.328566
vn -0.375110 0.866793 0.328578
vn -0.375110 0.866793 0.328578
vn -0.759172 0.005758 0.650865
vn -0.759172 0.005758 0.650865
vn -0.759283 0.005721 0.650735
vn -0.759283 0.005721 0.650735
vn -0.389618 -0.861001 0.326916
vn -0.389618 -0.861001 0.326916
vn -0.389675 -0.860991 0.326877
vn -0.389675 -0.860991 0.326877
vn 0.375112 -0.866788 -0.328586
vn 0.375112 -0.866788 -0.328586
vn 0.375112 -0.866792 -0.328577
vn 0.375112 -0.866792 -0.328577
vn -0.650717 0.006197 -0.759295
vn -0.650699 0.006238 -0.759310
vn -0.650714 0.006223 -0.759298
vn -0.650712 0.006195 -0.759300
vn -0.650709 0.006195 -0.759302
vn -0.650730 0.006236 -0.759284
vn -0.650715 0.006277 -0.759296
vn 0.650696 -0.006233 0.759313
vn 0.650715 -0.006198 0.759297
vn 0.650699 -0.006236 0.759311
vn 0.650720 -0.006199 0.759292
vn 0.650701 -0.006239 0.759308
vn 0.650680 -0.006277 0.759326
vn 0.650681 -0.006272 0.759326
vn -0.389675 -0.860991 0.326876
vn -0.389675 -0.860991 0.326876
vn -0.759284 0.005721 0.650734
vn -0.759284 0.005721 0.650734
vn -0.375110 0.866793 0.328578
vn -0.375110 0.866793 0.328578
vn 0.389658 0.861004 -0.326863
vn 0.389658 0.861004 -0.326863
vn 0.759281 -0.005760 -0.650738
vn 0.759281 -0.005760 -0.650738
vn 0.375113 -0.866792 -0.328577
vn 0.375113 -0.866792 -0.328577
vn -0.389688 -0.860989 0.326865
vn -0.389688 -0.860989 0.326865
vn -0.759322 0.005719 0.650690
vn -0.759322 0.005719 0.650690
vn -0.375135 0.866791 0.328552
vn -0.375135 0.866791 0.328552
vn 0.389653 0.861013 -0.326844
vn 0.389653 0.861013 -0.326844
vn 0.759316 -0.005793 -0.650696
vn 0.759316 -0.005793 -0.650696
vn 0.375128 -0.866796 -0.328548
vn 0.375128 -0.866796 -0.328548
vn 0.079395 -0.324046 -0.942704
vn -0.996240 0.032670 -0.080240
vn -0.642499 0.700436 -0.310781
vn -0.948218 -0.019543 -0.317019
vn -0.566447 0.643991 -0.514211
vn -0.825720 -0.134137 -0.547900
vn -0.533648 0.589017 -0.606859
vn -0.789036 -0.207548 -0.578227
vn -0.513508 0.519037 -0.683308
vn -0.692642 -0.258257 -0.673461
vn -0.332666 0.425973 -0.841356
vn -0.356867 -0.449056 -0.819143
vn -0.044697 0.286366 -0.957077
vn -0.275073 -0.517364 -0.810352
vn 0.057317 0.144717 -0.987812
vn -0.132090 -0.648321 -0.749821
vn 0.393863 -0.047254 -0.917954
vn 0.056347 -0.720333 -0.691336
vn 0.555764 -0.174986 -0.812715
vn 0.116598 -0.788362 -0.604062
vn 0.639543 -0.234460 -0.732129
vn 0.258157 -0.914850 -0.310492
vn 0.850758 -0.334575 -0.405304
vn 0.361604 -0.928991 -0.078855
vn 0.913788 -0.394378 -0.097253
vn 0.387287 -0.898765 0.205499
vn 0.924125 -0.302364 0.233601
vn 0.308146 -0.760740 0.571245
vn 0.882485 -0.215194 0.418225
vn 0.241016 -0.695913 0.676473
vn 0.785950 -0.174107 0.593270
vn 0.254632 -0.692193 0.675301
vn 0.754656 -0.101803 0.648175
vn 0.184909 -0.625610 0.757906
vn 0.660228 -0.007642 0.751026
vn -0.015254 -0.501917 0.864782
vn 0.436329 0.165387 0.884457
vn -0.308509 -0.298424 0.903198
vn 0.092897 0.401080 0.911321
vn -0.424016 -0.155112 0.892273
vn -0.011960 0.486497 0.873600
vn -0.622015 -0.016200 0.782838
vn -0.090406 0.573496 0.814205
vn 0.614933 -0.587931 0.525542
vn 0.126145 0.921146 -0.368209
vn 0.139116 0.907275 -0.396861
vn 0.066048 0.948102 -0.311032
vn 0.087319 0.926993 -0.364772
vn 0.233452 0.842258 -0.485903
vn 0.286967 0.823478 -0.489423
vn 0.335146 0.715839 -0.612578
vn 0.618092 0.471526 -0.628987
vn 0.739109 0.413643 -0.531617
vn 0.780028 0.466858 -0.416654
vn 0.859629 0.457846 -0.226749
vn 0.913688 0.403143 -0.051490
vn 0.880398 0.462865 0.103228
vn 0.896205 0.443312 0.017025
vn 0.872661 0.464653 0.150204
vn 0.798967 0.555369 0.230689
vn 0.730814 0.618569 0.288589
vn 0.602320 0.723700 0.336852
vn 0.435157 0.832280 0.343437
vn 0.402393 0.841408 0.360711
vn 0.504398 0.788856 0.351126
vn 0.799892 0.562717 -0.208621
vn 0.749688 0.659300 -0.057374
vn 0.621502 0.767857 0.155342
vn 0.630811 0.755737 0.175896
vn 0.644319 0.748930 0.154780
vn 0.445929 0.862173 0.240427
vn 0.440578 0.869111 0.224803
vn 0.517148 0.830791 0.205779
vn 0.491697 0.855441 0.162651
vn 0.442391 0.883649 0.153148
vn 0.349830 0.933615 0.077345
vn 0.336624 0.941433 0.019721
vn 0.340872 0.934760 -0.100145
vn 0.404512 0.831527 -0.380702
vn 0.414360 0.822162 -0.390327
vn 0.360487 0.873551 -0.327043
vn 0.361351 0.864976 -0.348200
vn 0.400467 0.825557 -0.397595
vn 0.507301 0.754151 -0.417015
vn 0.588983 0.723185 -0.360696
vn 0.794627 0.528734 -0.298344
vn 0.993570 -0.101659 0.049842
vn 0.949840 0.053485 0.308129
vn 0.827833 0.157138 0.538516
vn 0.784871 0.139685 0.603710
vn 0.679748 0.234540 0.694935
vn 0.363172 0.435825 0.823507
vn 0.281603 0.505725 0.815440
vn 0.168938 0.665054 0.727436
vn 0.032536 0.763149 0.645404
vn -0.145394 0.773762 0.616566
vn -0.331284 0.884399 0.328771
vn -0.404057 0.911965 0.071120
vn -0.376506 0.896019 -0.235357
vn -0.301209 0.764320 -0.570164
vn -0.290637 0.670827 -0.682291
vn -0.277782 0.672673 -0.685819
vn -0.204815 0.600931 -0.772615
vn -0.017348 0.458188 -0.888686
vn 0.282822 0.255253 -0.924585
vn 0.436752 0.192169 -0.878817
vn 0.652439 -0.020783 -0.757556
vn 0.657518 -0.708426 0.256522
vn 0.632133 -0.587546 0.505172
vn 0.564550 -0.545787 0.619193
vn 0.489739 -0.540706 0.683954
vn 0.342948 -0.407538 0.846345
vn 0.082912 -0.220021 0.971965
vn -0.079533 -0.200631 0.976433
vn -0.370111 0.049211 0.927683
vn -0.544778 0.183534 0.818250
vn -0.639361 0.240918 0.730189
vn -0.831494 0.377130 0.407910
vn -0.913003 0.398217 0.088596
vn -0.898474 0.375102 -0.228128
vn -0.846330 0.282617 -0.451501
vn -0.809842 0.130308 -0.571993
vn -0.750526 0.098358 -0.653480
vn -0.648463 0.010765 -0.761170
vn -0.422096 -0.152396 -0.893650
vn -0.091209 -0.372595 -0.923501
vn 0.037554 -0.447859 -0.893315
vn 0.179418 -0.569858 -0.801917
vn -0.040577 -0.950454 0.308206
vn -0.054442 -0.905181 0.421525
vn -0.024734 -0.939856 0.340675
vn -0.069774 -0.919880 0.385945
vn -0.186869 -0.828784 0.527444
vn -0.249217 -0.768040 0.589919
vn -0.368736 -0.747245 0.552864
vn -0.639595 -0.517603 0.568336
vn -0.742195 -0.466896 0.480785
vn -0.785895 -0.432142 0.442293
vn -0.902979 -0.330516 0.274569
vn -0.934692 -0.350178 0.061037
vn -0.922464 -0.371885 -0.103738
vn -0.929144 -0.361192 -0.078949
vn -0.865584 -0.481040 -0.139159
vn -0.807614 -0.532878 -0.252587
vn -0.740422 -0.587507 -0.326514
vn -0.603219 -0.682036 -0.413467
vn -0.410187 -0.805674 -0.427360
vn -0.386855 -0.836717 -0.387620
vn -0.394023 -0.830060 -0.394647
vn -0.734854 -0.655685 0.173399
vn -0.728422 -0.680134 0.082580
vn -0.608225 -0.780080 -0.146757
vn -0.593443 -0.794325 -0.129897
vn -0.621299 -0.777506 -0.097323
vn -0.439624 -0.885396 -0.151013
vn -0.448806 -0.875359 -0.179779
vn -0.561633 -0.819772 -0.111988
vn -0.493088 -0.855685 -0.157057
vn -0.478515 -0.870854 -0.112410
vn -0.480487 -0.876868 -0.015317
vn -0.405218 -0.914172 -0.009402
vn -0.394408 -0.916674 0.064434
vn -0.467401 -0.811147 0.351536
vn -0.433910 -0.819779 0.373745
vn -0.397058 -0.867474 0.299724
vn -0.403633 -0.862458 0.305363
vn -0.447380 -0.839865 0.307372
vn -0.508756 -0.798354 0.322177
vn -0.587156 -0.721280 0.367429
vn -0.744482 -0.611102 0.268887
vn -0.532291 -0.322099 -0.782891
vn 0.341724 0.701499 -0.625399
vn 0.771160 0.005412 -0.636618
vn 0.169746 0.581656 -0.795527
vn 0.530858 -0.081166 -0.843565
vn 0.097005 0.543486 -0.833794
vn 0.453836 -0.155732 -0.877371
vn -0.000699 0.493739 -0.869610
vn 0.372859 -0.179716 -0.910318
vn -0.070575 0.456106 -0.887122
vn 0.294049 -0.215117 -0.931268
vn -0.403055 0.318179 -0.858085
vn -0.066834 -0.436106 -0.897410
vn -0.557378 0.143744 -0.817721
vn -0.180915 -0.517713 -0.836207
vn -0.709355 0.052084 -0.702925
vn -0.220700 -0.554744 -0.802216
vn -0.833560 -0.072543 -0.547646
vn -0.317191 -0.668800 -0.672381
vn -0.929806 -0.244320 -0.275261
vn -0.408893 -0.799237 -0.440483
vn -0.935353 -0.338697 0.101975
vn -0.383345 -0.915252 -0.123934
vn -0.834179 -0.394376 0.385504
vn -0.350813 -0.928994 0.117901
vn -0.673260 -0.302360 0.674759
vn -0.226919 -0.898772 0.375123
vn -0.542769 -0.215190 0.811846
vn 0.028714 -0.760751 0.648409
vn -0.370076 -0.174104 0.912541
vn 0.140327 -0.695916 0.704279
vn -0.275717 -0.064910 0.959045
vn 0.185616 -0.667705 0.720914
vn -0.109284 0.025461 0.993685
vn 0.299006 -0.576800 0.760196
vn 0.076457 0.163926 0.983505
vn 0.454191 -0.503934 0.734685
vn 0.344662 0.349290 0.871324
vn 0.673340 -0.338673 0.657201
vn 0.407503 0.451589 0.793731
vn 0.774040 -0.215643 0.595282
vn 0.431875 0.539916 0.722478
vn 0.944061 0.044721 0.326724
vn -0.165717 -0.681561 0.712750
vn -0.314456 0.922395 -0.224287
vn -0.290918 0.911063 -0.292113
vn -0.319350 0.907118 -0.274139
vn -0.374741 0.873884 -0.309671
vn -0.397188 0.861307 -0.316845
vn -0.471212 0.840757 -0.266621
vn -0.601266 0.741510 -0.297727
vn -0.761686 0.625129 -0.170438
vn -0.822353 0.563420 -0.079327
vn -0.883110 0.465242 0.060559
vn -0.855425 0.451728 0.253359
vn -0.810605 0.403152 0.424721
vn -0.702635 0.462873 0.540419
vn -0.760442 0.443316 0.474551
vn -0.671885 0.464650 0.576777
vn -0.559527 0.575256 0.596666
vn -0.454996 0.617192 0.641913
vn -0.345144 0.723533 0.597809
vn -0.199873 0.815515 0.543126
vn -0.194024 0.832344 0.519190
vn -0.324546 0.678952 0.658555
vn -0.766967 0.575433 0.283968
vn -0.588262 0.712921 0.381696
vn -0.537842 0.718066 0.441710
vn -0.523439 0.733767 0.433125
vn -0.482273 0.754729 0.444743
vn -0.268140 0.852267 0.449156
vn -0.264619 0.869942 0.416147
vn -0.354275 0.815038 0.458478
vn -0.318583 0.847234 0.425088
vn -0.295462 0.886275 0.356678
vn -0.264596 0.932946 0.244133
vn -0.278786 0.941435 0.189683
vn -0.343953 0.934761 0.088984
vn -0.542559 0.831526 -0.119139
vn -0.555952 0.822162 -0.122340
vn -0.503483 0.856241 -0.115572
vn -0.529980 0.842196 -0.099131
vn -0.546317 0.826374 -0.136543
vn -0.614754 0.781956 -0.103067
vn -0.675557 0.736091 -0.042342
vn -0.860607 0.441657 0.253563
vn -0.792183 -0.075924 0.605542
vn -0.545329 0.105746 0.831525
vn -0.443164 0.118860 0.888526
vn -0.365953 0.170445 0.914892
vn -0.283028 0.214637 0.934787
vn 0.075896 0.411270 0.908349
vn 0.220961 0.463197 0.858269
vn 0.251508 0.530906 0.809248
vn 0.354486 0.646114 0.675926
vn 0.446519 0.780985 0.436672
vn 0.450208 0.886788 0.104499
vn 0.383289 0.911963 -0.146330
vn 0.202358 0.896021 -0.395217
vn -0.034100 0.764328 -0.643926
vn -0.100722 0.670828 -0.734741
vn -0.164705 0.642860 -0.748067
vn -0.290416 0.562332 -0.774236
vn -0.438594 0.459730 -0.772194
vn -0.667681 0.303748 -0.679661
vn -0.779691 0.236379 -0.579833
vn -0.969656 -0.035396 -0.241899
vn -0.421267 -0.682061 0.597768
vn -0.189194 -0.560886 0.805986
vn -0.101520 -0.540096 0.835458
vn -0.003398 -0.484978 0.874520
vn 0.069924 -0.440399 0.895075
vn 0.383508 -0.246563 0.890016
vn 0.570551 -0.199836 0.796579
vn 0.708620 -0.044647 0.704176
vn 0.826353 0.095241 0.555040
vn 0.927842 0.250705 0.276146
vn 0.921012 0.379704 -0.086961
vn 0.829066 0.398204 -0.392535
vn 0.654045 0.375100 -0.656906
vn 0.494657 0.282610 -0.821855
vn 0.401510 0.130293 -0.906539
vn 0.262084 0.078343 -0.961860
vn 0.111614 -0.036976 -0.993064
vn -0.094123 -0.150603 -0.984103
vn -0.346672 -0.338434 -0.874803
vn -0.451483 -0.397131 -0.799030
vn -0.585956 -0.534451 -0.609112
vn 0.166603 -0.949922 0.264370
vn 0.284028 -0.909648 0.303098
vn 0.298688 -0.900155 0.317026
vn 0.363982 -0.869179 0.334733
vn 0.387558 -0.855444 0.343532
vn 0.484963 -0.782530 0.390457
vn 0.600877 -0.746908 0.284736
vn 0.773635 -0.597883 0.209820
vn 0.849252 -0.511446 0.131130
vn 0.905179 -0.423334 -0.037934
vn 0.913786 -0.329711 -0.237246
vn 0.833539 -0.350169 -0.427311
vn 0.738480 -0.371863 -0.562463
vn 0.756931 -0.361183 -0.544613
vn 0.671481 -0.481042 -0.563660
vn 0.548280 -0.530061 -0.646858
vn 0.451027 -0.614912 -0.646883
vn 0.306370 -0.680978 -0.665137
vn 0.165678 -0.795758 -0.582512
vn 0.138083 -0.815740 -0.561695
vn 0.168515 -0.749961 -0.639657
vn 0.677264 -0.693040 -0.247001
vn 0.586665 -0.707527 -0.393992
vn 0.532522 -0.751402 -0.389636
vn 0.523901 -0.747487 -0.408400
vn 0.484745 -0.765688 -0.422781
vn 0.308527 -0.886140 -0.345786
vn 0.292546 -0.875367 -0.384901
vn 0.397890 -0.819119 -0.413193
vn 0.389597 -0.840258 -0.377069
vn 0.358369 -0.869884 -0.338930
vn 0.400367 -0.878274 -0.261422
vn 0.342956 -0.914173 -0.216031
vn 0.371575 -0.916673 -0.147114
vn 0.581564 -0.811147 0.061841
vn 0.564214 -0.819782 0.098086
vn 0.526582 -0.849122 0.041271
vn 0.532320 -0.842843 0.079064
vn 0.540660 -0.840566 0.033688
vn 0.588226 -0.807429 0.045267
vn 0.657396 -0.753281 0.019946
vn 0.827676 -0.500384 -0.254103
vn 0.670948 0.566567 -0.478363
vn 0.670948 0.566567 -0.478363
vn 0.670948 0.566567 -0.478363
vn 0.670948 0.566567 -0.478363
vn 0.002356 0.528493 -0.848935
vn 0.002356 0.528493 -0.848935
vn 0.002356 0.528493 -0.848935
vn 0.002356 0.528493 -0.848935
vn -0.667613 0.180836 -0.722213
vn -0.667613 0.180836 -0.722213
vn -0.667613 0.180836 -0.722213
vn -0.667613 0.180836 -0.722213
vn -0.946502 -0.272765 -0.172435
vn -0.946502 -0.272765 -0.172435
vn -0.946502 -0.272765 -0.172435
vn -0.946502 -0.272765 -0.172435
vn -0.670931 -0.566608 0.478338
vn -0.670931 -0.566608 0.478338
vn -0.670931 -0.566608 0.478338
vn -0.670931 -0.566608 0.478338
vn -0.002352 -0.528507 0.848926
vn -0.002352 -0.528507 0.848926
vn -0.002352 -0.528507 0.848926
vn -0.002352 -0.528507 0.848926
vn 0.667614 -0.180837 0.722212
vn 0.667614 -0.180837 0.722212
vn 0.667614 -0.180837 0.722212
vn 0.667614 -0.180837 0.722212
vn 0.946505 0.272756 0.172429
vn 0.946505 0.272756 0.172429
vn 0.946505 0.272756 0.172429
vn 0.946505 0.272756 0.172429
vn 0.590404 0.583525 -0.557604
vn 0.590404 0.583525 -0.557604
vn 0.590404 0.583525 -0.557604
vn 0.590404 0.583525 -0.557604
vn -0.105617 0.493911 -0.863074
vn -0.105617 0.493911 -0.863074
vn -0.105617 0.493911 -0.863074
vn -0.105617 0.493911 -0.863074
vn -0.739788 0.115014 -0.662937
vn -0.739788 0.115014 -0.662937
vn -0.739788 0.115014 -0.662937
vn -0.739788 0.115014 -0.662937
vn -0.940596 -0.331261 -0.074466
vn -0.940596 -0.331261 -0.074466
vn -0.940596 -0.331261 -0.074466
vn -0.940596 -0.331261 -0.074466
vn -0.590413 -0.583503 0.557617
vn -0.590413 -0.583503 0.557617
vn -0.590413 -0.583503 0.557617
vn -0.590413 -0.583503 0.557617
vn 0.105627 -0.493926 0.863064
vn 0.105627 -0.493926 0.863064
vn 0.105627 -0.493926 0.863064
vn 0.105627 -0.493926 0.863064
vn 0.739793 -0.115041 0.662927
vn 0.739793 -0.115041 0.662927
vn 0.739793 -0.115041 0.662927
vn 0.739793 -0.115041 0.662927
vn 0.940598 0.331257 0.074459
vn 0.940598 0.331257 0.074459
vn 0.940598 0.331257 0.074459
vn 0.940598 0.331257 0.074459
vn 0.670949 0.566565 -0.478364
vn 0.670949 0.566565 -0.478363
vn 0.670949 0.566565 -0.478364
vn 0.670949 0.566565 -0.478364
vn 0.002356 0.528494 -0.848934
vn 0.002356 0.528494 -0.848934
vn 0.002356 0.528494 -0.848934
vn 0.002356 0.528494 -0.848934
vn -0.667614 0.180838 -0.722212
vn -0.667614 0.180838 -0.722212
vn -0.667614 0.180838 -0.722212
vn -0.667614 0.180838 -0.722212
vn -0.946505 -0.272757 -0.172427
vn -0.946505 -0.272757 -0.172427
vn -0.946506 -0.272757 -0.172427
vn -0.946505 -0.272757 -0.172427
vn -0.670949 -0.566566 0.478362
vn -0.670949 -0.566566 0.478362
vn -0.670949 -0.566566 0.478362
vn -0.670949 -0.566566 0.478362
vn -0.002359 -0.528494 0.848933
vn -0.002359 -0.528494 0.848933
vn -0.002359 -0.528494 0.848934
vn -0.002359 -0.528494 0.848933
vn 0.667619 -0.180829 0.722209
vn 0.667619 -0.180829 0.722209
vn 0.667619 -0.180829 0.722209
vn 0.667619 -0.180829 0.722209
vn 0.946507 0.272750 0.172427
vn 0.946507 0.272750 0.172427
vn 0.946507 0.272750 0.172427
vn 0.946507 0.272750 0.172427
vn 0.590412 0.583502 -0.557619
vn 0.590412 0.583502 -0.557619
vn 0.590412 0.583502 -0.557619
vn 0.590412 0.583502 -0.557619
vn -0.105629 0.493940 -0.863056
vn -0.105629 0.493940 -0.863056
vn -0.105629 0.493940 -0.863056
vn -0.105629 0.493940 -0.863056
vn -0.739798 0.115031 -0.662923
vn -0.739798 0.115031 -0.662923
vn -0.739798 0.115031 -0.662923
vn -0.739798 0.115031 -0.662923
vn -0.940596 -0.331261 -0.074466
vn -0.940596 -0.331261 -0.074466
vn -0.940596 -0.331261 -0.074466
vn -0.940596 -0.331261 -0.074466
vn -0.590413 -0.583504 0.557616
vn -0.590413 -0.583504 0.557616
vn -0.590413 -0.583504 0.557616
vn -0.590413 -0.583504 0.557616
vn 0.105631 -0.493942 0.863055
vn 0.105631 -0.493942 0.863055
vn 0.105631 -0.493942 0.863055
vn 0.105631 -0.493942 0.863055
vn 0.739794 -0.115041 0.662925
vn 0.739795 -0.115041 0.662925
vn 0.739795 -0.115041 0.662925
vn 0.739794 -0.115041 0.662925
vn 0.940598 0.331258 0.074459
vn 0.940598 0.331258 0.074459
vn 0.940598 0.331258 0.074459
vn 0.940598 0.331258 0.074459
vn 0.670950 0.566563 -0.478364
vn 0.670950 0.566563 -0.478364
vn 0.670950 0.566563 -0.478364
vn 0.670950 0.566563 -0.478364
vn 0.002356 0.528492 -0.848935
vn 0.002356 0.528493 -0.848935
vn 0.002356 0.528493 -0.848935
vn 0.002356 0.528493 -0.848935
vn -0.667612 0.180835 -0.722214
vn -0.667612 0.180835 -0.722214
vn -0.667612 0.180835 -0.722214
vn -0.667612 0.180835 -0.722214
vn -0.946506 -0.272754 -0.172429
vn -0.946506 -0.272754 -0.172429
vn -0.946506 -0.272754 -0.172429
vn -0.946506 -0.272754 -0.172429
vn -0.670949 -0.566568 0.478360
vn -0.670949 -0.566568 0.478360
vn -0.670949 -0.566568 0.478360
vn -0.670949 -0.566568 0.478360
vn -0.002357 -0.528490 0.848936
vn -0.002357 -0.528490 0.848936
vn -0.002357 -0.528490 0.848936
vn -0.002357 -0.528490 0.848936
vn 0.667614 -0.180837 0.722212
vn 0.667614 -0.180837 0.722212
vn 0.667614 -0.180837 0.722212
vn 0.667614 -0.180837 0.722212
vn 0.946514 0.272735 0.172414
vn 0.946514 0.272735 0.172414
vn 0.946514 0.272735 0.172414
vn 0.946514 0.272735 0.172414
vn 0.590418 0.583487 -0.557629
vn 0.590418 0.583487 -0.557629
vn 0.590418 0.583487 -0.557629
vn 0.590418 0.583487 -0.557629
vn -0.105623 0.493931 -0.863062
vn -0.105623 0.493931 -0.863062
vn -0.105623 0.493931 -0.863062
vn -0.105623 0.493931 -0.863062
vn -0.739797 0.115032 -0.662924
vn -0.739797 0.115032 -0.662924
vn -0.739797 0.115032 -0.662924
vn -0.739797 0.115032 -0.662924
vn -0.940599 -0.331254 -0.074464
vn -0.940599 -0.331254 -0.074464
vn -0.940599 -0.331254 -0.074464
vn -0.940599 -0.331254 -0.074464
vn -0.590421 -0.583480 0.557633
vn -0.590420 -0.583480 0.557633
vn -0.590420 -0.583480 0.557633
vn -0.590420 -0.583480 0.557633
vn 0.105624 -0.493933 0.863060
vn 0.105624 -0.493933 0.863061
vn 0.105624 -0.493933 0.863061
vn 0.105624 -0.493933 0.863061
vn 0.739794 -0.115040 0.662926
vn 0.739794 -0.115040 0.662926
vn 0.739794 -0.115040 0.662926
vn 0.739794 -0.115040 0.662926
vn 0.940598 0.331258 0.074459
vn 0.940598 0.331258 0.074459
vn 0.940598 0.331258 0.074459
vn 0.940598 0.331258 0.074459
vn 0.670940 0.566584 -0.478354
vn 0.670940 0.566584 -0.478354
vn 0.670940 0.566584 -0.478354
vn 0.670940 0.566584 -0.478354
vn 0.002352 0.528508 -0.848925
vn 0.002352 0.528509 -0.848925
vn 0.002352 0.528509 -0.848925
vn 0.002352 0.528508 -0.848925
vn -0.667613 0.180837 -0.722213
vn -0.667613 0.180837 -0.722213
vn -0.667613 0.180837 -0.722213
vn -0.667613 0.180837 -0.722213
vn -0.946515 -0.272734 -0.172412
vn -0.946515 -0.272734 -0.172412
vn -0.946515 -0.272734 -0.172412
vn -0.946515 -0.272734 -0.172412
vn -0.670950 -0.566563 0.478365
vn -0.670950 -0.566563 0.478365
vn -0.670950 -0.566563 0.478365
vn -0.670950 -0.566563 0.478365
vn -0.002356 -0.528490 0.848936
vn -0.002356 -0.528490 0.848936
vn -0.002356 -0.528490 0.848936
vn -0.002356 -0.528490 0.848936
vn 0.667613 -0.180838 0.722213
vn 0.667612 -0.180838 0.722213
vn 0.667612 -0.180838 0.722213
vn 0.667613 -0.180838 0.722213
vn 0.946501 0.272768 0.172435
vn 0.946501 0.272768 0.172435
vn 0.946501 0.272768 0.172435
vn 0.946501 0.272768 0.172435
vn 0.590414 0.583505 -0.557614
vn 0.590414 0.583505 -0.557614
vn 0.590414 0.583505 -0.557614
vn 0.590414 0.583505 -0.557614
vn -0.105630 0.493940 -0.863056
vn -0.105630 0.493940 -0.863056
vn -0.105630 0.493940 -0.863056
vn -0.105630 0.493940 -0.863056
vn -0.739793 0.115039 -0.662927
vn -0.739793 0.115039 -0.662927
vn -0.739793 0.115039 -0.662927
vn -0.739793 0.115039 -0.662927
vn -0.940604 -0.331242 -0.074453
vn -0.940604 -0.331242 -0.074453
vn -0.940604 -0.331242 -0.074453
vn -0.940604 -0.331242 -0.074453
vn -0.590418 -0.583484 0.557631
vn -0.590418 -0.583484 0.557631
vn -0.590418 -0.583484 0.557631
vn -0.590418 -0.583484 0.557631
vn 0.105630 -0.493941 0.863055
vn 0.105630 -0.493941 0.863055
vn 0.105630 -0.493941 0.863055
vn 0.105630 -0.493941 0.863055
vn 0.739795 -0.115030 0.662926
vn 0.739795 -0.115030 0.662926
vn 0.739795 -0.115030 0.662926
vn 0.739795 -0.115030 0.662926
vn 0.940597 0.331259 0.074465
vn 0.940597 0.331259 0.074465
vn 0.940597 0.331259 0.074465
vn 0.940597 0.331259 0.074465
vn 0.670949 0.566566 -0.478361
vn 0.670949 0.566566 -0.478361
vn 0.670949 0.566566 -0.478361
vn 0.670949 0.566567 -0.478361
vn 0.002352 0.528509 -0.848924
vn 0.002352 0.528510 -0.848924
vn 0.002352 0.528510 -0.848924
vn 0.002352 0.528509 -0.848924
vn -0.667627 0.180859 -0.722194
vn -0.667627 0.180859 -0.722194
vn -0.667627 0.180859 -0.722194
vn -0.667627 0.180859 -0.722194
vn -0.946506 -0.272757 -0.172424
vn -0.946506 -0.272757 -0.172424
vn -0.946506 -0.272757 -0.172424
vn -0.946506 -0.272757 -0.172424
vn -0.670950 -0.566562 0.478365
vn -0.670950 -0.566562 0.478365
vn -0.670950 -0.566562 0.478365
vn -0.670950 -0.566562 0.478365
vn -0.002358 -0.528488 0.848937
vn -0.002358 -0.528488 0.848937
vn -0.002358 -0.528488 0.848937
vn -0.002358 -0.528488 0.848937
vn 0.667614 -0.180838 0.722211
vn 0.667614 -0.180838 0.722211
vn 0.667614 -0.180838 0.722211
vn 0.667614 -0.180838 0.722211
vn 0.946508 0.272750 0.172422
vn 0.946508 0.272750 0.172422
vn 0.946508 0.272750 0.172422
vn 0.946508 0.272750 0.172422
vn 0.322673 -0.803925 -0.499586
vn 0.322675 -0.803926 -0.499585
vn 0.322673 -0.803926 -0.499585
vn 0.322671 -0.803926 -0.499587
vn 0.322671 -0.803925 -0.499588
vn 0.322673 -0.803925 -0.499587
vn 0.322675 -0.803926 -0.499584
vn 0.322675 -0.803927 -0.499582
vn 0.322675 -0.803926 -0.499583
vn -0.322674 0.803925 0.499586
vn -0.322674 0.803925 0.499586
vn -0.322674 0.803925 0.499587
vn -0.322672 0.803926 0.499586
vn -0.322672 0.803925 0.499588
vn -0.322674 0.803924 0.499587
vn -0.322674 0.803925 0.499586
vn -0.322674 0.803924 0.499588
vn -0.322674 0.803924 0.499587
vn -0.045188 -0.985493 -0.163587
vn -0.045188 -0.985494 -0.163587
vn -0.045188 -0.985493 -0.163587
vn -0.045188 -0.985493 -0.163587
vn -0.017307 0.974244 0.224832
vn -0.017307 0.974244 0.224832
vn -0.017307 0.974244 0.224832
vn -0.017307 0.974244 0.224832
vn 0.304410 -0.952497 0.009129
vn 0.304410 -0.952497 0.009129
vn 0.304410 -0.952497 0.009129
vn 0.304410 -0.952497 0.009129
vn -0.313755 0.946263 0.078390
vn -0.313755 0.946263 0.078390
vn -0.313755 0.946263 0.078390
vn -0.313755 0.946263 0.078390
vn 0.638128 -0.766265 -0.075040
vn 0.638128 -0.766265 -0.075040
vn 0.638128 -0.766265 -0.075040
vn 0.638128 -0.766265 -0.075040
vn -0.596737 0.788343 0.149734
vn -0.596736 0.788343 0.149734
vn -0.596737 0.788343 0.149734
vn -0.596737 0.788343 0.149734
vn 0.760507 -0.535859 -0.366721
vn 0.760507 -0.535859 -0.366721
vn 0.760507 -0.535859 -0.366721
vn 0.760507 -0.535859 -0.366721
vn -0.700502 0.592979 0.397079
vn -0.700503 0.592979 0.397079
vn -0.700503 0.592979 0.397079
vn -0.700503 0.592979 0.397079
vn 0.599832 -0.396246 -0.695119
vn 0.599832 -0.396246 -0.695119
vn 0.599832 -0.396246 -0.695119
vn 0.599832 -0.396246 -0.695119
vn -0.564250 0.474606 0.675552
vn -0.564250 0.474606 0.675552
vn -0.564250 0.474606 0.675552
vn -0.564250 0.474606 0.675552
vn 0.250192 -0.429275 -0.867829
vn 0.250192 -0.429275 -0.867829
vn 0.250192 -0.429275 -0.867829
vn 0.250192 -0.429275 -0.867829
vn -0.267770 0.502552 0.822035
vn -0.267770 0.502552 0.822035
vn -0.267770 0.502552 0.822035
vn -0.267770 0.502552 0.822035
vn -0.083538 -0.615532 -0.783672
vn -0.083538 -0.615532 -0.783672
vn -0.083538 -0.615532 -0.783672
vn -0.083538 -0.615532 -0.783672
vn 0.015251 0.660508 0.750664
vn 0.015251 0.660508 0.750664
vn 0.015251 0.660508 0.750664
vn 0.015251 0.660508 0.750664
vn -0.205871 -0.845924 -0.491965
vn -0.205871 -0.845924 -0.491965
vn -0.205871 -0.845924 -0.491965
vn -0.205871 -0.845924 -0.491965
vn 0.118947 0.855892 0.503289
vn 0.118947 0.855892 0.503289
vn 0.118947 0.855892 0.503289
vn 0.118947 0.855892 0.503289
vn 0.085403 -0.953293 -0.289723
vn 0.085403 -0.953293 -0.289723
vn 0.085403 -0.953293 -0.289723
vn 0.085403 -0.953293 -0.289723
vn -0.157790 0.920860 0.356537
vn -0.157790 0.920860 0.356537
vn -0.157790 0.920860 0.356537
vn -0.157790 0.920860 0.356537
vn 0.321164 -0.931037 -0.173274
vn 0.321164 -0.931037 -0.173274
vn 0.321164 -0.931037 -0.173274
vn 0.321164 -0.931037 -0.173274
vn -0.325805 0.905006 0.273523
vn -0.325805 0.905006 0.273523
vn -0.325805 0.905006 0.273523
vn -0.325805 0.905006 0.273523
vn 0.546227 -0.805445 -0.229988
vn 0.546227 -0.805445 -0.229988
vn 0.546227 -0.805445 -0.229988
vn 0.546227 -0.805445 -0.229988
vn -0.486192 0.815497 0.313977
vn -0.486192 0.815497 0.313977
vn -0.486192 0.815497 0.313977
vn -0.486192 0.815497 0.313977
vn 0.628772 -0.650053 -0.426705
vn 0.628772 -0.650053 -0.426705
vn 0.628772 -0.650053 -0.426705
vn 0.628772 -0.650053 -0.426705
vn -0.545036 0.704751 0.454160
vn -0.545036 0.704751 0.454160
vn -0.545036 0.704751 0.454160
vn -0.545036 0.704751 0.454160
vn 0.520399 -0.555907 -0.648192
vn 0.520399 -0.555907 -0.648192
vn 0.520399 -0.555907 -0.648192
vn 0.520399 -0.555907 -0.648192
vn -0.467812 0.637644 0.612015
vn -0.467812 0.637644 0.612015
vn -0.467812 0.637644 0.612015
vn -0.467812 0.637644 0.612015
vn 0.284600 -0.578170 -0.764672
vn 0.284600 -0.578170 -0.764672
vn 0.284600 -0.578170 -0.764672
vn 0.284600 -0.578170 -0.764672
vn -0.299743 0.653516 0.695033
vn -0.299743 0.653516 0.695033
vn -0.299743 0.653516 0.695033
vn -0.299743 0.653516 0.695033
vn 0.059552 -0.703807 -0.707890
vn 0.059552 -0.703807 -0.707890
vn 0.059552 -0.703807 -0.707890
vn 0.059552 -0.703807 -0.707890
vn -0.139324 0.743038 0.654587
vn -0.139324 0.743038 0.654587
vn -0.139324 0.743038 0.654587
vn -0.139324 0.743038 0.654587
vn -0.022938 -0.859169 -0.511178
vn -0.022938 -0.859169 -0.511178
vn -0.022938 -0.859169 -0.511178
vn -0.022938 -0.859169 -0.511178
vn -0.080567 0.853781 0.514361
vn -0.080567 0.853781 0.514361
vn -0.080567 0.853781 0.514361
vn -0.080567 0.853781 0.514361
vn 0.232310 -0.875910 -0.422864
vn 0.232310 -0.875910 -0.422864
vn 0.232310 -0.875910 -0.422864
vn 0.232310 -0.875910 -0.422864
vn -0.306209 0.818597 0.485937
vn -0.306209 0.818597 0.485937
vn -0.306209 0.818597 0.485937
vn -0.306209 0.818597 0.485937
vn 0.326905 -0.866975 -0.376149
vn 0.326905 -0.866975 -0.376149
vn 0.326905 -0.866975 -0.376149
vn 0.326905 -0.866975 -0.376149
vn -0.323942 0.816942 0.477145
vn -0.323942 0.816942 0.477145
vn -0.323942 0.816942 0.477145
vn -0.323942 0.816942 0.477145
vn 0.417209 -0.816588 -0.398900
vn 0.417209 -0.816588 -0.398900
vn 0.417209 -0.816588 -0.398900
vn 0.417209 -0.816588 -0.398900
vn -0.340846 0.807470 0.481473
vn -0.340845 0.807470 0.481473
vn -0.340846 0.807470 0.481473
vn -0.340846 0.807470 0.481473
vn 0.450322 -0.754246 -0.477832
vn 0.450322 -0.754246 -0.477832
vn 0.450322 -0.754246 -0.477832
vn 0.450322 -0.754246 -0.477832
vn -0.347005 0.795816 0.496250
vn -0.347005 0.795816 0.496250
vn -0.347005 0.795816 0.496250
vn -0.347005 0.795816 0.496250
vn 0.406845 -0.716473 -0.566695
vn 0.406845 -0.716473 -0.566695
vn 0.406845 -0.716473 -0.566695
vn 0.406845 -0.716473 -0.566695
vn -0.338920 0.788715 0.512895
vn -0.338920 0.788715 0.512895
vn -0.338920 0.788715 0.512895
vn -0.338920 0.788715 0.512895
vn 0.312235 -0.725400 -0.613436
vn 0.312235 -0.725400 -0.613436
vn 0.312235 -0.725400 -0.613436
vn 0.312235 -0.725400 -0.613436
vn -0.321191 0.790396 0.521642
vn -0.321191 0.790396 0.521642
vn -0.321191 0.790396 0.521642
vn -0.321191 0.790396 0.521642
vn 0.221920 -0.775800 -0.590666
vn 0.221920 -0.775800 -0.590666
vn 0.221920 -0.775800 -0.590666
vn 0.221920 -0.775800 -0.590666
vn -0.304305 0.799842 0.517351
vn -0.304305 0.799842 0.517351
vn -0.304305 0.799842 0.517351
vn -0.304305 0.799842 0.517351
vn 0.188789 -0.838149 -0.511727
vn 0.188789 -0.838149 -0.511727
vn 0.188789 -0.838149 -0.511727
vn 0.188789 -0.838149 -0.511727
vn -0.298110 0.811505 0.502583
vn -0.298110 0.811505 0.502583
vn -0.298110 0.811505 0.502583
vn -0.298110 0.811505 0.502583
vn 0.376630 -0.750419 -0.543159
vn 0.376630 -0.750418 -0.543159
vn 0.376630 -0.750419 -0.543159
vn 0.376630 -0.750418 -0.543159
vn -0.441006 0.674149 0.592484
vn -0.441006 0.674149 0.592484
vn -0.441006 0.674149 0.592484
vn -0.441006 0.674149 0.592484
vn 0.316798 -0.756079 -0.572699
vn 0.316798 -0.756079 -0.572699
vn 0.316798 -0.756079 -0.572699
vn 0.316798 -0.756079 -0.572699
vn -0.305826 0.686911 0.659260
vn -0.305826 0.686911 0.659260
vn -0.305826 0.686911 0.659260
vn -0.305826 0.686911 0.659260
vn 0.259622 -0.787928 -0.558360
vn 0.259622 -0.787928 -0.558360
vn 0.259622 -0.787928 -0.558360
vn 0.259622 -0.787928 -0.558360
vn -0.176813 0.758933 0.626704
vn -0.176813 0.758933 0.626704
vn -0.176813 0.758933 0.626704
vn -0.176813 0.758933 0.626704
vn 0.238653 -0.827397 -0.508389
vn 0.238653 -0.827397 -0.508389
vn 0.238653 -0.827397 -0.508389
vn 0.238653 -0.827397 -0.508389
vn -0.129488 0.847999 0.513937
vn -0.129488 0.847999 0.513937
vn -0.129488 0.847999 0.513937
vn -0.129488 0.847999 0.513937
vn 0.266187 -0.851304 -0.452136
vn 0.266187 -0.851304 -0.452136
vn 0.266187 -0.851304 -0.452136
vn 0.266187 -0.851304 -0.452136
vn -0.191589 0.901979 0.386946
vn -0.191589 0.901979 0.386946
vn -0.191589 0.901979 0.386946
vn -0.191589 0.901979 0.386946
vn 0.326074 -0.845637 -0.422580
vn 0.326074 -0.845637 -0.422580
vn 0.326074 -0.845637 -0.422580
vn 0.326074 -0.845637 -0.422580
vn -0.326784 0.889225 0.320142
vn -0.326784 0.889225 0.320142
vn -0.326784 0.889225 0.320142
vn -0.326784 0.889225 0.320142
vn 0.383217 -0.813742 -0.437001
vn 0.383217 -0.813742 -0.437001
vn 0.383217 -0.813742 -0.437001
vn 0.383217 -0.813742 -0.437001
vn -0.455873 0.817196 0.352661
vn -0.455873 0.817197 0.352661
vn -0.455873 0.817196 0.352661
vn -0.455873 0.817196 0.352661
vn 0.404163 -0.774297 -0.486946
vn 0.404163 -0.774297 -0.486946
vn 0.404163 -0.774297 -0.486946
vn 0.404163 -0.774297 -0.486946
vn -0.503173 0.728095 0.465505
vn -0.503173 0.728095 0.465505
vn -0.503173 0.728095 0.465505
vn -0.503173 0.728095 0.465505
vn 0.670948 0.566571 -0.478358
vn 0.670948 0.566571 -0.478358
vn 0.670949 0.566570 -0.478357
vn 0.670949 0.566570 -0.478357
vn 0.002336 0.528534 -0.848909
vn 0.002336 0.528534 -0.848909
vn 0.002353 0.528495 -0.848933
vn 0.002353 0.528495 -0.848933
vn -0.667623 0.180866 -0.722196
vn -0.667623 0.180866 -0.722196
vn -0.667616 0.180832 -0.722211
vn -0.667615 0.180832 -0.722211
vn -0.946517 -0.272725 -0.172413
vn -0.946517 -0.272725 -0.172413
vn -0.946505 -0.272758 -0.172429
vn -0.946505 -0.272757 -0.172429
vn -0.670933 -0.566583 0.478363
vn -0.670933 -0.566583 0.478363
vn -0.670945 -0.566571 0.478362
vn -0.670945 -0.566571 0.478362
vn -0.002342 -0.528542 0.848904
vn -0.002342 -0.528542 0.848904
vn -0.002359 -0.528497 0.848932
vn -0.002359 -0.528497 0.848932
vn 0.667627 -0.180851 0.722196
vn 0.667627 -0.180851 0.722196
vn 0.667617 -0.180834 0.722210
vn 0.667617 -0.180834 0.722210
vn 0.946510 0.272744 0.172419
vn 0.946511 0.272744 0.172419
vn 0.946505 0.272758 0.172430
vn 0.946505 0.272758 0.172430
vn 0.173452 -0.905577 -0.387098
vn 0.173452 -0.905577 -0.387098
vn 0.173452 -0.905577 -0.387098
vn 0.173452 -0.905577 -0.387098
vn 0.314874 -0.897524 -0.308716
vn 0.314874 -0.897524 -0.308716
vn 0.314874 -0.897524 -0.308716
vn 0.314874 -0.897524 -0.308716
vn 0.456575 -0.823988 -0.335533
vn 0.456575 -0.823988 -0.335533
vn 0.456575 -0.823988 -0.335533
vn 0.456575 -0.823988 -0.335533
vn 0.515552 -0.728054 -0.451823
vn 0.515552 -0.728054 -0.451823
vn 0.515552 -0.728054 -0.451823
vn 0.515552 -0.728054 -0.451823
vn 0.457263 -0.665926 -0.589452
vn 0.457263 -0.665926 -0.589452
vn 0.457263 -0.665926 -0.589452
vn 0.457263 -0.665926 -0.589452
vn 0.315877 -0.673990 -0.667802
vn 0.315877 -0.673990 -0.667802
vn 0.315877 -0.673990 -0.667802
vn 0.315877 -0.673990 -0.667802
vn 0.174214 -0.747514 -0.640993
vn 0.174214 -0.747514 -0.640993
vn 0.174214 -0.747514 -0.640993
vn 0.174214 -0.747514 -0.640993
vn 0.115201 -0.843424 -0.524752
vn 0.115201 -0.843424 -0.524752
vn 0.115201 -0.843424 -0.524752
vn 0.115201 -0.843424 -0.524752
vn -0.667615 0.180829 -0.722213
vn -0.667615 0.180829 -0.722213
vn -0.667613 0.180815 -0.722218
vn -0.667613 0.180815 -0.722218
vn 0.002356 0.528488 -0.848937
vn 0.002356 0.528488 -0.848937
vn 0.002393 0.528408 -0.848987
vn 0.002393 0.528408 -0.848987
vn 0.670950 0.566565 -0.478361
vn 0.670950 0.566565 -0.478361
vn 0.670974 0.566481 -0.478428
vn 0.670974 0.566481 -0.478428
vn 0.946509 0.272747 0.172423
vn 0.946509 0.272747 0.172423
vn 0.946593 0.272539 0.172293
vn 0.946593 0.272539 0.172293
vn 0.667620 -0.180842 0.722205
vn 0.667620 -0.180842 0.722205
vn 0.667676 -0.181008 0.722111
vn 0.667676 -0.181008 0.722111
vn -0.002362 -0.528489 0.848937
vn -0.002362 -0.528489 0.848937
vn -0.002393 -0.528396 0.848994
vn -0.002393 -0.528396 0.848995
vn -0.670948 -0.566565 0.478365
vn -0.670948 -0.566565 0.478365
vn -0.670981 -0.566478 0.478421
vn -0.670981 -0.566478 0.478421
vn -0.946505 -0.272756 -0.172428
vn -0.946505 -0.272756 -0.172428
vn -0.946530 -0.272691 -0.172399
vn -0.946530 -0.272691 -0.172399
vn 0.190185 0.922484 0.335936
vn -0.080574 0.995818 0.043063
vn -0.080573 0.995818 0.043066
vn 0.190183 0.922476 0.335960
vn -0.464422 0.885207 -0.026850
vn -0.464423 0.885206 -0.026855
vn -0.736523 0.655436 0.167145
vn -0.736522 0.655440 0.167138
vn -0.737479 0.441097 0.511427
vn -0.737481 0.441105 0.511418
vn -0.466731 0.367755 0.804312
vn -0.466732 0.367762 0.804309
vn -0.082887 0.478385 0.874230
vn -0.082881 0.478377 0.874235
vn 0.189213 0.708151 0.680236
vn 0.189222 0.708150 0.680235
vn -0.082876 0.478378 0.874234
vn 0.189224 0.708147 0.680237
vn 0.189207 0.708162 0.680226
vn -0.082900 0.478420 0.874209
vn -0.466729 0.367772 0.804306
vn -0.466725 0.367816 0.804288
vn -0.737476 0.441109 0.511421
vn -0.737468 0.441125 0.511419
vn -0.736526 0.655434 0.167138
vn -0.736538 0.655426 0.167118
vn -0.464423 0.885206 -0.026863
vn -0.464432 0.885200 -0.026896
vn -0.080569 0.995818 0.043068
vn -0.080576 0.995818 0.043049
vn 0.190173 0.922480 0.335953
vn 0.190181 0.922479 0.335953
vn 0.977294 0.082871 -0.195011
vn 0.869199 0.082878 -0.487467
vn 0.860551 0.162892 -0.482617
vn 0.967572 0.162878 -0.193068
vn 0.676026 0.082882 -0.732202
vn 0.669295 0.162900 -0.724920
vn 0.416677 0.082882 -0.905269
vn 0.412525 0.162900 -0.896262
vn 0.116537 0.082871 -0.989723
vn 0.115370 0.162878 -0.979878
vn -0.195009 0.082868 -0.977294
vn -0.193070 0.162872 -0.967573
vn -0.487467 0.082873 -0.869200
vn -0.482609 0.162883 -0.860556
vn -0.732204 0.082875 -0.676025
vn -0.724917 0.162885 -0.669301
vn -0.905271 0.082877 -0.416672
vn -0.896266 0.162891 -0.412521
vn -0.989723 0.082871 -0.116538
vn -0.979878 0.162879 -0.115372
vn -0.977296 0.082858 0.195005
vn -0.967577 0.162853 0.193066
vn -0.869200 0.082853 0.487470
vn -0.860559 0.162843 0.482619
vn -0.676024 0.082864 0.732206
vn -0.669295 0.162865 0.724927
vn -0.416674 0.082863 0.905272
vn -0.412525 0.162864 0.896269
vn -0.116538 0.082845 0.989725
vn -0.115376 0.162828 0.979885
vn 0.195011 0.082848 0.977296
vn 0.193064 0.162833 0.967580
vn 0.487469 0.082854 0.869201
vn 0.482617 0.162845 0.860560
vn 0.732208 0.082859 0.676022
vn 0.724919 0.162856 0.669305
vn 0.905272 0.082864 0.416674
vn 0.896268 0.162864 0.412528
vn 0.989724 0.082861 0.116537
vn 0.979880 0.162859 0.115375
vn 0.000000 -1.000000 0.000000
vn 0.000000 -1.000000 0.000000
vn 0.000000 -1.000000 0.000000
vn 0.000000 -1.000000 -0.000000
vn 0.000000 -1.000000 0.000000
vn 0.000000 -1.000000 0.000000
vn 0.000000 -1.000000 0.000000
vn 0.000000 -1.000000 0.000000
vn 0.000000 -1.000000 0.000000
vn 0.000000 -1.000000 0.000000
vn 0.000000 -1.000000 0.000000
vn 0.000000 -1.000000 0.000000
vn 0.000000 -1.000000 0.000000
vn 0.000000 -1.000000 0.000000
vn 0.000000 -1.000000 -0.000000
vn 0.000000 -1.000000 -0.000000
vn 0.000000 -1.000000 0.000000
vn 0.000000 -1.000000 0.000000
vn 0.000000 -1.000000 0.000000
vn 0.000000 -1.000000 -0.000000
vn 0.000000 -1.000000 -0.000000
vn 0.000000 1.000000 0.000002
vn 0.000000 1.000000 0.000000
vn 0.000000 1.000000 -0.000000
vn 0.000000 1.000000 0.000000
vn 0.000000 1.000000 0.000000
vn 0.000000 1.000000 -0.000000
vn 0.000000 1.000000 -0.000000
vn 0.000000 1.000000 -0.000002
vn 0.000000 1.000000 -0.000002
vn 0.000000 1.000000 0.000002
vn 0.000000 1.000000 0.000002
vn 0.000000 1.000000 0.000000
vn 0.000000 1.000000 0.000000
vn 0.000000 1.000000 -0.000001
vn 0.000000 1.000000 -0.000001
vn 0.000000 1.000000 0.000000
vn 0.000000 1.000000 0.000000
vn 0.000000 1.000000 0.000000
vn 0.000000 1.000000 -0.000001
vn 0.000000 1.000000 -0.000002
vn 0.000000 1.000000 0.000002
vn -0.000005 1.000000 0.000002
vn -0.000005 1.000000 0.000002
vn -0.000005 1.000000 0.000002
vn -0.000005 1.000000 0.000002
vn -0.000004 1.000000 0.000003
vn -0.000004 1.000000 0.000003
vn -0.000004 1.000000 0.000003
vn -0.000004 1.000000 0.000003
vn -0.000003 1.000000 0.000004
vn -0.000003 1.000000 0.000004
vn -0.000003 1.000000 0.000004
vn -0.000003 1.000000 0.000004
vn -0.000001 1.000000 0.000005
vn -0.000001 1.000000 0.000005
vn -0.000001 1.000000 0.000005
vn -0.000001 1.000000 0.000005
vn 0.000000 1.000000 0.000005
vn 0.000000 1.000000 0.000005
vn 0.000000 1.000000 0.000005
vn 0.000000 1.000000 0.000005
vn 0.000002 1.000000 0.000005
vn 0.000002 1.000000 0.000005
vn 0.000002 1.000000 0.000005
vn 0.000002 1.000000 0.000005
vn 0.000003 1.000000 0.000004
vn 0.000003 1.000000 0.000004
vn 0.000003 1.000000 0.000004
vn 0.000003 1.000000 0.000004
vn 0.000004 1.000000 0.000003
vn 0.000004 1.000000 0.000003
vn 0.000004 1.000000 0.000003
vn 0.000004 1.000000 0.000003
vn 0.000005 1.000000 0.000001
vn 0.000005 1.000000 0.000001
vn 0.000005 1.000000 0.000001
vn 0.000005 1.000000 0.000001
vn 0.000005 1.000000 -0.000000
vn 0.000005 1.000000 -0.000000
vn 0.000005 1.000000 -0.000000
vn 0.000005 1.000000 -0.000000
vn 0.000005 1.000000 -0.000002
vn 0.000005 1.000000 -0.000002
vn 0.000005 1.000000 -0.000002
vn 0.000005 1.000000 -0.000002
vn 0.000004 1.000000 -0.000003
vn 0.000004 1.000000 -0.000003
vn 0.000004 1.000000 -0.000003
vn 0.000004 1.000000 -0.000003
vn 0.000003 1.000000 -0.000004
vn 0.000003 1.000000 -0.000004
vn 0.000003 1.000000 -0.000004
vn 0.000003 1.000000 -0.000004
vn 0.000001 1.000000 -0.000005
vn 0.000001 1.000000 -0.000005
vn 0.000001 1.000000 -0.000005
vn 0.000001 1.000000 -0.000005
vn -0.000000 1.000000 -0.000005
vn -0.000000 1.000000 -0.000005
vn -0.000000 1.000000 -0.000005
vn -0.000000 1.000000 -0.000005
vn -0.000002 1.000000 -0.000005
vn -0.000002 1.000000 -0.000005
vn -0.000002 1.000000 -0.000005
vn -0.000002 1.000000 -0.000005
vn -0.000003 1.000000 -0.000004
vn -0.000003 1.000000 -0.000004
vn -0.000003 1.000000 -0.000004
vn -0.000003 1.000000 -0.000004
vn -0.000004 1.000000 -0.000003
vn -0.000004 1.000000 -0.000003
vn -0.000004 1.000000 -0.000003
vn -0.000004 1.000000 -0.000003
vn -0.000005 1.000000 -0.000001
vn -0.000005 1.000000 -0.000001
vn -0.000005 1.000000 -0.000001
vn -0.000005 1.000000 -0.000001
vn -0.000005 1.000000 0.000000
vn -0.000005 1.000000 0.000000
vn -0.000005 1.000000 0.000000
vn -0.000005 1.000000 0.000000
vn 0.973461 0.121007 -0.194247
vn 0.865793 0.121004 -0.485552
vn 0.863705 0.139230 -0.484384
vn 0.971115 0.139231 -0.193780
vn 0.673373 0.121001 -0.729334
vn 0.671749 0.139231 -0.727577
vn 0.415039 0.121003 -0.901721
vn 0.414038 0.139233 -0.899548
vn 0.116078 0.121007 -0.985841
vn 0.115799 0.139233 -0.983466
vn -0.194246 0.121006 -0.973461
vn -0.193777 0.139232 -0.971115
vn -0.485553 0.121008 -0.865792
vn -0.484381 0.139234 -0.863706
vn -0.729331 0.121014 -0.673374
vn -0.727572 0.139238 -0.671752
vn -0.901720 0.121011 -0.415039
vn -0.899547 0.139233 -0.414039
vn -0.985842 0.121002 -0.116078
vn -0.983467 0.139226 -0.115800
vn -0.973462 0.121005 0.194243
vn -0.971116 0.139231 0.193774
vn -0.865791 0.121010 0.485553
vn -0.863704 0.139240 0.484384
vn -0.673372 0.121010 0.729333
vn -0.671750 0.139239 0.727574
vn -0.415040 0.121010 0.901720
vn -0.414040 0.139237 0.899547
vn -0.116077 0.121008 0.985841
vn -0.115798 0.139235 0.983466
vn 0.194246 0.121009 0.973460
vn 0.193779 0.139234 0.971115
vn 0.485554 0.121009 0.865791
vn 0.484385 0.139235 0.863704
vn 0.729333 0.121007 0.673373
vn 0.727575 0.139235 0.671750
vn 0.901720 0.121007 0.415041
vn 0.899547 0.139235 0.414040
vn 0.985842 0.121007 0.116077
vn 0.983465 0.139234 0.115799
vn 0.853608 0.492282 -0.170329
vn 0.759195 0.492281 -0.425773
vn 0.759197 0.492276 -0.425775
vn 0.853608 0.492280 -0.170332
vn 0.590467 0.492279 -0.639539
vn 0.590470 0.492276 -0.639539
vn 0.363941 0.492278 -0.790702
vn 0.363939 0.492269 -0.790708
vn 0.101788 0.492277 -0.864467
vn 0.101789 0.492265 -0.864473
vn -0.170329 0.492275 -0.853612
vn -0.170328 0.492273 -0.853614
vn -0.425774 0.492275 -0.759199
vn -0.425777 0.492269 -0.759201
vn -0.639537 0.492276 -0.590472
vn -0.639542 0.492260 -0.590480
vn -0.790700 0.492277 -0.363945
vn -0.790706 0.492267 -0.363946
vn -0.864466 0.492278 -0.101791
vn -0.864467 0.492277 -0.101783
vn -0.853610 0.492278 0.170333
vn -0.853609 0.492280 0.170331
vn -0.759197 0.492274 0.425776
vn -0.759200 0.492272 0.425774
vn -0.590470 0.492276 0.639538
vn -0.590475 0.492265 0.639542
vn -0.363943 0.492278 0.790701
vn -0.363945 0.492269 0.790706
vn -0.101789 0.492279 0.864465
vn -0.101789 0.492276 0.864467
vn 0.170332 0.492282 0.853608
vn 0.170334 0.492270 0.853614
vn 0.425778 0.492279 0.759193
vn 0.425775 0.492268 0.759202
vn 0.639538 0.492276 0.590470
vn 0.639541 0.492275 0.590468
vn 0.790702 0.492278 0.363941
vn 0.790702 0.492278 0.363940
vn 0.864465 0.492280 0.101787
vn 0.864464 0.492281 0.101791
vn 0.980667 0.000000 -0.195682
vn 0.872200 0.000000 -0.489150
vn 0.872200 0.000000 -0.489150
vn 0.980667 0.000000 -0.195682
vn 0.678357 0.000000 -0.734733
vn 0.678357 0.000000 -0.734733
vn 0.418112 0.000001 -0.908396
vn 0.418112 -0.000001 -0.908396
vn 0.116941 0.000002 -0.993139
vn 0.116940 -0.000002 -0.993139
vn -0.195681 0.000001 -0.980668
vn -0.195681 -0.000001 -0.980668
vn -0.489148 0.000000 -0.872201
vn -0.489148 0.000000 -0.872201
vn -0.734729 0.000000 -0.678360
vn -0.734729 0.000000 -0.678360
vn -0.908394 0.000000 -0.418115
vn -0.908394 0.000000 -0.418115
vn -0.993140 0.000000 -0.116936
vn -0.993140 0.000000 -0.116936
vn -0.980667 0.000000 0.195686
vn -0.980667 0.000000 0.195686
vn -0.872199 0.000000 0.489150
vn -0.872199 0.000000 0.489150
vn -0.678359 0.000000 0.734731
vn -0.678359 0.000000 0.734731
vn -0.418111 0.000000 0.908396
vn -0.418111 -0.000001 0.908396
vn -0.116939 0.000000 0.993139
vn -0.116938 -0.000002 0.993139
vn 0.195685 0.000000 0.980667
vn 0.195685 -0.000002 0.980667
vn 0.489152 0.000000 0.872199
vn 0.489152 -0.000004 0.872199
vn 0.734733 0.000000 0.678357
vn 0.734733 -0.000004 0.678357
vn 0.908395 0.000000 0.418113
vn 0.908395 -0.000001 0.418113
vn 0.993139 0.000000 0.116942
vn 0.993139 0.000000 0.116942
vn 0.539316 0.835199 -0.107616
vn 0.479665 0.835199 -0.269007
vn 0.479635 0.835222 -0.268988
vn 0.539231 0.835256 -0.107600
vn 0.373062 0.835198 -0.404065
vn 0.373067 0.835194 -0.404070
vn 0.229940 0.835198 -0.499571
vn 0.229786 0.835411 -0.499286
vn 0.064309 0.835199 -0.546175
vn 0.064378 0.835485 -0.545729
vn -0.107615 0.835199 -0.539316
vn -0.107621 0.835441 -0.538940
vn -0.269005 0.835199 -0.479665
vn -0.268850 0.835518 -0.479197
vn -0.404064 0.835199 -0.373061
vn -0.403818 0.835409 -0.372858
vn -0.499568 0.835201 -0.229939
vn -0.499583 0.835191 -0.229942
vn -0.546172 0.835201 -0.064309
vn -0.546188 0.835190 -0.064312
vn -0.539314 0.835200 0.107615
vn -0.539328 0.835192 0.107614
vn -0.479664 0.835199 0.269006
vn -0.479673 0.835194 0.269009
vn -0.373062 0.835199 0.404063
vn -0.373067 0.835194 0.404070
vn -0.229941 0.835199 0.499569
vn -0.229945 0.835194 0.499576
vn -0.064309 0.835200 0.546174
vn -0.064311 0.835194 0.546182
vn 0.107616 0.835199 0.539315
vn 0.107618 0.835195 0.539322
vn 0.269007 0.835199 0.479664
vn 0.269011 0.835194 0.479670
vn 0.404065 0.835199 0.373061
vn 0.404069 0.835194 0.373067
vn 0.499571 0.835198 0.229940
vn 0.499578 0.835194 0.229943
vn 0.546175 0.835199 0.064311
vn 0.546132 0.835227 0.064306
vn 0.980667 0.000000 -0.195682
vn 0.872200 0.000000 -0.489150
vn 0.678359 0.000000 -0.734731
vn 0.418113 0.000000 -0.908395
vn 0.116936 0.000000 -0.993139
vn -0.195682 0.000000 -0.980667
vn -0.489147 0.000000 -0.872202
vn -0.734731 0.000000 -0.678359
vn -0.908397 0.000000 -0.418109
vn -0.993139 0.000000 -0.116937
vn -0.980668 0.000000 0.195678
vn -0.872199 0.000000 0.489150
vn -0.678356 0.000000 0.734733
vn -0.418109 0.000000 0.908397
vn -0.116939 0.000000 0.993139
vn 0.195680 0.000000 0.980668
vn 0.489150 0.000000 0.872200
vn 0.734732 0.000000 0.678358
vn 0.908396 0.000000 0.418111
vn 0.993139 0.000000 0.116939
vn 0.759196 0.492278 -0.425774
vn 0.853613 0.492272 -0.170331
vn 0.590465 0.492288 -0.639534
vn 0.363936 0.492290 -0.790697
vn 0.101787 0.492286 -0.864461
vn -0.170330 0.492279 -0.853610
vn -0.425774 0.492275 -0.759198
vn -0.639540 0.492271 -0.590473
vn -0.790705 0.492270 -0.363945
vn -0.864469 0.492274 -0.101783
vn -0.853609 0.492278 0.170333
vn -0.759192 0.492285 0.425774
vn -0.590466 0.492285 0.639536
vn -0.363941 0.492280 0.790700
vn -0.101785 0.492278 0.864467
vn 0.170332 0.492276 0.853611
vn 0.425773 0.492283 0.759194
vn 0.639536 0.492285 0.590465
vn 0.790699 0.492282 0.363943
vn 0.864466 0.492279 0.101788
vn 0.853612 0.492274 -0.170330
vn 0.864448 0.492314 0.101766
vn 0.790660 0.492356 0.363926
vn 0.639499 0.492359 0.590444
vn 0.425767 0.492333 0.759164
vn 0.170319 0.492305 0.853597
vn -0.101774 0.492322 0.864443
vn -0.363924 0.492307 0.790692
vn -0.590475 0.492264 0.639543
vn -0.759192 0.492270 0.425791
vn -0.853611 0.492278 0.170327
vn -0.864467 0.492275 -0.101801
vn -0.790718 0.492245 -0.363951
vn -0.639571 0.492224 -0.590479
vn -0.425775 0.492241 -0.759220
vn -0.170333 0.492269 -0.853615
vn 0.101781 0.492301 -0.864454
vn 0.363934 0.492317 -0.790681
vn 0.590455 0.492314 -0.639524
vn 0.759190 0.492292 -0.425770
vn 0.977491 0.080417 -0.195048
vn 0.989922 0.080423 0.116565
vn 0.905452 0.080427 0.416758
vn 0.732353 0.080422 0.676159
vn 0.487567 0.080424 0.869373
vn 0.195052 0.080430 0.977490
vn -0.116560 0.080428 0.989922
vn -0.416757 0.080428 0.905453
vn -0.676161 0.080422 0.732351
vn -0.869376 0.080412 0.487565
vn -0.977491 0.080404 0.195054
vn -0.989924 0.080401 -0.116557
vn -0.905453 0.080408 -0.416761
vn -0.732349 0.080418 -0.676164
vn -0.487564 0.080408 -0.869377
vn -0.195048 0.080400 -0.977493
vn 0.116562 0.080410 -0.989923
vn 0.416759 0.080416 -0.905453
vn 0.676160 0.080418 -0.732353
vn 0.869375 0.080417 -0.487566
vn 0.980667 0.000000 -0.195682
vn 0.999205 0.000000 -0.039858
vn 0.962618 0.000000 0.270863
vn 0.908396 -0.000007 0.418112
vn 0.734733 -0.000024 0.678356
vn 0.489149 -0.000028 0.872200
vn 0.195684 -0.000016 0.980667
vn -0.116941 -0.000012 0.993139
vn -0.418112 -0.000007 0.908396
vn -0.678359 0.000000 0.734731
vn -0.872200 0.000000 0.489150
vn -0.980667 0.000000 0.195686
vn -0.993140 0.000000 -0.116936
vn -0.908394 0.000000 -0.418115
vn -0.734730 0.000000 -0.678360
vn -0.489148 0.000000 -0.872201
vn -0.195682 -0.000012 -0.980667
vn 0.116940 -0.000023 -0.993139
vn 0.418112 -0.000011 -0.908396
vn 0.555068 0.000000 -0.831805
vn 0.784942 0.000000 -0.619569
vn 0.872200 0.000000 -0.489150
vn 0.479409 0.835397 -0.268846
vn 0.519746 0.832443 -0.192101
vn 0.538704 0.835609 -0.107493
vn -0.106689 0.836801 -0.537011
vn 0.064926 0.837078 -0.543217
vn -0.268125 0.837282 -0.476516
vn 0.553605 0.832487 -0.022087
vn 0.545842 0.835420 0.064258
vn 0.980663 -0.003064 -0.195679
vn 0.872199 -0.001453 -0.489149
vn 0.872202 0.000000 -0.489147
vn 0.980668 0.000000 -0.195679
vn 0.678352 0.000007 -0.734737
vn 0.678354 0.000000 -0.734735
vn 0.419069 -0.000003 -0.907954
vn 0.418375 0.000000 -0.908275
vn 0.116891 0.015062 -0.993031
vn 0.116941 0.000000 -0.993139
vn -0.199354 0.028060 -0.979526
vn -0.195966 0.000000 -0.980611
vn -0.488907 0.013171 -0.872236
vn -0.489144 0.000000 -0.872203
vn -0.734049 -0.000030 -0.679097
vn -0.734738 0.000000 -0.678351
vn -0.908396 0.000000 -0.418110
vn -0.908397 0.000000 -0.418109
vn -0.993139 0.000000 -0.116937
vn -0.993140 0.000000 -0.116936
vn -0.980666 0.000000 0.195689
vn -0.980666 0.000000 0.195689
vn -0.872200 -0.000002 0.489149
vn -0.872202 0.000000 0.489145
vn -0.678365 0.000041 0.734725
vn -0.678357 0.000000 0.734732
vn -0.418118 0.000109 0.908393
vn -0.418110 0.000000 0.908396
vn -0.116930 0.000086 0.993140
vn -0.116940 0.000000 0.993139
vn 0.195687 0.000020 0.980666
vn 0.195685 0.000000 0.980667
vn 0.462854 0.000002 0.886435
vn 0.413690 0.000000 0.910418
vn 0.619545 0.000000 0.784961
vn 0.619557 0.000005 0.784952
vn 0.619561 0.000005 0.784948
vn 0.619570 0.000000 0.784941
vn 0.757065 -0.000006 0.653339
vn 0.908400 -0.000021 0.418102
vn 0.908397 0.000000 0.418109
vn 0.797775 0.000000 0.602955
vn 0.993137 -0.001626 0.116943
vn 0.993139 0.000000 0.116941
vn 0.000000 1.000000 0.000000
vn 0.000000 1.000000 0.000000
vn 0.000000 1.000000 0.000004
vn 0.000000 1.000000 0.000003
vn 0.000000 1.000000 -0.000003
vn 0.000000 1.000000 0.000002
vn -0.003008 0.999995 -0.000862
vn -0.002819 0.999996 -0.000665
vn 0.000110 1.000000 -0.000947
vn 0.000080 1.000000 -0.000680
vn 0.003126 0.999995 -0.000139
vn 0.002896 0.999996 0.000011
vn 0.000001 1.000000 0.000002
vn 0.000002 1.000000 0.000003
vn 0.000000 1.000000 0.000002
vn -0.000000 1.000000 0.000000
vn -0.000001 1.000000 0.000001
vn -0.000001 1.000000 0.000000
vn -0.000000 1.000000 0.000000
vn 0.000000 1.000000 -0.000001
vn -0.000000 1.000000 -0.000000
vn 0.000000 1.000000 -0.000003
vn 0.000001 1.000000 0.000003
vn 0.000001 1.000000 0.000009
vn 0.000001 1.000000 0.000002
vn 0.000001 1.000000 0.000011
vn -0.000001 1.000000 -0.000002
vn -0.000001 1.000000 -0.000001
vn -0.000002 1.000000 -0.000001
vn -0.000002 1.000000 0.000008
vn -0.000001 1.000000 -0.000002
vn -0.000001 1.000000 0.000015
vn 0.000001 1.000000 -0.000004
vn 0.000001 1.000000 0.000006
vn 0.000001 1.000000 -0.000001
vn -0.000001 1.000000 0.000001
vn 0.000004 1.000000 -0.000007
vn 0.000000 1.000000 -0.000008
vn -0.000001 1.000000 0.000002
vn 0.000000 1.000000 -0.000001
vn 0.000000 1.000000 0.000002
vn -0.000001 1.000000 0.000005
vn 0.000000 1.000000 -0.000001
vn 0.000000 1.000000 0.000002
vn 0.000005 1.000000 -0.000007
vn 0.000005 1.000000 -0.000007
vn 0.000013 1.000000 -0.000007
vn 0.000013 1.000000 -0.000007
vn 0.000013 1.000000 0.000004
vn 0.000013 1.000000 0.000004
vn 0.000019 1.000000 -0.000002
vn 0.000019 1.000000 -0.000002
vn 0.000003 1.000000 0.000002
vn 0.000003 1.000000 0.000002
vn 0.000003 1.000000 -0.000003
vn 0.000003 1.000000 -0.000003
vn -0.000016 1.000000 -0.000000
vn -0.000016 1.000000 -0.000000
vn -0.000016 1.000000 0.000004
vn -0.000016 1.000000 0.000004
vn -0.000001 1.000000 -0.000005
vn -0.000001 1.000000 -0.000005
vn 0.000000 1.000000 0.000005
vn 0.000000 1.000000 0.000005
vn 0.000007 1.000000 -0.000005
vn 0.000007 1.000000 -0.000005
vn 0.000008 1.000000 -0.000001
vn 0.000008 1.000000 -0.000001
vn 0.000005 1.000000 -0.000003
vn 0.000005 1.000000 -0.000003
vn 0.000005 1.000000 -0.000005
vn 0.000005 1.000000 -0.000005
vn -0.000002 1.000000 0.000001
vn -0.000002 1.000000 0.000001
vn -0.000002 1.000000 -0.000001
vn -0.000002 1.000000 -0.000001
vn -0.000001 1.000000 0.000003
vn -0.000001 1.000000 0.000003
vn -0.000001 1.000000 0.000000
vn -0.000001 1.000000 0.000000
vn -0.000000 1.000000 -0.000005
vn -0.000000 1.000000 -0.000005
vn -0.000000 1.000000 -0.000005
vn -0.000000 1.000000 -0.000005
vn -0.000002 1.000000 -0.000005
vn -0.000002 1.000000 -0.000005
vn -0.000002 1.000000 -0.000003
vn -0.000002 1.000000 -0.000003
vn 0.000004 1.000000 0.000006
vn 0.000004 1.000000 0.000006
vn 0.000004 1.000000 0.000009
vn 0.000004 1.000000 0.000009
vn 0.000010 1.000000 0.000004
vn 0.000010 1.000000 0.000004
vn 0.000010 1.000000 0.000001
vn 0.000010 1.000000 0.000001
vn -0.000010 1.000000 -0.000004
vn -0.000010 1.000000 -0.000004
vn -0.000010 1.000000 -0.000011
vn -0.000010 1.000000 -0.000011
vn -0.000012 1.000000 -0.000011
vn -0.000012 1.000000 -0.000011
vn -0.000010 1.000000 -0.000001
vn -0.000010 1.000000 -0.000001
vn 0.000003 1.000000 -0.000012
vn 0.000003 1.000000 -0.000012
vn 0.000005 1.000000 -0.000016
vn 0.000005 1.000000 -0.000016
vn 0.000002 1.000000 -0.000003
vn 0.000002 1.000000 -0.000003
vn 0.000002 1.000000 -0.000004
vn 0.000002 1.000000 -0.000004
vn -0.000001 1.000000 0.000003
vn -0.000001 1.000000 0.000003
vn -0.000001 1.000000 0.000003
vn -0.000001 1.000000 0.000003
vn 0.000000 1.000000 -0.000000
vn 0.000000 1.000000 -0.000000
vn 0.000000 1.000000 0.000001
vn 0.000000 1.000000 0.000001
vn -0.980668 0.000005 0.195680
vn -0.872201 0.000006 0.489148
vn -0.872203 0.000000 0.489144
vn -0.980668 0.000000 0.195680
vn -0.678354 0.000002 0.734735
vn -0.678354 0.000000 0.734735
vn -0.418110 -0.000003 0.908396
vn -0.418108 -0.000007 0.908397
vn -0.116931 -0.000002 0.993140
vn -0.116948 -0.000004 0.993138
vn 0.195683 0.000001 0.980667
vn 0.195683 0.000003 0.980667
vn 0.489147 0.000000 0.872202
vn 0.489147 0.000000 0.872202
vn 0.734733 0.000000 0.678356
vn 0.734733 0.000000 0.678357
vn 0.908395 0.000000 0.418113
vn 0.908395 0.000000 0.418113
vn 0.993139 0.000000 0.116938
vn 0.993139 0.000000 0.116939
vn 0.980667 0.000000 -0.195685
vn 0.980667 0.000000 -0.195686
vn 0.872200 -0.000011 -0.489149
vn 0.872200 -0.000022 -0.489149
vn 0.678362 -0.000019 -0.734728
vn 0.678359 -0.000043 -0.734730
vn 0.418111 -0.000004 -0.908396
vn 0.418110 -0.000013 -0.908396
vn 0.116944 0.000003 -0.993139
vn 0.116928 0.000006 -0.993141
vn -0.195680 -0.000001 -0.980668
vn -0.195680 -0.000002 -0.980668
vn -0.489147 0.000000 -0.872202
vn -0.489149 0.000000 -0.872200
vn -0.734733 0.000000 -0.678357
vn -0.908396 0.000000 -0.418111
vn -0.908396 0.000000 -0.418111
vn -0.734734 0.000000 -0.678356
vn -0.993139 0.000000 -0.116938
vn -0.993139 0.000000 -0.116938
vn 0.572372 0.792236 -0.211549
vn 0.572372 0.792235 -0.211549
vn 0.579527 0.786239 -0.214421
vn 0.579527 0.786239 -0.214421
vn 0.478992 0.792234 -0.378062
vn 0.478993 0.792234 -0.378063
vn 0.487903 0.783301 -0.385215
vn 0.487903 0.783301 -0.385215
vn 0.338710 0.792239 -0.507575
vn 0.338710 0.792239 -0.507575
vn 0.341697 0.787696 -0.512620
vn 0.341697 0.787696 -0.512620
vn 0.165267 0.792233 -0.587413
vn 0.165267 0.792233 -0.587412
vn 0.166887 0.789390 -0.590772
vn 0.166887 0.789390 -0.590772
vn -0.024325 0.792224 -0.609745
vn -0.024325 0.792224 -0.609745
vn -0.024362 0.790500 -0.611978
vn -0.024362 0.790500 -0.611978
vn -0.211551 0.792230 -0.572378
vn -0.211551 0.792230 -0.572378
vn -0.214989 0.786834 -0.578509
vn -0.214989 0.786834 -0.578509
vn -0.378067 0.792234 -0.478990
vn -0.378066 0.792234 -0.478990
vn -0.385876 0.782663 -0.488404
vn -0.385876 0.782663 -0.488404
vn -0.507596 0.792222 -0.338719
vn -0.507596 0.792222 -0.338719
vn -0.513301 0.786786 -0.342767
vn -0.513301 0.786786 -0.342767
vn -0.587418 0.792225 -0.165286
vn -0.587418 0.792225 -0.165286
vn -0.594633 0.786522 -0.166716
vn -0.594633 0.786522 -0.166716
vn -0.609746 0.792224 0.024323
vn -0.609746 0.792224 0.024323
vn -0.613840 0.789052 0.024452
vn -0.613840 0.789052 0.024452
vn -0.572379 0.792232 0.211544
vn -0.572380 0.792232 0.211544
vn -0.580402 0.785726 0.213936
vn -0.580402 0.785726 0.213936
vn -0.478973 0.792239 0.378077
vn -0.478973 0.792239 0.378077
vn -0.486698 0.783982 0.385353
vn -0.486698 0.783982 0.385353
vn -0.338717 0.792215 0.507609
vn -0.338717 0.792214 0.507609
vn -0.342813 0.784972 0.516042
vn -0.342813 0.784972 0.516042
vn -0.165302 0.792217 0.587425
vn -0.165302 0.792217 0.587425
vn -0.163857 0.796909 0.581452
vn -0.163857 0.796909 0.581452
vn 0.024319 0.792224 0.609745
vn 0.024319 0.792225 0.609745
vn 0.024199 0.795611 0.605325
vn 0.024199 0.795611 0.605325
vn 0.211559 0.792227 0.572380
vn 0.211559 0.792227 0.572380
vn 0.212483 0.790072 0.575011
vn 0.212483 0.790072 0.575011
vn 0.507585 0.792231 0.338715
vn 0.507585 0.792231 0.338715
vn 0.516030 0.784353 0.344243
vn 0.516030 0.784353 0.344243
vn 0.587415 0.792228 0.165286
vn 0.587415 0.792228 0.165286
vn 0.588722 0.791181 0.165649
vn 0.588722 0.791181 0.165649
vn 0.609730 0.792236 -0.024326
vn 0.609729 0.792236 -0.024326
vn 0.606394 0.794797 -0.024174
vn 0.606394 0.794797 -0.024174
vn 0.539315 0.835200 -0.107616
vn 0.479664 0.835199 -0.269006
vn 0.373062 0.835199 -0.404064
vn 0.229940 0.835199 -0.499570
vn 0.064309 0.835200 -0.546174
vn -0.107615 0.835199 -0.539315
vn -0.269005 0.835199 -0.479664
vn -0.404064 0.835200 -0.373060
vn -0.499567 0.835201 -0.229938
vn -0.546171 0.835202 -0.064309
vn -0.539313 0.835201 0.107615
vn -0.479664 0.835200 0.269005
vn -0.373061 0.835200 0.404063
vn -0.229940 0.835200 0.499569
vn -0.064309 0.835200 0.546174
vn 0.107616 0.835200 0.539315
vn 0.269006 0.835200 0.479663
vn 0.404064 0.835200 0.373060
vn 0.499571 0.835199 0.229940
vn 0.546174 0.835199 0.064311
vn 0.499561 0.835206 0.229937
vn 0.404058 0.835204 0.373057
vn 0.269002 0.835203 0.479659
vn 0.107616 0.835197 0.539318
vn -0.064311 0.835186 0.546194
vn -0.229947 0.835186 0.499588
vn -0.373062 0.835199 0.404065
vn -0.479652 0.835208 0.269001
vn -0.539309 0.835204 0.107614
vn -0.546181 0.835195 -0.064311
vn -0.499575 0.835196 -0.229938
vn -0.402471 0.836578 -0.371692
vn 0.228982 0.836585 -0.497687
vn 0.373050 0.835208 -0.404057
vn 0.872196 -0.002668 -0.489149
vn 0.980652 -0.005627 -0.195678
vn 0.937969 -0.005270 -0.346680
vn 0.678351 0.000013 -0.734738
vn 0.419675 -0.000005 -0.907675
vn 0.116656 0.027743 -0.992785
vn -0.195784 0.050957 -0.979322
vn -0.488519 0.023822 -0.872228
vn -0.733379 -0.000056 -0.679820
vn -0.908396 0.000000 -0.418111
vn -0.993139 0.000000 -0.116937
vn -0.980666 0.000000 0.195688
vn -0.872199 -0.000003 0.489152
vn -0.678340 0.000075 0.734748
vn -0.418103 0.000200 0.908400
vn -0.116950 0.000158 0.993138
vn 0.195689 0.000036 0.980666
vn 0.489150 0.000003 0.872199
vn 0.734729 -0.000009 0.678361
vn 0.619561 0.000005 0.784948
vn 0.908386 -0.000039 0.418132
vn 0.993134 -0.002987 0.116944
vn 0.999188 -0.005846 -0.039858
vn 0.000000 1.000000 -0.000001
vn 0.000000 1.000000 -0.000003
vn 0.000000 1.000000 -0.000005
vn -0.002560 0.999996 -0.000859
vn 0.000140 0.999999 -0.001190
vn 0.002689 0.999996 -0.000241
vn 0.000001 1.000000 0.000003
vn 0.000000 1.000000 0.000003
vn -0.000000 1.000000 0.000003
vn -0.000000 1.000000 0.000000
vn -0.000000 1.000000 0.000001
vn 0.000001 1.000000 0.000003
vn 0.000001 1.000000 -0.000002
vn -0.000001 1.000000 -0.000003
vn -0.000002 1.000000 -0.000003
vn -0.000001 1.000000 -0.000006
vn 0.000001 1.000000 -0.000006
vn 0.000001 1.000000 0.000001
vn 0.000002 1.000000 -0.000003
vn -0.000001 1.000000 0.000002
vn 0.000000 1.000000 -0.000001
vn 0.000000 1.000000 -0.000003
vn 0.872201 0.000002 -0.489148
vn 0.980804 0.000007 -0.194994
vn 0.980666 0.000000 -0.195688
vn 0.872193 0.000000 -0.489161
vn 0.678356 0.000000 -0.734733
vn 0.678356 0.000000 -0.734733
vn 0.417390 0.000000 -0.908727
vn 0.423004 0.000000 -0.906128
vn 0.116941 0.000000 -0.993139
vn 0.116938 0.000000 -0.993139
vn -0.194912 0.000000 -0.980821
vn -0.200980 0.000000 -0.979595
vn -0.489145 0.000000 -0.872202
vn -0.489144 0.000000 -0.872203
vn -0.734696 0.000000 -0.678396
vn -0.737293 0.000000 -0.675573
vn -0.908396 0.000000 -0.418111
vn -0.908400 0.000000 -0.418103
vn -0.993145 0.000000 -0.116891
vn -0.992689 0.000000 -0.120702
vn -0.980669 0.000000 0.195673
vn -0.980668 0.000000 0.195678
vn -0.872200 0.000000 0.489149
vn -0.872203 0.000000 0.489144
vn -0.678351 0.000006 0.734738
vn -0.678362 0.000232 0.734728
vn -0.418108 0.000011 0.908397
vn -0.418140 0.000432 0.908383
vn -0.116943 0.000005 0.993139
vn -0.116941 0.000200 0.993139
vn 0.195684 0.000000 0.980667
vn 0.195685 0.000000 0.980667
vn 0.413449 0.000000 0.910527
vn 0.413798 0.000000 0.910369
vn 0.908709 0.000000 0.417431
vn 0.797851 0.000000 0.602855
vn 0.797337 0.000000 0.603535
vn 0.908397 0.000000 0.418109
vn 0.993136 0.000004 0.116964
vn 0.993139 0.000000 0.116939
vn 0.844116 0.251724 -0.473395
vn 0.949097 0.251698 -0.189376
vn 0.977083 0.083595 -0.195758
vn 0.869176 0.083199 -0.487453
vn 0.656513 0.251747 -0.711066
vn 0.676002 0.083206 -0.732187
vn 0.404643 0.251727 -0.879146
vn 0.416657 0.083199 -0.905249
vn 0.113177 0.251706 -0.961163
vn 0.116534 0.083192 -0.989696
vn -0.189149 0.251974 -0.949069
vn -0.195002 0.083164 -0.977271
vn -0.472344 0.253405 -0.844202
vn -0.487453 0.083116 -0.869184
vn -0.711250 0.253651 -0.655579
vn -0.732148 0.083462 -0.676013
vn -0.879605 0.251486 -0.403795
vn -0.905261 0.082984 -0.416674
vn -0.961274 0.251025 -0.113749
vn -0.989692 0.083279 -0.116509
vn -0.949091 0.251715 0.189384
vn -0.977268 0.083204 0.195001
vn -0.844115 0.251729 0.473395
vn -0.869173 0.083216 0.487455
vn -0.656517 0.251730 0.711068
vn -0.676001 0.083208 0.732188
vn -0.404653 0.251719 0.879144
vn -0.416659 0.083197 0.905248
vn -0.113172 0.251722 0.961160
vn -0.116537 0.083198 0.989696
vn 0.189393 0.251715 0.949089
vn 0.195002 0.083196 0.977268
vn 0.473397 0.251703 0.844121
vn 0.487574 0.083119 0.869116
vn 0.879143 0.251718 0.404654
vn 0.711076 0.251711 0.656515
vn 0.732011 0.083188 0.676195
vn 0.904925 0.083683 0.417263
vn 0.961164 0.251702 0.113177
vn 0.989631 0.084022 0.116494
vn 0.000003 1.000000 -0.000007
vn 0.000003 1.000000 -0.000007
vn 0.000012 1.000000 0.000006
vn 0.000012 1.000000 0.000006
vn 0.000003 1.000000 0.000003
vn 0.000003 1.000000 0.000003
vn -0.000016 1.000000 -0.000001
vn -0.000016 1.000000 -0.000001
vn -0.000001 1.000000 -0.000008
vn -0.000001 1.000000 -0.000008
vn 0.000007 1.000000 -0.000006
vn 0.000007 1.000000 -0.000006
vn 0.000005 1.000000 -0.000003
vn 0.000005 1.000000 -0.000003
vn -0.000002 1.000000 0.000001
vn -0.000002 1.000000 0.000001
vn -0.000001 1.000000 0.000003
vn -0.000001 1.000000 0.000003
vn -0.000000 1.000000 -0.000005
vn -0.000000 1.000000 -0.000005
vn -0.000002 1.000000 -0.000005
vn -0.000002 1.000000 -0.000005
vn 0.000004 1.000000 0.000006
vn 0.000004 1.000000 0.000006
vn 0.000010 1.000000 0.000004
vn 0.000010 1.000000 0.000004
vn -0.000009 1.000000 -0.000002
vn -0.000009 1.000000 -0.000002
vn -0.000012 1.000000 -0.000014
vn -0.000012 1.000000 -0.000014
vn 0.000003 1.000000 -0.000011
vn 0.000003 1.000000 -0.000011
vn 0.000002 1.000000 -0.000002
vn 0.000002 1.000000 -0.000002
vn -0.000001 1.000000 0.000003
vn -0.000001 1.000000 0.000003
vn 0.000000 1.000000 -0.000001
vn 0.000000 1.000000 -0.000001
vn -0.980668 0.000009 0.195680
vn -0.872206 0.000012 0.489138
vn -0.678354 0.000003 0.734735
vn -0.418112 0.000000 0.908395
vn -0.116937 0.000000 0.993139
vn 0.195684 0.000000 0.980667
vn 0.489146 0.000000 0.872202
vn 0.734734 0.000000 0.678356
vn 0.908395 0.000000 0.418114
vn 0.993139 0.000000 0.116938
vn 0.980667 0.000000 -0.195684
vn 0.872201 -0.000001 -0.489148
vn 0.678353 0.000003 -0.734736
vn 0.418112 0.000005 -0.908396
vn 0.116936 0.000000 -0.993140
vn -0.195680 0.000000 -0.980668
vn -0.489145 0.000000 -0.872202
vn -0.734731 0.000000 -0.678358
vn -0.908396 0.000000 -0.418112
vn -0.993139 0.000000 -0.116937
vn 0.572367 0.792240 -0.211548
vn 0.572367 0.792240 -0.211548
vn 0.478985 0.792241 -0.378058
vn 0.478985 0.792241 -0.378058
vn 0.338715 0.792232 -0.507584
vn 0.338715 0.792232 -0.507584
vn 0.165269 0.792232 -0.587413
vn 0.165269 0.792232 -0.587413
vn -0.024326 0.792231 -0.609736
vn -0.024326 0.792231 -0.609736
vn -0.211543 0.792239 -0.572370
vn -0.211543 0.792239 -0.572370
vn -0.378061 0.792242 -0.478980
vn -0.378061 0.792242 -0.478980
vn -0.507582 0.792236 -0.338707
vn -0.507582 0.792236 -0.338707
vn -0.587401 0.792238 -0.165283
vn -0.587401 0.792238 -0.165283
vn -0.609730 0.792236 0.024324
vn -0.609730 0.792236 0.024324
vn -0.572379 0.792232 0.211545
vn -0.572379 0.792232 0.211545
vn -0.478977 0.792237 0.378077
vn -0.478977 0.792237 0.378077
vn -0.338700 0.792238 0.507583
vn -0.338700 0.792238 0.507583
vn -0.165295 0.792225 0.587415
vn -0.165295 0.792225 0.587415
vn 0.024317 0.792229 0.609740
vn 0.024317 0.792229 0.609740
vn 0.211556 0.792235 0.572370
vn 0.211556 0.792235 0.572370
vn 0.507579 0.792237 0.338709
vn 0.507579 0.792237 0.338709
vn 0.587407 0.792234 0.165284
vn 0.587407 0.792234 0.165284
vn 0.609733 0.792234 -0.024326
vn 0.609733 0.792234 -0.024326
vn 0.572372 0.792235 -0.211551
vn 0.572372 0.792235 -0.211551
vn 0.478991 0.792234 -0.378064
vn 0.478991 0.792234 -0.378064
vn 0.338723 0.792220 -0.507597
vn 0.338723 0.792220 -0.507597
vn 0.165272 0.792228 -0.587418
vn 0.165272 0.792228 -0.587418
vn -0.024328 0.792234 -0.609732
vn -0.024328 0.792234 -0.609733
vn -0.211541 0.792238 -0.572371
vn -0.211541 0.792238 -0.572371
vn -0.378067 0.792236 -0.478985
vn -0.378067 0.792236 -0.478985
vn -0.507578 0.792240 -0.338704
vn -0.507578 0.792240 -0.338704
vn -0.587398 0.792241 -0.165283
vn -0.587398 0.792241 -0.165283
vn -0.609723 0.792241 0.024325
vn -0.609723 0.792241 0.024325
vn -0.572389 0.792223 0.211550
vn -0.572389 0.792223 0.211549
vn -0.478991 0.792224 0.378086
vn -0.478991 0.792224 0.378086
vn -0.338693 0.792247 0.507575
vn -0.338693 0.792247 0.507575
vn -0.165287 0.792238 0.587400
vn -0.165287 0.792238 0.587400
vn 0.024315 0.792236 0.609730
vn 0.024315 0.792236 0.609730
vn 0.211555 0.792239 0.572365
vn 0.211555 0.792239 0.572365
vn 0.507585 0.792232 0.338712
vn 0.507585 0.792232 0.338712
vn 0.587403 0.792237 0.165283
vn 0.587403 0.792237 0.165283
vn 0.609731 0.792235 -0.024325
vn 0.609731 0.792235 -0.024325
vn 0.619570 0.000000 0.784941
vn 0.000002 1.000000 -0.000001
vn 0.000004 1.000000 -0.000005
vn 0.000004 1.000000 -0.000006
vn 0.619596 0.000000 0.784921
vn 0.619616 0.000000 0.784906
vn 0.000006 1.000000 -0.000007
vn 0.000006 1.000000 -0.000005
vn 0.000006 1.000000 -0.000005
vn 0.000006 1.000000 -0.000007
vn 0.000007 1.000000 0.000000
vn 0.000007 1.000000 0.000000
vn 0.378073 0.792236 0.478981
vn 0.378074 0.792237 0.478979
vn 0.378074 0.792237 0.478979
vn 0.378073 0.792236 0.478980
vn 0.378078 0.792233 0.478982
vn 0.378078 0.792233 0.478982
vn 0.379784 0.789555 0.482044
vn 0.379784 0.789555 0.482044
vn 0.993146 0.000000 0.116882
vn 0.980385 0.000000 -0.197091
vn 0.907783 0.000000 0.419441
vn 0.738568 -0.000002 0.674179
vn 0.619574 -0.000005 0.784938
vn 0.484791 -0.000002 0.874630
vn 0.619574 -0.000005 0.784938
vn 0.195684 0.000000 0.980667
vn -0.116942 0.000000 0.993139
vn -0.418109 0.000000 0.908397
vn -0.678354 0.000010 0.734736
vn -0.872202 0.000022 0.489146
vn -0.980668 0.000011 0.195676
vn -0.993166 0.000000 -0.116707
vn -0.908253 0.000000 -0.418422
vn -0.734518 0.000000 -0.678589
vn -0.489443 0.000000 -0.872036
vn -0.195716 0.000000 -0.980661
vn 0.116941 0.000000 -0.993139
vn 0.418064 0.000000 -0.908418
vn 0.678356 0.000000 -0.734733
vn 0.872201 0.000000 -0.489147
vn 0.619602 0.000000 0.784916
vn 0.619625 0.000000 0.784898
vn 0.619600 0.000000 0.784918
vn 0.413108 0.000000 0.910682
vn 0.195684 0.000000 0.980667
vn -0.116942 0.000000 0.993139
vn -0.418109 0.000000 0.908397
vn -0.678351 0.000000 0.734738
vn -0.872200 0.000000 0.489149
vn -0.980669 0.000000 0.195673
vn -0.993146 0.000000 -0.116884
vn -0.908396 0.000000 -0.418112
vn -0.734691 0.000000 -0.678402
vn -0.489146 0.000000 -0.872202
vn -0.195161 0.000000 -0.980771
vn 0.116941 0.000000 -0.993139
vn 0.417622 0.000000 -0.908621
vn 0.678356 0.000000 -0.734733
vn 0.872201 0.000002 -0.489147
vn 0.980884 0.000006 -0.194595
vn 0.993134 0.000004 0.116980
vn 0.908837 0.000000 0.417151
vn 0.797849 0.000000 0.602858
vn 0.619595 0.000000 0.784922
vn -0.000003 1.000000 -0.000001
vn 0.000001 1.000000 0.000004
vn 0.000001 1.000000 0.000004
vn -0.000003 1.000000 -0.000001
vn 0.000004 1.000000 0.000010
vn 0.000004 1.000000 0.000010
vn -0.000010 1.000000 0.000002
vn -0.000010 1.000000 0.000002
vn -0.000012 1.000000 -0.000001
vn -0.000012 1.000000 -0.000001
vn 0.000005 1.000000 -0.000001
vn 0.000005 1.000000 -0.000001
vn 0.000010 1.000000 -0.000003
vn 0.000010 1.000000 -0.000003
vn 0.000004 1.000000 0.000002
vn 0.000004 1.000000 0.000002
vn 0.000002 1.000000 0.000006
vn 0.000002 1.000000 0.000006
vn 0.000003 1.000000 -0.000002
vn 0.000003 1.000000 -0.000002
vn 0.000002 1.000000 -0.000007
vn 0.000002 1.000000 -0.000007
vn 0.000004 1.000000 -0.000001
vn 0.000004 1.000000 -0.000001
vn 0.000011 1.000000 0.000005
vn 0.000011 1.000000 0.000005
vn 0.000003 1.000000 -0.000000
vn 0.000003 1.000000 0.000000
vn -0.000013 1.000000 -0.000005
vn -0.000013 1.000000 -0.000005
vn -0.000004 1.000000 -0.000005
vn -0.000004 1.000000 -0.000005
vn 0.000007 1.000000 -0.000008
vn 0.000007 1.000000 -0.000008
vn 0.000002 1.000000 -0.000005
vn 0.000002 1.000000 -0.000005
vn -0.000002 1.000000 -0.000001
vn -0.000002 1.000000 -0.000001
vn -0.000002 1.000000 0.000000
vn -0.000002 1.000000 0.000000
vn -0.980668 0.000006 0.195678
vn -0.872202 0.000003 0.489146
vn -0.872202 0.000010 0.489146
vn -0.980668 0.000006 0.195678
vn -0.678356 -0.000004 0.734734
vn -0.678356 0.000002 0.734734
vn -0.418109 -0.000002 0.908397
vn -0.418108 -0.000018 0.908397
vn -0.116926 0.000006 0.993141
vn -0.116923 -0.000004 0.993141
vn 0.195687 0.000007 0.980667
vn 0.195686 0.000000 0.980667
vn 0.489139 0.000003 0.872206
vn 0.489142 -0.000007 0.872204
vn 0.734731 0.000001 0.678359
vn 0.734730 -0.000013 0.678360
vn 0.908398 -0.000000 0.418106
vn 0.908398 -0.000007 0.418107
vn 0.993139 -0.000004 0.116940
vn 0.993139 -0.000003 0.116943
vn 0.980668 -0.000007 -0.195679
vn 0.980668 -0.000006 -0.195680
vn 0.872202 -0.000005 -0.489147
vn 0.872201 -0.000018 -0.489147
vn 0.678358 0.000004 -0.734731
vn 0.678357 -0.000002 -0.734732
vn 0.418104 0.000007 -0.908399
vn 0.418105 0.000003 -0.908399
vn 0.116942 0.000005 -0.993139
vn 0.116944 -0.000001 -0.993139
vn -0.195675 0.000002 -0.980669
vn -0.195674 -0.000009 -0.980669
vn -0.489143 0.000003 -0.872203
vn -0.489146 -0.000000 -0.872202
vn -0.734737 0.000007 -0.678352
vn -0.734734 0.000007 -0.678355
vn -0.908397 0.000005 -0.418109
vn -0.908397 0.000003 -0.418109
vn -0.993140 0.000003 -0.116936
vn -0.993139 -0.000002 -0.116937
vn 0.160867 -0.498925 0.851584
vn -0.134812 -0.732197 0.667617
vn -0.384815 -0.637693 0.667282
vn -0.537956 -0.458058 0.707663
vn -0.758237 0.486073 0.434522
vn -0.976035 0.041820 0.213557
vn -0.923503 -0.380637 -0.047528
vn -0.894072 -0.154849 -0.420305
vn -0.742220 -0.052888 -0.668066
vn -0.290148 -0.642765 -0.708990
vn -0.171144 -0.683993 -0.709129
vn -0.000029 -0.642705 -0.766114
vn 0.320791 -0.343255 -0.882762
vn 0.492418 -0.768832 -0.407948
vn 0.581043 -0.740586 -0.337523
vn 0.811819 -0.529309 -0.246540
vn 0.976134 0.204531 0.073000
vn 0.712798 -0.600907 0.361705
vn 0.488412 -0.766133 0.417725
vn 0.370657 -0.627463 0.684765
vn -0.581225 0.784874 0.214823
vn -0.581225 0.784874 0.214823
vn -0.581255 0.784850 0.214833
vn -0.581255 0.784850 0.214833
vn -0.619167 0.784871 0.024699
vn -0.619167 0.784871 0.024699
vn -0.619166 0.784871 0.024700
vn -0.619166 0.784871 0.024700
vn -0.596487 0.784878 -0.167839
vn -0.596487 0.784878 -0.167839
vn -0.596475 0.784888 -0.167834
vn -0.596475 0.784888 -0.167834
vn -0.515420 0.784888 -0.343937
vn -0.515420 0.784888 -0.343937
vn -0.515435 0.784877 -0.343941
vn -0.515435 0.784877 -0.343941
vn -0.383893 0.784905 -0.486364
vn -0.383893 0.784905 -0.486364
vn -0.383888 0.784915 -0.486352
vn -0.383888 0.784915 -0.486352
vn -0.214816 0.784890 -0.581208
vn -0.214816 0.784890 -0.581208
vn -0.214825 0.784871 -0.581230
vn -0.214825 0.784871 -0.581230
vn -0.024703 0.784888 -0.619145
vn -0.024703 0.784888 -0.619145
vn -0.024705 0.784858 -0.619184
vn -0.024705 0.784858 -0.619184
vn 0.167835 0.784887 -0.596476
vn 0.167835 0.784887 -0.596476
vn 0.167833 0.784894 -0.596467
vn 0.167833 0.784894 -0.596467
vn 0.343944 0.784886 -0.515420
vn 0.343944 0.784886 -0.515420
vn 0.343947 0.784877 -0.515430
vn 0.343947 0.784877 -0.515430
vn 0.486383 0.784884 -0.383913
vn 0.486383 0.784884 -0.383913
vn 0.486398 0.784868 -0.383926
vn 0.486398 0.784868 -0.383926
vn 0.581212 0.784887 -0.214816
vn 0.581212 0.784887 -0.214816
vn 0.581218 0.784882 -0.214818
vn 0.581218 0.784882 -0.214818
vn 0.619141 0.784891 -0.024702
vn 0.619141 0.784891 -0.024702
vn 0.619129 0.784901 -0.024702
vn 0.619129 0.784901 -0.024702
vn 0.596475 0.784888 0.167834
vn 0.596475 0.784888 0.167834
vn 0.596480 0.784884 0.167836
vn 0.596480 0.784884 0.167836
vn 0.515425 0.784878 0.343953
vn 0.515425 0.784878 0.343953
vn 0.515439 0.784864 0.343963
vn 0.515439 0.784864 0.343963
vn 0.383923 0.784873 0.486393
vn 0.383923 0.784873 0.486393
vn 0.383927 0.784872 0.486391
vn 0.383927 0.784872 0.486391
vn 0.214832 0.784867 0.581232
vn 0.214832 0.784867 0.581232
vn 0.214841 0.784840 0.581266
vn 0.214841 0.784840 0.581266
vn 0.024702 0.784847 0.619197
vn 0.024702 0.784847 0.619197
vn 0.024703 0.784826 0.619224
vn 0.024703 0.784826 0.619224
vn -0.167847 0.784866 0.596501
vn -0.167847 0.784866 0.596501
vn -0.167846 0.784863 0.596505
vn -0.167846 0.784863 0.596505
vn -0.343930 0.784904 0.515400
vn -0.343930 0.784904 0.515400
vn -0.343935 0.784893 0.515414
vn -0.343935 0.784893 0.515414
vn -0.486373 0.784893 0.383907
vn -0.486373 0.784893 0.383907
vn -0.486385 0.784883 0.383913
vn -0.486385 0.784882 0.383913
vn -0.581191 0.784904 0.214809
vn -0.581191 0.784904 0.214809
vn -0.581219 0.784880 0.214822
vn -0.581219 0.784880 0.214822
vn -0.619111 0.784915 0.024699
vn -0.619111 0.784915 0.024699
vn -0.619151 0.784884 0.024700
vn -0.619151 0.784884 0.024700
vn -0.596502 0.784866 -0.167841
vn -0.596502 0.784866 -0.167841
vn -0.596505 0.784863 -0.167843
vn -0.596505 0.784863 -0.167843
vn -0.515417 0.784890 -0.343939
vn -0.515417 0.784890 -0.343939
vn -0.515439 0.784869 -0.343952
vn -0.515439 0.784869 -0.343952
vn -0.383857 0.784942 -0.486333
vn -0.383857 0.784942 -0.486333
vn -0.383888 0.784907 -0.486366
vn -0.383887 0.784907 -0.486366
vn -0.214792 0.784940 -0.581149
vn -0.214792 0.784940 -0.581149
vn -0.214799 0.784919 -0.581174
vn -0.214799 0.784919 -0.581174
vn -0.024712 0.784914 -0.619112
vn -0.024712 0.784914 -0.619112
vn -0.024711 0.784905 -0.619123
vn -0.024711 0.784905 -0.619123
vn 0.167829 0.784880 -0.596487
vn 0.167829 0.784880 -0.596487
vn 0.167836 0.784870 -0.596499
vn 0.167836 0.784870 -0.596499
vn 0.343954 0.784881 -0.515420
vn 0.343954 0.784881 -0.515420
vn 0.343955 0.784877 -0.515425
vn 0.343955 0.784877 -0.515425
vn 0.486346 0.784922 -0.383882
vn 0.486346 0.784922 -0.383882
vn 0.486366 0.784904 -0.383893
vn 0.486366 0.784904 -0.383893
vn 0.581135 0.784950 -0.214792
vn 0.581135 0.784950 -0.214792
vn 0.581189 0.784904 -0.214813
vn 0.581189 0.784904 -0.214813
vn 0.619064 0.784952 -0.024702
vn 0.619064 0.784952 -0.024702
vn 0.619113 0.784913 -0.024704
vn 0.619113 0.784913 -0.024704
vn 0.596415 0.784937 0.167822
vn 0.596414 0.784937 0.167822
vn 0.596444 0.784913 0.167830
vn 0.596444 0.784913 0.167830
vn 0.515375 0.784925 0.343921
vn 0.515375 0.784925 0.343921
vn 0.515404 0.784898 0.343939
vn 0.515404 0.784898 0.343939
vn 0.383916 0.784881 0.486386
vn 0.383916 0.784881 0.486386
vn 0.383907 0.784891 0.486376
vn 0.383907 0.784891 0.486376
vn 0.214828 0.784884 0.581211
vn 0.214828 0.784884 0.581211
vn 0.214822 0.784900 0.581192
vn 0.214822 0.784900 0.581192
vn 0.024702 0.784889 0.619144
vn 0.024702 0.784889 0.619143
vn 0.024701 0.784874 0.619162
vn 0.024701 0.784874 0.619162
vn -0.167847 0.784887 0.596472
vn -0.167847 0.784887 0.596472
vn -0.167847 0.784887 0.596473
vn -0.167847 0.784887 0.596473
vn -0.343917 0.784923 0.515381
vn -0.343917 0.784923 0.515381
vn -0.343918 0.784920 0.515384
vn -0.343918 0.784920 0.515384
vn -0.486361 0.784900 0.383909
vn -0.486361 0.784900 0.383909
vn -0.486367 0.784896 0.383908
vn -0.486367 0.784896 0.383908
vn -0.581207 0.784890 0.214818
vn -0.581207 0.784889 0.214818
vn -0.619140 0.784892 0.024699
vn -0.619140 0.784892 0.024699
vn -0.596476 0.784887 -0.167835
vn -0.596476 0.784887 -0.167835
vn -0.515441 0.784867 -0.343954
vn -0.515441 0.784867 -0.343954
vn -0.383915 0.784877 -0.486393
vn -0.383915 0.784877 -0.486393
vn -0.214804 0.784906 -0.581190
vn -0.214804 0.784906 -0.581190
vn -0.024708 0.784900 -0.619130
vn -0.024708 0.784900 -0.619130
vn 0.167836 0.784880 -0.596485
vn 0.167836 0.784880 -0.596485
vn 0.343946 0.784884 -0.515420
vn 0.343946 0.784884 -0.515420
vn 0.486367 0.784904 -0.383891
vn 0.486367 0.784904 -0.383891
vn 0.581203 0.784893 -0.214817
vn 0.581203 0.784893 -0.214817
vn 0.619164 0.784873 -0.024706
vn 0.619164 0.784873 -0.024706
vn 0.596486 0.784878 0.167840
vn 0.596486 0.784879 0.167840
vn 0.515409 0.784894 0.343940
vn 0.515409 0.784894 0.343940
vn 0.383900 0.784903 0.486362
vn 0.383900 0.784903 0.486362
vn 0.214820 0.784894 0.581201
vn 0.214820 0.784894 0.581201
vn 0.024700 0.784888 0.619145
vn 0.024700 0.784888 0.619145
vn -0.167837 0.784911 0.596445
vn -0.167837 0.784911 0.596445
vn -0.343929 0.784905 0.515400
vn -0.343929 0.784905 0.515400
vn -0.486365 0.784901 0.383900
vn -0.486365 0.784902 0.383900
vn -0.581184 0.784909 0.214809
vn -0.581184 0.784909 0.214809
vn -0.619139 0.784893 0.024698
vn -0.619139 0.784893 0.024698
vn -0.596477 0.784886 -0.167836
vn -0.596477 0.784886 -0.167836
vn -0.515413 0.784892 -0.343939
vn -0.515413 0.784892 -0.343939
vn -0.383907 0.784886 -0.486385
vn -0.383907 0.784886 -0.486385
vn -0.214805 0.784911 -0.581183
vn -0.214805 0.784911 -0.581183
vn -0.024703 0.784915 -0.619111
vn -0.024703 0.784915 -0.619111
vn 0.167835 0.784886 -0.596477
vn 0.167835 0.784886 -0.596477
vn 0.343939 0.784894 -0.515409
vn 0.343939 0.784895 -0.515409
vn 0.486360 0.784909 -0.383891
vn 0.486360 0.784909 -0.383891
vn 0.581191 0.784904 -0.214810
vn 0.581191 0.784904 -0.214810
vn 0.619162 0.784874 -0.024704
vn 0.619162 0.784874 -0.024704
vn 0.596484 0.784881 0.167836
vn 0.596484 0.784881 0.167836
vn 0.515401 0.784901 0.343935
vn 0.515401 0.784901 0.343935
vn 0.383910 0.784888 0.486378
vn 0.383910 0.784888 0.486378
vn 0.214821 0.784890 0.581206
vn 0.214821 0.784890 0.581206
vn 0.024701 0.784890 0.619143
vn 0.024701 0.784890 0.619143
vn -0.167839 0.784897 0.596461
vn -0.167839 0.784897 0.596461
vn -0.343931 0.784907 0.515396
vn -0.343931 0.784907 0.515396
vn -0.486358 0.784907 0.383897
vn -0.486358 0.784907 0.383897
vn 0.162022 -0.978465 -0.127886
vn 0.162022 -0.978465 -0.127886
vn 0.162020 -0.978466 -0.127885
vn 0.162020 -0.978466 -0.127885
vn 0.114573 -0.978465 -0.171694
vn 0.114573 -0.978465 -0.171694
vn 0.114572 -0.978466 -0.171691
vn 0.114572 -0.978466 -0.171691
vn 0.055908 -0.978466 -0.198695
vn 0.055908 -0.978465 -0.198695
vn 0.055908 -0.978466 -0.198693
vn 0.055908 -0.978466 -0.198693
vn -0.008229 -0.978465 -0.206248
vn -0.008229 -0.978465 -0.206248
vn -0.008229 -0.978466 -0.206246
vn -0.008229 -0.978466 -0.206246
vn -0.071558 -0.978465 -0.193611
vn -0.071558 -0.978465 -0.193611
vn -0.071558 -0.978465 -0.193611
vn -0.071558 -0.978465 -0.193611
vn -0.127889 -0.978465 -0.162018
vn -0.127889 -0.978465 -0.162018
vn -0.127888 -0.978466 -0.162018
vn -0.127888 -0.978466 -0.162018
vn -0.171693 -0.978465 -0.114575
vn -0.171693 -0.978465 -0.114575
vn -0.171692 -0.978465 -0.114575
vn -0.171692 -0.978465 -0.114575
vn -0.198695 -0.978465 -0.055909
vn -0.198695 -0.978465 -0.055909
vn -0.198693 -0.978466 -0.055908
vn -0.198693 -0.978466 -0.055908
vn -0.206248 -0.978465 0.008231
vn -0.206248 -0.978465 0.008231
vn -0.206246 -0.978465 0.008231
vn -0.206247 -0.978465 0.008231
vn -0.193612 -0.978465 0.071560
vn -0.193612 -0.978465 0.071560
vn -0.193610 -0.978465 0.071559
vn -0.193610 -0.978465 0.071559
vn -0.162023 -0.978465 0.127884
vn -0.162023 -0.978465 0.127884
vn -0.162022 -0.978466 0.127882
vn -0.162022 -0.978466 0.127882
vn -0.114572 -0.978465 0.171693
vn -0.114572 -0.978466 0.171693
vn -0.114571 -0.978466 0.171693
vn -0.114571 -0.978466 0.171693
vn -0.055909 -0.978465 0.198695
vn -0.055909 -0.978465 0.198695
vn -0.055908 -0.978466 0.198693
vn -0.055908 -0.978466 0.198693
vn 0.008232 -0.978465 0.206247
vn 0.008232 -0.978465 0.206247
vn 0.008232 -0.978466 0.206244
vn 0.008232 -0.978466 0.206244
vn 0.071559 -0.978465 0.193612
vn 0.071559 -0.978465 0.193612
vn 0.071558 -0.978465 0.193610
vn 0.071558 -0.978465 0.193610
vn 0.127885 -0.978465 0.162025
vn 0.127884 -0.978465 0.162025
vn 0.127883 -0.978465 0.162025
vn 0.127883 -0.978465 0.162025
vn 0.171694 -0.978465 0.114573
vn 0.171694 -0.978465 0.114573
vn 0.171693 -0.978465 0.114573
vn 0.171693 -0.978465 0.114573
vn 0.198695 -0.978465 0.055909
vn 0.198695 -0.978465 0.055909
vn 0.198694 -0.978466 0.055909
vn 0.198694 -0.978466 0.055909
vn 0.206248 -0.978465 -0.008229
vn 0.206248 -0.978465 -0.008229
vn 0.206246 -0.978466 -0.008229
vn 0.206246 -0.978466 -0.008229
vn 0.193610 -0.978465 -0.071559
vn 0.193610 -0.978465 -0.071559
vn 0.193610 -0.978466 -0.071558
vn 0.193610 -0.978466 -0.071558
vn 0.162024 -0.978464 -0.127889
vn 0.162024 -0.978464 -0.127889
vn 0.162022 -0.978465 -0.127887
vn 0.162022 -0.978465 -0.127887
vn 0.114575 -0.978465 -0.171695
vn 0.114575 -0.978465 -0.171695
vn 0.114573 -0.978465 -0.171695
vn 0.114573 -0.978465 -0.171695
vn 0.055910 -0.978465 -0.198699
vn 0.055910 -0.978465 -0.198699
vn 0.055910 -0.978464 -0.198699
vn 0.055910 -0.978464 -0.198699
vn -0.008230 -0.978464 -0.206251
vn -0.008230 -0.978464 -0.206251
vn -0.008229 -0.978465 -0.206249
vn -0.008229 -0.978465 -0.206249
vn -0.071559 -0.978465 -0.193614
vn -0.071559 -0.978465 -0.193614
vn -0.071559 -0.978465 -0.193613
vn -0.071559 -0.978465 -0.193613
vn -0.127892 -0.978464 -0.162022
vn -0.127892 -0.978464 -0.162022
vn -0.127891 -0.978465 -0.162021
vn -0.127891 -0.978465 -0.162021
vn -0.171695 -0.978465 -0.114575
vn -0.171695 -0.978465 -0.114575
vn -0.171696 -0.978465 -0.114575
vn -0.171696 -0.978465 -0.114575
vn -0.198701 -0.978464 -0.055908
vn -0.198701 -0.978464 -0.055908
vn -0.198698 -0.978465 -0.055908
vn -0.198698 -0.978465 -0.055908
vn -0.206253 -0.978464 0.008229
vn -0.206253 -0.978464 0.008229
vn -0.206249 -0.978465 0.008230
vn -0.206249 -0.978465 0.008230
vn -0.193613 -0.978465 0.071562
vn -0.193613 -0.978465 0.071562
vn -0.193612 -0.978465 0.071561
vn -0.193612 -0.978465 0.071561
vn -0.162025 -0.978465 0.127886
vn -0.162025 -0.978465 0.127886
vn -0.162024 -0.978465 0.127885
vn -0.162024 -0.978465 0.127885
vn -0.114575 -0.978465 0.171695
vn -0.114575 -0.978465 0.171695
vn -0.114574 -0.978465 0.171696
vn -0.114574 -0.978465 0.171696
vn -0.055910 -0.978465 0.198697
vn -0.055910 -0.978465 0.198697
vn -0.055910 -0.978465 0.198698
vn -0.055910 -0.978465 0.198698
vn 0.008232 -0.978465 0.206249
vn 0.008232 -0.978465 0.206250
vn 0.008231 -0.978465 0.206250
vn 0.008231 -0.978465 0.206250
vn 0.071561 -0.978465 0.193614
vn 0.071561 -0.978464 0.193614
vn 0.071562 -0.978465 0.193613
vn 0.071562 -0.978465 0.193613
vn 0.127888 -0.978464 0.162028
vn 0.127888 -0.978464 0.162028
vn 0.127886 -0.978465 0.162024
vn 0.127886 -0.978465 0.162024
vn 0.171698 -0.978464 0.114576
vn 0.171698 -0.978464 0.114576
vn 0.171695 -0.978465 0.114574
vn 0.171695 -0.978465 0.114574
vn 0.198698 -0.978465 0.055911
vn 0.198698 -0.978465 0.055911
vn 0.198696 -0.978465 0.055911
vn 0.198696 -0.978465 0.055911
vn 0.206250 -0.978465 -0.008228
vn 0.206250 -0.978465 -0.008228
vn 0.206249 -0.978465 -0.008229
vn 0.206248 -0.978465 -0.008229
vn 0.193614 -0.978464 -0.071562
vn 0.193614 -0.978464 -0.071562
vn 0.193611 -0.978465 -0.071560
vn 0.193611 -0.978465 -0.071560
vn 0.162020 -0.978466 -0.127884
vn 0.162020 -0.978466 -0.127884
vn 0.114570 -0.978466 -0.171693
vn 0.114570 -0.978466 -0.171693
vn 0.055909 -0.978465 -0.198695
vn 0.055909 -0.978465 -0.198695
vn -0.008229 -0.978465 -0.206246
vn -0.008229 -0.978466 -0.206246
vn -0.071558 -0.978465 -0.193611
vn -0.071558 -0.978465 -0.193611
vn -0.127889 -0.978465 -0.162019
vn -0.127889 -0.978465 -0.162019
vn -0.171693 -0.978465 -0.114574
vn -0.171693 -0.978465 -0.114574
vn -0.198695 -0.978465 -0.055909
vn -0.198695 -0.978465 -0.055909
vn -0.206248 -0.978465 0.008231
vn -0.206248 -0.978465 0.008231
vn -0.193611 -0.978465 0.071560
vn -0.193611 -0.978465 0.071560
vn -0.162023 -0.978465 0.127884
vn -0.162023 -0.978465 0.127884
vn -0.114573 -0.978465 0.171695
vn -0.114573 -0.978465 0.171695
vn -0.055909 -0.978465 0.198695
vn -0.055909 -0.978465 0.198695
vn 0.008231 -0.978465 0.206248
vn 0.008231 -0.978465 0.206248
vn 0.071560 -0.978465 0.193611
vn 0.071560 -0.978465 0.193611
vn 0.127884 -0.978465 0.162022
vn 0.127884 -0.978465 0.162022
vn 0.171694 -0.978465 0.114573
vn 0.171694 -0.978465 0.114573
vn 0.198695 -0.978465 0.055911
vn 0.198695 -0.978465 0.055911
vn 0.206247 -0.978465 -0.008229
vn 0.206247 -0.978465 -0.008229
vn 0.193610 -0.978465 -0.071560
vn 0.193610 -0.978465 -0.071560
vn 0.162023 -0.978465 -0.127886
vn 0.162023 -0.978465 -0.127886
vn 0.114572 -0.978465 -0.171696
vn 0.114572 -0.978465 -0.171696
vn 0.055909 -0.978465 -0.198695
vn 0.055909 -0.978465 -0.198695
vn -0.008229 -0.978465 -0.206247
vn -0.008229 -0.978465 -0.206247
vn -0.071558 -0.978465 -0.193611
vn -0.071558 -0.978465 -0.193611
vn -0.127889 -0.978465 -0.162018
vn -0.127889 -0.978465 -0.162018
vn -0.171692 -0.978465 -0.114575
vn -0.171692 -0.978465 -0.114575
vn -0.198697 -0.978465 -0.055909
vn -0.198697 -0.978465 -0.055909
vn -0.206250 -0.978465 0.008231
vn -0.206250 -0.978465 0.008231
vn -0.193613 -0.978465 0.071560
vn -0.193613 -0.978465 0.071560
vn -0.162024 -0.978465 0.127885
vn -0.162024 -0.978465 0.127885
vn -0.114573 -0.978465 0.171694
vn -0.114573 -0.978465 0.171694
vn -0.055909 -0.978465 0.198696
vn -0.055909 -0.978465 0.198696
vn 0.008232 -0.978465 0.206249
vn 0.008232 -0.978465 0.206249
vn 0.071560 -0.978465 0.193613
vn 0.071560 -0.978465 0.193613
vn 0.127885 -0.978465 0.162024
vn 0.127885 -0.978465 0.162024
vn 0.171694 -0.978465 0.114573
vn 0.171694 -0.978465 0.114573
vn 0.198696 -0.978465 0.055910
vn 0.198696 -0.978465 0.055910
vn 0.206249 -0.978465 -0.008229
vn 0.206249 -0.978465 -0.008229
vn 0.193611 -0.978465 -0.071560
vn 0.193611 -0.978465 -0.071560
vn 0.845527 0.000000 -0.533933
vn 0.674495 0.000000 -0.738280
vn 0.674494 0.000000 -0.738280
vn 0.845526 0.000000 -0.533934
vn 0.415176 0.000000 -0.909741
vn 0.415176 0.000000 -0.909741
vn 0.116939 0.000000 -0.993139
vn 0.116939 0.000000 -0.993139
vn -0.192512 0.000000 -0.981295
vn -0.192513 0.000000 -0.981295
vn -0.484567 0.000000 -0.874754
vn -0.484566 0.000000 -0.874755
vn -0.731151 0.000000 -0.682215
vn -0.731151 0.000000 -0.682215
vn -0.907028 0.000000 -0.421070
vn -0.907028 0.000000 -0.421070
vn -0.993139 0.000000 -0.116936
vn -0.993140 0.000000 -0.116936
vn -0.980024 0.000000 0.198882
vn -0.980024 0.000000 0.198881
vn -0.869614 0.000000 0.493733
vn -0.869614 0.000000 0.493733
vn -0.674496 0.000000 0.738279
vn -0.674496 0.000000 0.738279
vn -0.415174 0.000000 0.909742
vn -0.415174 0.000000 0.909742
vn -0.116938 0.000000 0.993139
vn -0.116938 0.000000 0.993139
vn 0.192511 0.000000 0.981295
vn 0.192512 0.000000 0.981295
vn 0.484569 0.000000 0.874753
vn 0.484568 0.000000 0.874754
vn 0.731150 0.000000 0.682217
vn 0.731149 0.000000 0.682217
vn 0.907027 0.000000 0.421073
vn 0.907027 0.000000 0.421072
vn 0.985401 0.000000 0.170249
vn 0.985401 0.000000 0.170249
vn 0.990139 0.000000 -0.140086
vn 0.990139 0.000000 -0.140086
vn 0.655348 0.544792 -0.523183
vn 0.655348 0.544792 -0.523183
vn 0.655318 0.544856 -0.523154
vn 0.655318 0.544856 -0.523154
vn 0.462795 0.543573 -0.700249
vn 0.462798 0.543548 -0.700266
vn 0.462798 0.543548 -0.700266
vn 0.462795 0.543573 -0.700249
vn 0.226116 0.542786 -0.808860
vn 0.226116 0.542786 -0.808860
vn 0.226113 0.542834 -0.808829
vn 0.226113 0.542834 -0.808829
vn -0.032055 0.542793 -0.839255
vn -0.032055 0.542793 -0.839255
vn -0.032057 0.542811 -0.839243
vn -0.032057 0.542811 -0.839243
vn -0.287490 0.543484 -0.788654
vn -0.287487 0.543550 -0.788610
vn -0.287487 0.543550 -0.788610
vn -0.287490 0.543484 -0.788654
vn -0.515913 0.544781 -0.661096
vn -0.515912 0.544781 -0.661096
vn -0.515953 0.544674 -0.661152
vn -0.515953 0.544674 -0.661152
vn -0.694758 0.546040 -0.468137
vn -0.694758 0.546040 -0.468137
vn -0.694788 0.545984 -0.468157
vn -0.694788 0.545984 -0.468157
vn -0.805569 0.546813 -0.228153
vn -0.805557 0.546829 -0.228157
vn -0.805557 0.546829 -0.228157
vn -0.805569 0.546813 -0.228153
vn -0.836550 0.546784 0.034811
vn -0.836520 0.546830 0.034810
vn -0.836520 0.546830 0.034810
vn -0.836550 0.546784 0.034811
vn -0.784487 0.546051 0.293954
vn -0.784487 0.546051 0.293954
vn -0.784518 0.546003 0.293959
vn -0.784518 0.546003 0.293959
vn -0.655347 0.544797 0.523180
vn -0.655380 0.544738 0.523199
vn -0.655380 0.544738 0.523199
vn -0.655346 0.544798 0.523179
vn -0.462794 0.543557 0.700263
vn -0.462794 0.543557 0.700263
vn -0.462817 0.543510 0.700283
vn -0.462817 0.543510 0.700283
vn -0.226111 0.542801 0.808851
vn -0.226111 0.542801 0.808851
vn -0.226122 0.542776 0.808866
vn -0.226122 0.542776 0.808866
vn 0.032056 0.542768 0.839271
vn 0.032056 0.542794 0.839254
vn 0.032056 0.542794 0.839254
vn 0.032056 0.542768 0.839271
vn 0.287487 0.543546 0.788612
vn 0.287487 0.543546 0.788612
vn 0.287494 0.543491 0.788647
vn 0.287494 0.543491 0.788647
vn 0.515911 0.544782 0.661096
vn 0.515911 0.544782 0.661096
vn 0.515929 0.544737 0.661119
vn 0.515929 0.544737 0.661119
vn 0.694764 0.546025 0.468145
vn 0.694765 0.546026 0.468142
vn 0.694765 0.546026 0.468142
vn 0.694764 0.546025 0.468145
vn 0.805570 0.546808 0.228162
vn 0.805570 0.546808 0.228162
vn 0.805577 0.546795 0.228170
vn 0.805577 0.546795 0.228170
vn 0.836532 0.546812 -0.034806
vn 0.830209 0.544707 -0.118522
vn 0.830199 0.544618 -0.119002
vn 0.836574 0.546747 -0.034807
vn 0.781508 0.000000 -0.623895
vn 0.781508 0.000000 -0.623895
vn 0.595822 0.469596 -0.651518
vn 0.746426 0.470235 -0.470879
vn 0.551359 0.000000 -0.834268
vn 0.551359 0.000000 -0.834268
vn 0.367012 0.468602 -0.803564
vn 0.269222 0.000000 -0.963078
vn 0.269222 0.000000 -0.963078
vn 0.103326 0.468225 -0.877547
vn -0.038166 0.000000 -0.999271
vn -0.038166 0.000000 -0.999271
vn -0.170330 0.468606 -0.866831
vn -0.342500 0.000000 -0.939518
vn -0.342500 0.000000 -0.939518
vn -0.428195 0.469605 -0.772088
vn -0.615224 0.000000 -0.788353
vn -0.615224 0.000000 -0.788353
vn -0.645336 0.470843 -0.601538
vn -0.829310 0.000000 -0.558789
vn -0.829310 0.000000 -0.558789
vn -0.799824 0.471845 -0.371003
vn -0.962152 0.000000 -0.272514
vn -0.962152 0.000000 -0.272514
vn -0.875428 0.472230 -0.103078
vn -0.999135 0.000000 0.041578
vn -0.999135 0.000000 0.041578
vn -0.864122 0.471847 0.175079
vn -0.936419 0.000000 0.350883
vn -0.936419 0.000000 0.350883
vn -0.767408 0.470842 0.435193
vn -0.781509 0.000000 0.623894
vn -0.595818 0.469603 0.651516
vn -0.781509 0.000000 0.623894
vn -0.551354 0.000000 0.834271
vn -0.551354 0.000000 0.834271
vn -0.367011 0.468604 0.803563
vn -0.269225 0.000000 0.963078
vn -0.269225 0.000000 0.963078
vn -0.103329 0.468222 0.877549
vn 0.038166 0.000000 0.999271
vn 0.038166 0.000000 0.999271
vn 0.170330 0.468599 0.866835
vn 0.342500 0.000000 0.939518
vn 0.342500 0.000000 0.939518
vn 0.428198 0.469598 0.772091
vn 0.615224 0.000000 0.788353
vn 0.615224 0.000000 0.788353
vn 0.645337 0.470836 0.601543
vn 0.829305 0.000000 0.558796
vn 0.829305 0.000000 0.558796
vn 0.799825 0.471844 0.371003
vn 0.962154 0.000000 0.272508
vn 0.962154 0.000000 0.272508
vn 0.868886 0.471700 0.150122
vn 0.999136 0.000000 -0.041569
vn 0.990139 0.000000 -0.140088
vn 0.876170 0.466177 -0.122494
vn 0.734133 0.495741 -0.463993
vn 0.585765 0.495067 -0.641707
vn 0.707965 0.196148 -0.678462
vn 0.827535 0.198613 -0.525108
vn 0.548298 0.105166 -0.829644
vn 0.360759 0.494043 -0.791059
vn 0.346167 0.196417 -0.917381
vn 0.101695 0.493655 -0.863691
vn 0.115986 0.223246 -0.967837
vn -0.167153 0.494046 -0.853216
vn -0.122024 0.198895 -0.972394
vn -0.340539 0.106855 -0.934139
vn -0.420692 0.495072 -0.760211
vn -0.528571 0.194663 -0.826268
vn -0.634476 0.496350 -0.592518
vn -0.711739 0.225138 -0.665387
vn -0.786774 0.497387 -0.365503
vn -0.859802 0.198084 -0.470641
vn -0.956359 0.109568 -0.270874
vn -0.861350 0.497785 -0.101419
vn -0.978656 0.199774 -0.048189
vn -0.850153 0.497386 0.172762
vn -0.957345 0.214777 0.193292
vn -0.754749 0.496349 0.428943
vn -0.883384 0.176568 0.434117
vn -0.585761 0.495072 0.641707
vn -0.615843 0.191672 0.764199
vn -0.773553 0.104114 0.625121
vn -0.360760 0.494045 0.791057
vn -0.403526 0.193415 0.894292
vn -0.101697 0.493656 0.863691
vn -0.176630 0.142774 0.973867
vn 0.026671 0.056089 0.998070
vn 0.167154 0.494044 0.853217
vn 0.247045 0.116751 0.961945
vn 0.420695 0.495069 0.760212
vn 0.475844 0.183758 0.860120
vn 0.634477 0.496345 0.592520
vn 0.671286 0.196060 0.714797
vn 0.824619 0.106172 0.555635
vn 0.786775 0.497387 0.365502
vn 0.915175 0.198896 0.350565
vn 0.854944 0.497245 0.147713
vn 0.965494 0.198399 0.168701
vn 0.876018 0.465734 -0.125236
vn 0.996593 0.055490 -0.061018
vn 0.977676 -0.095093 -0.187367
vn 0.951306 -0.018010 -0.307722
vn 0.933905 -0.091603 -0.345588
vn 0.976547 -0.095267 -0.193079
vn 0.835520 -0.034432 -0.548381
vn 0.718011 -0.010775 -0.695949
vn 0.723410 -0.135925 -0.676907
vn 0.835120 -0.146633 -0.530163
vn 0.551359 0.000002 -0.834268
vn 0.551359 0.000002 -0.834268
vn 0.358899 -0.010790 -0.933314
vn 0.117050 -0.040794 -0.992288
vn 0.117463 -0.176128 -0.977334
vn 0.338603 -0.136239 -0.931014
vn -0.128866 -0.010643 -0.991605
vn -0.110786 -0.136814 -0.984382
vn -0.342502 0.000003 -0.939517
vn -0.342502 0.000004 -0.939517
vn -0.537399 -0.010505 -0.843263
vn -0.730445 -0.039966 -0.681802
vn -0.718938 -0.176718 -0.672234
vn -0.543653 -0.133237 -0.828667
vn -0.877269 -0.010632 -0.479881
vn -0.863260 -0.135124 -0.486337
vn -0.962151 0.000004 -0.272515
vn -0.962151 0.000004 -0.272515
vn -0.967086 -0.163347 0.195098
vn -0.989984 -0.136484 -0.036118
vn -0.984523 -0.064823 -0.162825
vn -0.941433 -0.059939 0.331829
vn -0.902367 -0.008356 0.430888
vn -0.896956 -0.108778 0.428530
vn -0.776926 -0.000001 0.629592
vn -0.776926 0.000027 0.629591
vn -0.624880 -0.011664 0.780634
vn -0.613505 -0.127675 0.779302
vn -0.425668 -0.033822 0.904247
vn -0.405178 -0.138694 0.903656
vn -0.196290 -0.003794 0.980539
vn -0.187081 -0.070844 0.979787
vn 0.023999 0.049688 0.998477
vn 0.024007 0.049756 0.998473
vn 0.277567 0.002567 0.960703
vn 0.500637 -0.031382 0.865088
vn 0.478522 -0.128226 0.868663
vn 0.256293 -0.040980 0.965730
vn 0.688014 -0.010795 0.725617
vn 0.669783 -0.135473 0.730095
vn 0.829306 -0.000003 0.558796
vn 0.829305 -0.000003 0.558796
vn 0.931700 -0.010885 0.363065
vn 0.981338 -0.034138 0.189236
vn 0.974487 -0.145973 0.170491
vn 0.929289 -0.137737 0.342712
vn 0.996256 -0.017820 -0.084592
vn 0.995493 -0.083373 -0.045208
vn 0.845525 0.000000 -0.533936
vn 0.674492 0.000000 -0.738282
vn 0.674493 0.000000 -0.738281
vn 0.845526 0.000000 -0.533934
vn 0.415173 0.000000 -0.909742
vn 0.415174 0.000000 -0.909742
vn 0.116938 0.000000 -0.993139
vn 0.116938 0.000000 -0.993139
vn -0.192511 0.000000 -0.981295
vn -0.192511 0.000000 -0.981295
vn -0.484564 0.000000 -0.874756
vn -0.484565 0.000000 -0.874755
vn -0.731151 0.000000 -0.682216
vn -0.731151 0.000000 -0.682216
vn -0.907030 0.000000 -0.421067
vn -0.907029 0.000000 -0.421069
vn -0.993140 0.000000 -0.116934
vn -0.993140 0.000000 -0.116934
vn -0.980024 0.000000 0.198880
vn -0.980024 0.000000 0.198881
vn -0.869613 0.000000 0.493734
vn -0.869613 0.000000 0.493734
vn -0.674493 0.000000 0.738281
vn -0.674494 0.000000 0.738280
vn -0.415171 0.000000 0.909743
vn -0.415172 0.000000 0.909743
vn -0.116936 0.000000 0.993139
vn -0.116936 0.000000 0.993139
vn 0.192509 0.000000 0.981295
vn 0.192509 0.000000 0.981295
vn 0.484568 0.000000 0.874754
vn 0.484569 0.000000 0.874753
vn 0.731151 0.000000 0.682216
vn 0.731151 0.000000 0.682216
vn 0.907026 0.000000 0.421076
vn 0.907026 0.000000 0.421076
vn 0.985400 0.000000 0.170253
vn 0.985401 0.000000 0.170252
vn 0.990139 0.000000 -0.140087
vn 0.990139 0.000000 -0.140086
vn 0.655349 0.544791 -0.523182
vn 0.655349 0.544791 -0.523182
vn 0.462794 0.543549 -0.700269
vn 0.462794 0.543549 -0.700269
vn 0.226114 0.542791 -0.808858
vn 0.226114 0.542791 -0.808858
vn -0.032055 0.542803 -0.839248
vn -0.032055 0.542803 -0.839248
vn -0.287484 0.543564 -0.788601
vn -0.287484 0.543564 -0.788601
vn -0.515902 0.544809 -0.661081
vn -0.515902 0.544809 -0.661081
vn -0.694745 0.546064 -0.468128
vn -0.694745 0.546064 -0.468128
vn -0.805555 0.546832 -0.228156
vn -0.805555 0.546832 -0.228156
vn -0.836523 0.546825 0.034810
vn -0.836523 0.546825 0.034810
vn -0.784492 0.546042 0.293957
vn -0.784492 0.546042 0.293957
vn -0.655351 0.544788 0.523183
vn -0.655352 0.544788 0.523183
vn -0.462793 0.543561 0.700261
vn -0.462793 0.543561 0.700261
vn -0.226109 0.542794 0.808857
vn -0.226109 0.542794 0.808857
vn 0.032057 0.542800 0.839250
vn 0.032057 0.542800 0.839250
vn 0.287484 0.543566 0.788599
vn 0.287484 0.543567 0.788599
vn 0.515910 0.544786 0.661094
vn 0.515910 0.544786 0.661094
vn 0.694762 0.546034 0.468138
vn 0.694762 0.546034 0.468138
vn 0.805567 0.546813 0.228159
vn 0.805567 0.546813 0.228159
vn 0.836533 0.546810 -0.034806
vn 0.830462 0.544815 -0.116228
vn 0.655319 0.544865 -0.523144
vn 0.655319 0.544865 -0.523144
vn 0.462761 0.543582 -0.700265
vn 0.462761 0.543582 -0.700265
vn 0.226098 0.542880 -0.808802
vn 0.226098 0.542880 -0.808802
vn -0.032054 0.542895 -0.839189
vn -0.032054 0.542895 -0.839189
vn -0.287473 0.543584 -0.788591
vn -0.287473 0.543584 -0.788591
vn -0.515876 0.544876 -0.661046
vn -0.515876 0.544876 -0.661046
vn -0.694688 0.546167 -0.468091
vn -0.694688 0.546167 -0.468091
vn -0.805557 0.546837 -0.228142
vn -0.805556 0.546837 -0.228142
vn -0.836581 0.546736 0.034809
vn -0.836581 0.546736 0.034809
vn -0.784562 0.545926 0.293985
vn -0.784562 0.545926 0.293985
vn -0.655426 0.544655 0.523228
vn -0.655426 0.544655 0.523228
vn -0.462810 0.543534 0.700270
vn -0.462810 0.543534 0.700270
vn -0.226107 0.542716 0.808910
vn -0.226107 0.542716 0.808910
vn 0.032057 0.542813 0.839242
vn 0.032057 0.542813 0.839242
vn 0.287474 0.543641 0.788551
vn 0.287474 0.543641 0.788551
vn 0.515919 0.544764 0.661105
vn 0.515919 0.544764 0.661105
vn 0.694734 0.546088 0.468116
vn 0.694734 0.546088 0.468116
vn 0.805553 0.546837 0.228152
vn 0.805553 0.546837 0.228152
vn 0.836591 0.546721 -0.034809
vn 0.830562 0.544743 -0.115859
vn 0.781508 0.000000 -0.623895
vn 0.781508 0.000000 -0.623895
vn 0.551360 0.000000 -0.834268
vn 0.551360 0.000000 -0.834268
vn 0.269222 0.000000 -0.963078
vn 0.269222 0.000000 -0.963078
vn -0.038166 0.000000 -0.999271
vn -0.038166 0.000000 -0.999271
vn -0.342500 0.000000 -0.939518
vn -0.342500 0.000000 -0.939518
vn -0.615224 0.000000 -0.788353
vn -0.615224 0.000000 -0.788353
vn -0.829310 0.000000 -0.558789
vn -0.829310 0.000000 -0.558789
vn -0.962152 0.000000 -0.272514
vn -0.962152 0.000000 -0.272514
vn -0.999135 0.000000 0.041578
vn -0.999135 0.000000 0.041578
vn -0.936419 0.000000 0.350883
vn -0.936419 0.000000 0.350883
vn -0.781509 0.000000 0.623894
vn -0.781509 0.000000 0.623894
vn -0.551354 0.000000 0.834271
vn -0.551354 0.000000 0.834271
vn -0.269224 0.000000 0.963077
vn -0.269224 0.000000 0.963077
vn 0.038166 0.000000 0.999271
vn 0.038166 0.000000 0.999271
vn 0.342500 0.000000 0.939518
vn 0.342500 0.000000 0.939518
vn 0.615224 0.000000 0.788352
vn 0.615224 0.000000 0.788352
vn 0.829306 0.000000 0.558795
vn 0.829306 0.000000 0.558795
vn 0.962154 0.000000 0.272508
vn 0.962154 0.000000 0.272508
vn 0.999136 0.000000 -0.041569
vn 0.990139 0.000000 -0.140087
vn 0.835561 0.034305 -0.548326
vn 0.717959 0.010803 -0.696002
vn 0.358965 0.010818 -0.933289
vn 0.117055 0.040651 -0.992293
vn -0.128935 0.010671 -0.991596
vn -0.537328 0.010532 -0.843307
vn -0.730448 0.039827 -0.681806
vn -0.877305 0.010660 -0.479815
vn -0.941722 0.059601 0.331071
vn -0.902324 0.008380 0.430976
vn -0.624943 0.011683 0.780583
vn -0.425659 0.033669 0.904257
vn -0.197357 0.003934 0.980324
vn 0.278837 -0.002419 0.960335
vn 0.500655 0.031251 0.865083
vn 0.688069 0.010822 0.725565
vn 0.931674 0.010913 0.363131
vn 0.981357 0.034011 0.189161
vn 0.996262 0.017781 -0.084535
vn 0.981105 0.004248 -0.193430
vn 0.941488 0.066186 -0.330485
vn 0.951289 0.017975 -0.307776
vn 0.977739 0.094384 -0.187401
vn 0.551356 -0.000002 -0.834270
vn -0.342500 -0.000003 -0.939518
vn -0.962151 -0.000004 -0.272516
vn -0.984688 0.064387 -0.161999
vn -0.776928 -0.000026 0.629590
vn 0.024237 -0.050863 0.998412
vn 0.829307 0.000003 0.558794
vn -0.999612 0.000000 -0.027841
vn -0.999612 0.000000 -0.027841
vn -0.999612 0.000000 -0.027841
vn -0.999612 0.000000 -0.027841
vn 0.968200 0.000000 -0.250177
vn 0.968200 0.000000 -0.250179
vn 0.968200 0.000000 -0.250177
vn 0.968200 0.000000 -0.250178
vn 0.811592 0.544860 -0.210823
vn 0.811525 0.544834 -0.211146
vn 0.784464 0.546088 -0.293946
vn 0.784495 0.546039 -0.293955
vn 0.812133 0.544786 -0.208922
vn 0.784496 0.546037 -0.293955
vn 0.812264 0.544739 -0.208537
vn 0.784475 0.546070 -0.293949
vn 0.968198 0.000000 -0.250184
vn 0.968198 0.000000 -0.250184
vn 0.936418 0.000000 -0.350887
vn 0.936418 0.000000 -0.350887
vn 0.856223 0.466222 -0.222531
vn 0.856646 0.466540 -0.220223
vn 0.944411 -0.267413 -0.191254
vn 0.838394 -0.266836 -0.475283
vn 0.833324 -0.287303 -0.472259
vn 0.938618 -0.287918 -0.189999
vn 0.650629 -0.266135 -0.711234
vn 0.646762 -0.286550 -0.706815
vn 0.400613 -0.265571 -0.876916
vn 0.398257 -0.285946 -0.871565
vn 0.112745 -0.265354 -0.957536
vn 0.112063 -0.285716 -0.951740
vn -0.185977 -0.265569 -0.945984
vn -0.184926 -0.285947 -0.940232
vn -0.467638 -0.266135 -0.842904
vn -0.464902 -0.286552 -0.837708
vn -0.705068 -0.266841 -0.657020
vn -0.700839 -0.287305 -0.652901
vn -0.874159 -0.267414 -0.405384
vn -0.868816 -0.287918 -0.402818
vn -0.956909 -0.267638 -0.112673
vn -0.951015 -0.288153 -0.111978
vn -0.944408 -0.267424 0.191256
vn -0.938618 -0.287919 0.189999
vn -0.838391 -0.266852 0.475280
vn -0.833323 -0.287307 0.472259
vn -0.650629 -0.266147 0.711229
vn -0.646761 -0.286555 0.706814
vn -0.400612 -0.265578 0.876914
vn -0.398254 -0.285950 0.871565
vn -0.112744 -0.265356 0.957536
vn -0.112061 -0.285720 0.951739
vn 0.185975 -0.265569 0.945984
vn 0.184925 -0.285950 0.940232
vn 0.467636 -0.266135 0.842905
vn 0.464899 -0.286555 0.837709
vn 0.705067 -0.266845 0.657020
vn 0.700839 -0.287307 0.652902
vn 0.874156 -0.267427 0.405382
vn 0.868816 -0.287919 0.402817
vn 0.956908 -0.267643 0.112671
vn 0.951014 -0.288155 0.111978
vn 0.851637 -0.204711 -0.482501
vn 0.959288 -0.205154 -0.194109
vn 0.660940 -0.204168 -0.722132
vn 0.406959 -0.203730 -0.890437
vn 0.114489 -0.203563 -0.972345
vn -0.189009 -0.203729 -0.960609
vn -0.475134 -0.204166 -0.855900
vn -0.716275 -0.204711 -0.667116
vn -0.887967 -0.205154 -0.411614
vn -0.971979 -0.205324 -0.114445
vn -0.959288 -0.205153 0.194108
vn -0.851638 -0.204709 0.482500
vn -0.660940 -0.204164 0.722132
vn -0.406959 -0.203728 0.890438
vn -0.114488 -0.203565 0.972345
vn 0.189007 -0.203732 0.960609
vn 0.475132 -0.204169 0.855900
vn 0.716275 -0.204712 0.667116
vn 0.887967 -0.205154 0.411614
vn 0.971979 -0.205324 0.114447
vn 0.866347 -0.092348 -0.490831
vn 0.975929 -0.092557 -0.197473
vn 0.672294 -0.092091 -0.734533
vn 0.413922 -0.091885 -0.905663
vn 0.116444 -0.091807 -0.988945
vn -0.192242 -0.091885 -0.977036
vn -0.483297 -0.092092 -0.870600
vn -0.728647 -0.092349 -0.678635
vn -0.903371 -0.092558 -0.418752
vn -0.988869 -0.092639 -0.116434
vn -0.975929 -0.092558 0.197474
vn -0.866347 -0.092347 0.490831
vn -0.672295 -0.092089 0.734533
vn -0.413922 -0.091882 0.905664
vn -0.116446 -0.091805 0.988945
vn 0.192241 -0.091885 0.977037
vn 0.483297 -0.092090 0.870600
vn 0.728647 -0.092346 0.678635
vn 0.903371 -0.092556 0.418752
vn 0.988869 -0.092637 0.116436
vn 0.870069 -0.000031 -0.492930
vn 0.980137 -0.000032 -0.198321
vn 0.675168 -0.000031 -0.737664
vn 0.415683 -0.000031 -0.909510
vn 0.116938 -0.000031 -0.993139
vn -0.193063 -0.000031 -0.981186
vn -0.485364 -0.000031 -0.874312
vn -0.731779 -0.000031 -0.681543
vn -0.907267 -0.000032 -0.420555
vn -0.993139 -0.000032 -0.116937
vn -0.980137 -0.000032 0.198322
vn -0.870067 -0.000031 0.492934
vn -0.675169 -0.000031 0.737664
vn -0.415684 -0.000031 0.909509
vn -0.116940 -0.000031 0.993139
vn 0.193061 -0.000031 0.981187
vn 0.485366 -0.000031 0.874311
vn 0.731779 -0.000031 0.681542
vn 0.907267 -0.000032 0.420555
vn 0.993139 -0.000032 0.116938
vn 0.868975 0.049579 -0.492366
vn 0.978920 0.049695 -0.198104
vn 0.674307 0.049438 -0.736794
vn 0.415151 0.049327 -0.908414
vn 0.116796 0.049285 -0.991932
vn -0.192799 0.049327 -0.979998
vn -0.484730 0.049440 -0.873265
vn -0.730846 0.049582 -0.680739
vn -0.906134 0.049698 -0.420062
vn -0.991910 0.049742 -0.116792
vn -0.978920 0.049697 0.198105
vn -0.868974 0.049581 0.492368
vn -0.674308 0.049439 0.736794
vn -0.415151 0.049325 0.908414
vn -0.116798 0.049283 0.991932
vn 0.192798 0.049327 0.979998
vn 0.484730 0.049439 0.873265
vn 0.730846 0.049579 0.680739
vn 0.906134 0.049694 0.420062
vn 0.991910 0.049738 0.116793
vn 0.868032 0.068225 -0.491799
vn 0.977841 0.068380 -0.197868
vn 0.673589 0.068034 -0.735969
vn 0.414712 0.067880 -0.907417
vn 0.116670 0.067821 -0.990852
vn -0.192605 0.067878 -0.978926
vn -0.484224 0.068033 -0.872295
vn -0.730060 0.068225 -0.679969
vn -0.905138 0.068382 -0.419581
vn -0.990810 0.068441 -0.116665
vn -0.977841 0.068380 0.197868
vn -0.868031 0.068223 0.491801
vn -0.673589 0.068031 0.735968
vn -0.414714 0.067879 0.907417
vn -0.116669 0.067820 0.990853
vn 0.192604 0.067878 0.978926
vn 0.484223 0.068033 0.872296
vn 0.730060 0.068225 0.679969
vn 0.905138 0.068382 0.419582
vn 0.990810 0.068441 0.116664
vn 0.866362 0.091455 -0.490971
vn 0.975996 0.091663 -0.197560
vn 0.672264 0.091198 -0.734673
vn 0.413890 0.090989 -0.905768
vn 0.116455 0.090910 -0.989027
vn -0.192189 0.090990 -0.977131
vn -0.483238 0.091197 -0.870726
vn -0.728630 0.091454 -0.678775
vn -0.903416 0.091663 -0.418853
vn -0.988951 0.091743 -0.116445
vn -0.975996 0.091661 0.197559
vn -0.866362 0.091450 0.490973
vn -0.672266 0.091193 0.734672
vn -0.413891 0.090988 0.905768
vn -0.116454 0.090909 0.989027
vn 0.192187 0.090987 0.977131
vn 0.483237 0.091195 0.870727
vn 0.728630 0.091454 0.678775
vn 0.903416 0.091664 0.418853
vn 0.988951 0.091745 0.116445
vn 0.914201 0.217764 -0.341784
vn 0.914201 0.217764 -0.341784
vn 0.833696 0.285898 -0.472454
vn 0.939059 0.286424 -0.190079
vn 0.763409 0.217202 -0.608302
vn 0.763409 0.217202 -0.608302
vn 0.647035 0.285254 -0.707090
vn 0.538861 0.216643 -0.814060
vn 0.538861 0.216643 -0.814060
vn 0.398414 0.284736 -0.871890
vn 0.263116 0.216299 -0.940205
vn 0.263116 0.216299 -0.940205
vn 0.112105 0.284539 -0.952087
vn -0.037537 0.216300 -0.975605
vn -0.037537 0.216300 -0.975605
vn -0.185005 0.284736 -0.940584
vn -0.335043 0.216643 -0.916958
vn -0.335043 0.216643 -0.916958
vn -0.465103 0.285253 -0.838040
vn -0.601240 0.217199 -0.768983
vn -0.601240 0.217199 -0.768983
vn -0.701159 0.285897 -0.653177
vn -0.809812 0.217760 -0.544780
vn -0.809812 0.217760 -0.544780
vn -0.869228 0.286422 -0.402996
vn -0.939064 0.218111 -0.265680
vn -0.939064 0.218111 -0.265680
vn -0.951470 0.286624 -0.112031
vn -0.975091 0.218115 0.040297
vn -0.975091 0.218115 0.040297
vn -0.939059 0.286423 0.190078
vn -0.914201 0.217766 0.341782
vn -0.914201 0.217766 0.341782
vn -0.833697 0.285899 0.472453
vn -0.763409 0.217203 0.608301
vn -0.763409 0.217203 0.608301
vn -0.647034 0.285255 0.707090
vn -0.538862 0.216642 0.814060
vn -0.538862 0.216642 0.814060
vn -0.398414 0.284737 0.871889
vn -0.263113 0.216299 0.940205
vn -0.263113 0.216299 0.940205
vn -0.112105 0.284539 0.952087
vn 0.037532 0.216301 0.975605
vn 0.037532 0.216301 0.975605
vn 0.185003 0.284737 0.940584
vn 0.335044 0.216644 0.916958
vn 0.335044 0.216644 0.916958
vn 0.465104 0.285254 0.838038
vn 0.601240 0.217200 0.768983
vn 0.601240 0.217200 0.768983
vn 0.701159 0.285899 0.653175
vn 0.809813 0.217764 0.544777
vn 0.809813 0.217764 0.544777
vn 0.869227 0.286424 0.402996
vn 0.939063 0.218114 0.265682
vn 0.939063 0.218114 0.265682
vn 0.951470 0.286626 0.112032
vn 0.975091 0.218115 -0.040297
vn 0.975091 0.218115 -0.040297
vn 0.784391 0.432705 -0.444407
vn 0.883300 0.433399 -0.178733
vn 0.608954 0.431855 -0.665339
vn 0.375051 0.431175 -0.820625
vn 0.105526 0.430917 -0.896200
vn -0.174187 0.431176 -0.885295
vn -0.437760 0.431857 -0.788585
vn -0.659715 0.432708 -0.614443
vn -0.817628 0.433401 -0.379009
vn -0.894893 0.433663 -0.105370
vn -0.883303 0.433394 0.178735
vn -0.784391 0.432705 0.444406
vn -0.608953 0.431861 0.665336
vn -0.375053 0.431178 0.820623
vn -0.105524 0.430915 0.896202
vn 0.174188 0.431176 0.885294
vn 0.437760 0.431860 0.788583
vn 0.659715 0.432709 0.614442
vn 0.817628 0.433401 0.379010
vn 0.894892 0.433665 0.105370
vn 0.070924 -0.988913 -0.130465
vn 0.616556 -0.780308 0.104772
vn 0.797067 0.559413 -0.227466
vn -0.170720 0.643546 -0.746126
vn 0.435630 0.880086 -0.188877
vn -0.151804 0.940239 -0.304804
vn 0.578356 0.486992 -0.654479
vn -0.153936 0.558318 -0.815220
vn 0.616431 0.554237 -0.559315
vn -0.126807 0.694014 -0.708706
vn 0.536242 0.416327 -0.734246
vn -0.157243 0.495340 -0.854349
vn 0.668372 -0.051607 -0.742035
vn -0.064863 0.123664 -0.990202
vn 0.413023 -0.389907 -0.823034
vn -0.005467 0.154740 -0.987940
vn 0.027820 -0.580529 -0.813765
vn 0.049054 0.216761 -0.974992
vn -0.529846 -0.238064 -0.813996
vn -0.040495 0.217583 -0.975202
vn -0.706026 0.206494 -0.677413
vn 0.018468 0.390157 -0.920563
vn -0.615515 0.185112 -0.766078
vn 0.003277 0.384970 -0.922923
vn -0.628109 0.431605 -0.647454
vn -0.096652 0.646790 -0.756519
vn -0.794823 0.552420 -0.251175
vn 0.027236 0.972741 -0.230291
vn -0.363885 -0.499152 -0.786406
vn 0.338328 -0.391802 -0.855585
vn -0.441345 -0.896916 0.027513
vn 0.204780 -0.929223 0.307588
vn -0.428159 0.004608 0.903692
vn -0.198204 -0.000703 0.980161
vn -0.886527 0.056872 -0.459168
vn -0.567027 -0.662685 -0.489213
vn -0.709052 0.625944 -0.324715
vn -0.801920 0.310383 -0.510476
vn -0.799476 0.417274 -0.432112
vn -0.765177 0.326002 -0.555182
vn -0.783048 0.221678 -0.581115
vn -0.438131 0.649360 -0.621589
vn 0.036550 0.893112 -0.448348
vn 0.492653 0.571851 -0.655957
vn 0.745732 0.326595 -0.580705
vn 0.658198 0.408398 -0.632445
vn 0.503272 0.575588 -0.644528
vn 0.622904 0.579942 -0.525032
vn 0.459949 -0.024115 -0.887618
vn 0.836069 -0.470413 0.282313
vn 0.148504 -0.132240 0.980030
vn -0.900807 -0.430661 -0.055476
vn -0.999641 -0.025230 0.009059
vn -0.979845 -0.151625 -0.130052
vn -0.987871 -0.121499 0.096689
vn -0.984399 -0.127411 0.121347
vn -0.999609 -0.008108 0.026760
vn -0.966590 0.172040 0.190017
vn -0.620054 0.747142 0.239400
vn 0.001438 0.955747 0.294186
vn 0.783170 0.595265 0.179733
vn 0.994640 0.080889 0.064408
vn 0.978061 0.160493 0.132810
vn 0.965794 0.221082 -0.135514
vn 0.838505 0.114399 0.532749
vn 0.768503 0.199017 0.608108
vn 0.858988 0.511163 -0.029171
vn 0.920688 0.219895 0.322460
vn -0.580098 -0.659041 0.478697
vn -0.549460 0.773763 0.315253
vn -0.491060 -0.848959 0.195265
vn -0.604471 -0.475005 0.639519
vn -0.561251 -0.582758 0.587700
vn -0.680654 -0.359065 0.638579
vn -0.570124 0.021192 0.821285
vn -0.311607 0.246511 0.917678
vn -0.033705 0.516595 0.855567
vn 0.402856 0.102656 0.909488
vn 0.723992 -0.200010 0.660175
vn 0.628462 -0.175941 0.757681
vn 0.836762 -0.220590 0.501167
vn 0.952330 -0.256950 0.164454
vn 0.164575 0.121474 0.978856
vn 0.134169 0.988307 0.072441
vn 0.396412 0.289805 -0.871132
vn 0.059710 -0.639491 0.766477
vn -0.156236 0.909053 0.386281
vn 0.257799 -0.903940 0.341223
vn 0.111299 -0.558543 0.821975
vn 0.152873 -0.692522 0.705013
vn 0.153824 -0.492086 0.856849
vn 0.155071 -0.143095 0.977485
vn 0.160159 -0.351280 0.922471
vn -0.050481 -0.268055 0.962080
vn -0.195303 -0.383173 0.902793
vn 0.009498 -0.388012 0.921605
vn 0.004861 -0.378726 0.925496
vn 0.010221 -0.580035 0.814527
vn 0.149539 -0.947918 0.281229
vn -0.389892 0.055230 0.919203
vn -0.319665 0.946531 0.043502
vn 0.148853 0.288592 -0.945811
vn 0.663101 -0.302626 0.684627
vn 0.293338 0.926750 0.234707
vn 0.851473 -0.448514 0.271715
vn 0.782653 -0.321317 0.533113
vn 0.780973 -0.434652 0.448509
vn 0.864878 -0.258337 0.430404
vn 0.778784 -0.223638 0.586073
vn 0.523077 -0.722962 0.451350
vn -0.034912 -0.886886 0.460666
vn -0.634725 -0.637149 0.437223
vn -0.738466 -0.330196 0.587910
vn -0.652476 -0.400748 0.643177
vn -0.788615 -0.465607 0.401618
vn -0.752042 -0.631645 0.188304
vn -0.932377 0.202685 0.299320
vn -0.738667 0.636126 -0.222970
vn -0.120243 0.179579 -0.976367
vn 0.903470 0.205984 0.375915
vn 0.896623 0.354425 -0.265426
vn 0.932908 0.358905 0.029489
vn 0.987619 0.123509 -0.096713
vn 0.994448 0.077944 -0.070699
vn 0.965472 0.118536 -0.231977
vn 0.977761 -0.186025 -0.096843
vn 0.627245 -0.739457 -0.244473
vn -0.004013 -0.971418 -0.237343
vn -0.771083 -0.586755 -0.247284
vn -0.993958 -0.079671 -0.075501
vn -0.980311 -0.159376 -0.116575
vn -0.975841 -0.069333 -0.207191
vn -0.956557 -0.074580 -0.281846
vn -0.833738 -0.042663 -0.550509
vn -0.895265 -0.041460 -0.443602
vn -0.656148 -0.535003 0.532203
vn -0.960520 0.151231 -0.233519
vn -0.799332 0.587885 0.124337
vn -0.401460 0.847608 0.346973
vn -0.233469 0.890416 0.390708
vn 0.031339 0.873581 0.485669
vn 0.772475 -0.534801 -0.342448
vn 0.975989 -0.216207 -0.026467
vn 0.486987 -0.643184 -0.590897
vn 0.166379 -0.666989 -0.726253
vn -0.339748 -0.603249 -0.721569
vn -0.236034 -0.378879 0.894840
vn -0.081623 -0.362001 0.928597
vn 0.028937 0.390553 -0.920125
vn 0.111893 0.424529 -0.898474
vn 0.122402 0.428569 -0.895180
vn 0.795109 0.115979 0.595273
vn -0.132251 -0.372258 0.918659
vn -0.105473 -0.362151 0.926133
vn -0.991992 -0.002094 -0.126286
vn -0.991297 0.003723 -0.131591
vn -0.992044 0.009904 -0.125500
vn -0.992741 0.004077 -0.120201
vn -0.916030 -0.382126 -0.121935
vn -0.918725 -0.377215 -0.116845
vn -0.917205 -0.382744 -0.110645
vn -0.914504 -0.387680 -0.115704
vn 0.029954 -0.712776 -0.700752
vn -0.125507 -0.714549 -0.688235
vn -0.074253 -0.726137 -0.683529
vn 0.046251 -0.713901 -0.698718
vn -0.591730 -0.416168 -0.690406
vn -0.561691 -0.397349 -0.725684
vn -0.605324 -0.332127 -0.723377
vn -0.635929 -0.362764 -0.681173
vn -0.584621 -0.197451 -0.786913
vn -0.613202 -0.024256 -0.789554
vn -0.613233 -0.024003 -0.789537
vn -0.598310 -0.163033 -0.784503
vn -0.613304 -0.008535 -0.789801
vn -0.613300 -0.008655 -0.789803
vn -0.613358 -0.000436 -0.789805
vn -0.613357 -0.000427 -0.789805
vn -0.613371 -0.001213 -0.789794
vn -0.613370 -0.001221 -0.789795
vn -0.613027 0.019524 -0.789821
vn -0.613020 0.019693 -0.789822
vn -0.595695 0.157658 -0.787586
vn -0.594293 0.164993 -0.787142
vn -0.462881 0.467216 -0.753293
vn -0.442155 0.498709 -0.745512
vn -0.250009 0.654639 -0.713403
vn -0.225679 0.671804 -0.705513
vn -0.172979 0.675125 -0.717137
vn -0.182263 0.670071 -0.719573
vn -0.230067 0.631577 -0.740392
vn -0.223312 0.634723 -0.739770
vn 0.153020 0.730875 -0.665137
vn 0.147357 0.732459 -0.664673
vn 0.470684 0.581593 -0.663480
vn 0.497483 0.567353 -0.656218
vn 0.674725 0.404144 -0.617588
vn 0.672647 0.407008 -0.617973
vn 0.754083 0.213254 -0.621194
vn 0.752286 0.220833 -0.620724
vn 0.791904 0.031407 -0.609837
vn 0.792068 0.027012 -0.609836
vn 0.789754 0.011006 -0.613325
vn 0.789682 0.010982 -0.613418
vn 0.789741 0.002454 -0.613435
vn 0.789757 0.002440 -0.613415
vn 0.789715 0.003232 -0.613465
vn 0.789799 0.003224 -0.613357
vn 0.789537 -0.018328 -0.613429
vn 0.789586 -0.018276 -0.613368
vn 0.770680 -0.174112 -0.612974
vn 0.770172 -0.176208 -0.613014
vn 0.615907 -0.505081 -0.604609
vn 0.605648 -0.519103 -0.603094
vn 0.422764 -0.664508 -0.616198
vn 0.410560 -0.673252 -0.614958
vn 0.356503 -0.691585 -0.628185
vn 0.362348 -0.688705 -0.628004
vn 0.413027 -0.655088 -0.632668
vn 0.409778 -0.656385 -0.633436
vn -0.023923 0.710407 0.703385
vn 0.187898 0.605632 0.773243
vn 0.177941 0.975403 -0.130097
vn 0.081782 0.996569 -0.012698
vn 0.827654 0.554011 0.089778
vn 0.834459 0.545854 -0.075646
vn 0.211644 0.468323 0.857835
vn 0.332506 0.286780 0.898441
vn 0.993011 0.051803 0.106045
vn 0.996724 0.079590 0.014392
vn 0.556781 0.173099 0.812423
vn 0.601427 0.030488 0.798346
vn 0.994180 0.013970 0.106819
vn 0.598540 0.008451 0.801048
vn 0.993439 0.002097 0.114341
vn 0.598477 0.000410 0.801140
vn 0.993809 0.003188 0.111060
vn 0.598445 0.001160 0.801163
vn 0.994411 -0.026899 0.102094
vn 0.598240 -0.019355 0.801083
vn 0.972057 -0.230225 0.045844
vn 0.582708 -0.156786 0.797414
vn 0.772436 -0.635014 -0.009980
vn 0.462678 -0.452077 0.762598
vn 0.502224 -0.864725 -0.004626
vn 0.271837 -0.634126 0.723871
vn 0.241761 -0.633332 0.735147
vn 0.463728 -0.885902 0.011567
vn 0.393797 -0.918514 0.035439
vn 0.196593 -0.665669 0.719886
vn -0.102216 -0.738556 0.666399
vn -0.080349 -0.739012 0.668883
vn -0.080692 -0.770438 0.632388
vn -0.186519 -0.757448 0.625687
vn -0.833831 -0.307849 0.458208
vn -0.897835 -0.178965 0.402324
vn -0.848174 -0.166202 0.502969
vn -0.795553 -0.287932 0.533096
vn -0.795274 -0.129306 0.592299
vn -0.809819 -0.077917 0.581483
vn -0.801193 -0.026394 0.597824
vn -0.801161 -0.026497 0.597862
vn -0.801386 -0.011273 0.598041
vn -0.801385 -0.011228 0.598043
vn -0.801465 -0.002432 0.598036
vn -0.801471 -0.002437 0.598028
vn -0.801508 -0.003270 0.597975
vn -0.801481 -0.003263 0.598012
vn -0.801211 0.018877 0.598084
vn -0.801185 0.018797 0.598122
vn -0.777215 0.191423 0.599412
vn -0.778193 0.187267 0.599455
vn -0.544864 0.601681 0.584041
vn -0.568326 0.574245 0.589278
vn -0.344477 0.715389 0.607910
vn -0.366252 0.701664 0.611169
vn -0.334761 0.699968 0.630857
vn -0.324182 0.705274 0.630471
vn -0.384833 0.661752 0.643419
vn -0.392757 0.658145 0.642330
vn 0.288486 0.560248 0.776465
vn 0.317069 0.545598 0.775751
vn 0.490021 0.391298 0.778952
vn 0.491837 0.388813 0.779051
vn 0.601626 0.028175 0.798281
vn 0.562320 0.210866 0.799582
vn 0.564182 0.202802 0.800356
vn 0.601979 0.023627 0.798163
vn 0.598541 0.008692 0.801045
vn 0.598583 0.008671 0.801014
vn 0.598476 0.000390 0.801141
vn 0.598469 0.000376 0.801146
vn 0.598444 0.001154 0.801164
vn 0.598428 0.001146 0.801176
vn 0.598235 -0.019634 0.801080
vn 0.598219 -0.019581 0.801093
vn 0.580346 -0.170231 0.796379
vn 0.579816 -0.172384 0.796302
vn 0.436632 -0.491340 0.753616
vn 0.426686 -0.506059 0.749562
vn 0.252569 -0.644788 0.721428
vn 0.240644 -0.654069 0.717136
vn 0.239956 -0.634148 0.735036
vn 0.193563 -0.667335 0.719165
vn 0.187659 -0.670474 0.717809
vn 0.236581 -0.635683 0.734804
vn -0.912225 -0.395592 -0.106549
vn -0.913678 -0.390581 -0.112424
vn -0.916388 -0.385617 -0.107394
vn -0.914937 -0.390603 -0.101590
vn -0.157565 0.683314 -0.712920
vn -0.167962 0.677810 -0.715795
vn -0.219264 0.636584 -0.739380
vn -0.211064 0.640152 -0.738687
vn -0.375634 0.585472 -0.718416
vn -0.397315 0.556981 -0.729324
vn -0.202673 0.679902 -0.704739
vn -0.182028 0.694253 -0.696333
vn -0.590019 0.186956 -0.785446
vn -0.590834 0.182725 -0.785829
vn -0.613054 0.020140 -0.789785
vn -0.613010 0.020059 -0.789820
vn -0.613363 -0.001230 -0.789800
vn -0.613370 -0.001224 -0.789795
vn -0.613309 -0.000406 -0.789843
vn -0.613357 -0.000411 -0.789806
vn -0.613259 -0.008994 -0.789831
vn -0.613295 -0.008947 -0.789803
vn -0.613269 -0.023575 -0.789523
vn -0.613250 -0.023858 -0.789528
vn -0.626183 -0.073502 -0.776204
vn -0.608970 -0.125259 -0.783240
vn -0.759227 -0.173986 -0.627139
vn -0.680057 -0.303248 -0.667505
vn -0.623910 -0.282066 -0.728817
vn -0.683801 -0.160122 -0.711883
vn 0.080205 -0.715163 -0.694341
vn 0.058014 -0.714582 -0.697142
vn -0.032962 -0.733974 -0.678378
vn 0.071537 -0.747801 -0.660058
vn -0.993005 0.018840 -0.116564
vn -0.993709 0.013015 -0.111237
vn -0.993108 0.007332 -0.116971
vn -0.992409 0.013175 -0.122274
vn -0.016655 0.708632 0.705381
vn -0.011589 0.706917 0.707201
vn 0.357815 0.691438 -0.627600
vn 0.674608 0.403947 -0.617844
vn 0.797546 0.171839 -0.578266
vn 0.825836 0.036318 -0.562739
vn 0.822378 0.011302 -0.568830
vn 0.821865 0.002488 -0.569676
vn 0.822041 0.003308 -0.569419
vn 0.822504 -0.019126 -0.568437
vn 0.808330 -0.171529 -0.563188
vn 0.669867 -0.497119 -0.551498
vn 0.456579 -0.689047 -0.562806
vn 0.375837 -0.721645 -0.581357
vn 0.428451 -0.690456 -0.582838
vn -0.920546 -0.373772 -0.113531
vn -0.919023 -0.379345 -0.107213
vn -0.918283 -0.382035 -0.103955
vn -0.916814 -0.387055 -0.098184
vn -0.341077 0.696758 0.631027
vn -0.397625 0.655878 0.641653
vn -0.615341 0.517332 0.594747
vn -0.390076 0.692032 0.607398
vn -0.781777 0.170121 0.599903
vn -0.801192 0.018393 0.598125
vn -0.801478 -0.003266 0.598015
vn -0.801470 -0.002442 0.598030
vn -0.801387 -0.010990 0.598046
vn -0.801145 -0.026564 0.597880
vn -0.783666 -0.171893 0.596926
vn -0.787721 -0.379053 0.485607
vn -0.769927 -0.348272 0.534714
vn -0.116942 -0.737835 0.664774
vn -0.237230 -0.747923 0.619946
vn -0.994168 0.008924 -0.107468
vn -0.993566 0.003254 -0.113206
vn -0.992428 -0.005960 -0.122680
vn -0.993196 0.000260 -0.116458
vn 0.137132 0.774212 -0.617892
vn 0.081748 0.742494 -0.664846
vn 0.081964 0.778152 -0.622705
vn 0.075596 0.742590 -0.665466
vn 0.084692 -0.708138 -0.700976
vn 0.083575 -0.708133 -0.701115
vn 0.082011 -0.708168 -0.701265
vn 0.083018 -0.708133 -0.701182
vn -0.079163 -0.732303 0.676362
vn -0.080226 -0.732243 0.676302
vn -0.078448 -0.732306 0.676443
vn -0.077932 0.718434 0.691215
vn -0.084072 0.718462 0.690466
vn 0.020489 0.999685 -0.014512
vn -0.074506 0.718423 0.691605
vn 0.079572 0.770682 -0.632232
vn 0.081422 0.734149 -0.674089
vn 0.077723 0.734291 -0.674370
vn 0.083704 -0.709560 -0.699656
vn 0.083009 -0.709552 -0.699747
vn 0.082667 -0.709552 -0.699788
vn 0.082041 -0.709662 -0.699750
vn -0.079186 -0.733751 0.674789
vn -0.079830 -0.733708 0.674759
vn -0.078758 -0.733754 0.674835
vn -0.080332 0.709952 0.699654
vn -0.083964 0.709984 0.699194
vn 0.013027 0.999800 -0.015185
vn -0.078294 0.709964 0.699873
vn -0.923271 -0.368503 -0.108524
vn -0.921700 -0.374204 -0.102179
vn -0.920915 -0.376954 -0.099106
vn -0.919416 -0.382038 -0.093387
vn -0.349804 0.692241 0.631221
vn -0.403657 0.653034 0.640787
vn -0.417908 0.675555 0.607436
vn -0.647354 0.473093 0.597592
vn -0.784181 0.157869 0.600114
vn -0.801196 0.018089 0.598128
vn -0.801475 -0.003265 0.598020
vn -0.801468 -0.002448 0.598033
vn -0.801386 -0.010813 0.598050
vn -0.801124 -0.026650 0.597905
vn -0.772105 -0.204160 0.601808
vn -0.753893 -0.424357 0.501564
vn -0.732432 -0.408224 0.544882
vn -0.128834 -0.736669 0.663868
vn -0.283656 -0.737294 0.613136
vn -0.077381 -0.732307 0.676564
vn -0.078114 -0.733758 0.674905
vn -0.994756 0.003241 -0.102228
vn -0.994152 -0.002427 -0.107962
vn -0.993033 -0.011833 -0.117238
vn -0.993806 -0.005500 -0.110996
vn 0.462632 0.370553 0.805396
vn 0.834095 0.551615 0.002760
vn 0.309267 0.306026 0.900390
vn -0.001912 0.950338 0.311213
vn 0.107070 0.467042 0.877729
vn -0.031998 0.998963 -0.032383
vn 0.654231 -0.282895 0.701394
vn 0.806342 -0.430479 0.405586
vn 0.852157 -0.517395 0.078300
vn 0.654229 -0.282895 0.701395
vn 0.787139 -0.542969 -0.292570
vn 0.787137 -0.542972 -0.292569
vn 0.787137 -0.542972 -0.292569
vn 0.787138 -0.542970 -0.292570
vn -0.051030 0.960388 -0.273956
vn 0.787141 -0.542966 -0.292570
vn 0.829650 -0.541521 -0.135778
vn 0.787141 -0.542966 -0.292570
vn 0.654224 -0.282895 0.701400
vn 0.275593 0.250504 0.928061
vn 0.240138 0.183152 0.953304
vn 0.193580 0.103315 0.975630
vn 0.206147 0.254009 0.944978
vn 0.109574 0.242886 0.963847
vn 0.108070 0.248839 0.962497
vn 0.145388 0.107318 0.983537
vn 0.082440 0.124327 0.988811
vn 0.086522 0.195756 0.976828
vn 0.228931 0.076253 -0.970452
vn 0.163856 -0.043202 -0.985538
vn 0.182984 -0.011456 -0.983049
vn 0.228827 0.076751 -0.970437
vn 0.119137 -0.118502 -0.985781
vn 0.117083 -0.123301 -0.985438
vn 0.092263 0.058770 -0.993999
vn 0.147849 0.069123 -0.986592
vn 0.028041 0.047539 -0.998476
vn 0.023610 0.047043 -0.998614
vn 0.061130 -0.113165 -0.991694
vn 0.059904 -0.112666 -0.991826
vn -0.005687 -0.074977 -0.997169
vn -0.005719 -0.075164 -0.997155
vn 0.001769 -0.006008 -0.999980
vn 0.001617 -0.007521 -0.999970
vn 0.713144 0.695571 0.087212
vn 0.713144 0.695571 0.087212
vn 0.713144 0.695571 0.087212
vn 0.713144 0.695571 0.087212
vn -0.273303 0.961313 -0.034391
vn -0.273303 0.961313 -0.034391
vn -0.273303 0.961313 -0.034391
vn -0.273303 0.961313 -0.034391
vn -0.874507 0.472450 -0.109672
vn -0.874507 0.472450 -0.109672
vn -0.874507 0.472450 -0.109672
vn -0.874507 0.472450 -0.109672
vn -0.930336 -0.349021 -0.112511
vn -0.930336 -0.349021 -0.112511
vn -0.930336 -0.349021 -0.112511
vn -0.930336 -0.349021 -0.112511
vn -0.781260 -0.617045 -0.094282
vn -0.781260 -0.617045 -0.094282
vn -0.781260 -0.617045 -0.094282
vn -0.781260 -0.617045 -0.094282
vn 0.110693 -0.993806 0.009796
vn 0.110693 -0.993806 0.009796
vn 0.110693 -0.993806 0.009796
vn 0.110693 -0.993806 0.009796
vn 0.572222 -0.817219 0.068662
vn 0.572222 -0.817219 0.068662
vn 0.572222 -0.817219 0.068662
vn 0.572222 -0.817219 0.068662
vn 0.932191 0.344908 0.109809
vn 0.932191 0.344908 0.109809
vn 0.932191 0.344908 0.109809
vn 0.932191 0.344908 0.109809
vn 0.081520 0.114787 0.990040
vn 0.094271 0.190853 0.977081
vn 0.124030 0.259100 0.957854
vn 0.186961 0.257394 0.948047
vn 0.247971 0.227734 0.941620
vn 0.240516 0.165354 0.956457
vn 0.203150 0.115763 0.972280
vn 0.141596 0.110632 0.983723
vn 0.740349 0.451321 -0.498189
vn 0.740405 0.451368 -0.498063
vn 0.739361 0.450497 -0.500398
vn 0.739361 0.450497 -0.500398
vn -0.069692 0.838408 -0.540570
vn -0.069692 0.838408 -0.540570
vn -0.069678 0.838405 -0.540575
vn -0.069681 0.838406 -0.540574
vn -0.069671 0.838404 -0.540578
vn -0.069671 0.838404 -0.540578
vn 0.198799 0.811943 -0.548842
vn 0.131003 0.821567 -0.554857
vn 0.081590 0.825663 -0.558233
vn 0.076325 0.819262 -0.568317
vn -0.992633 -0.014863 -0.120243
vn -0.992028 -0.008939 -0.125700
vn -0.991599 -0.005081 -0.129249
vn -0.990898 0.000686 -0.134612
vn 0.085234 -0.708143 -0.700905
vn 0.084053 -0.709567 -0.699607
vn 0.023824 -0.712208 -0.701564
vn -0.144490 -0.709719 -0.689508
vn -0.573183 -0.437007 -0.693171
vn -0.545033 -0.420660 -0.725248
vn -0.579119 -0.210735 -0.787535
vn -0.613183 -0.024368 -0.789565
vn -0.613307 -0.008457 -0.789799
vn -0.613377 -0.000442 -0.789791
vn -0.613384 -0.001209 -0.789784
vn -0.613021 0.019417 -0.789828
vn -0.596559 0.152970 -0.787856
vn -0.474631 0.448912 -0.757102
vn -0.262028 0.646370 -0.716622
vn -0.186283 0.667843 -0.720614
vn -0.232979 0.630215 -0.740642
vn -0.916739 -0.379476 -0.124854
vn -0.919440 -0.374520 -0.119857
vn -0.921251 -0.371079 -0.116604
vn -0.923997 -0.365754 -0.111593
vn 0.444987 -0.730209 -0.518442
vn 0.391680 -0.762203 -0.515396
vn 0.480498 -0.719257 -0.501788
vn 0.699423 -0.519281 -0.491075
vn 0.847685 -0.183015 -0.497932
vn 0.866080 -0.020705 -0.499476
vn 0.866080 0.003390 -0.499894
vn 0.866045 0.002521 -0.499960
vn 0.866174 0.011991 -0.499599
vn 0.868548 0.042775 -0.493756
vn 0.872068 0.066174 -0.484890
vn 0.741242 0.452068 -0.496181
vn 0.741242 0.452068 -0.496181
vn 0.081122 0.109404 0.990682
vn 0.099456 0.188456 0.977033
vn 0.132863 0.266415 0.954657
vn 0.176265 0.261888 0.948865
vn 0.230206 0.214180 0.949280
vn 0.241048 0.152433 0.958467
vn 0.207200 0.119677 0.970951
vn 0.139487 0.112627 0.983798
vn 0.994195 -0.002096 0.107577
vn 0.993510 0.004077 0.113671
vn 0.994072 0.009839 0.108278
vn 0.994753 0.003714 0.102242
vn 0.919222 -0.382280 0.094301
vn 0.916321 -0.387768 0.099963
vn 0.917818 -0.382747 0.105422
vn 0.920738 -0.377216 0.099749
vn 0.133631 -0.712772 -0.688548
vn 0.117306 -0.713902 -0.690350
vn 0.230991 -0.726137 -0.647587
vn 0.281931 -0.714547 -0.640264
vn 0.735910 -0.416173 -0.534076
vn 0.776751 -0.362767 -0.514838
vn 0.756787 -0.332127 -0.562996
vn 0.714887 -0.397352 -0.575367
vn 0.751410 -0.197450 -0.629600
vn 0.764164 -0.163029 -0.624079
vn 0.779848 -0.024002 -0.625509
vn 0.779818 -0.024256 -0.625536
vn 0.779974 -0.008655 -0.625752
vn 0.779974 -0.008536 -0.625754
vn 0.780031 -0.000427 -0.625741
vn 0.780029 -0.000436 -0.625743
vn 0.780042 -0.001220 -0.625726
vn 0.780042 -0.001212 -0.625727
vn 0.779708 0.019693 -0.625833
vn 0.779715 0.019524 -0.625830
vn 0.760871 0.164993 -0.627577
vn 0.762339 0.157659 -0.627681
vn 0.603223 0.498710 -0.622422
vn 0.625188 0.467214 -0.625181
vn 0.383378 0.671803 -0.633799
vn 0.408874 0.654635 -0.635826
vn 0.334819 0.675124 -0.657346
vn 0.389026 0.634724 -0.667670
vn 0.395720 0.631589 -0.666709
vn 0.344414 0.670068 -0.657562
vn 0.005665 0.730815 -0.682552
vn -0.331488 0.567343 -0.753816
vn -0.303701 0.581594 -0.754661
vn 0.011058 0.732459 -0.680721
vn -0.510762 0.407031 -0.757264
vn -0.512824 0.404143 -0.757417
vn -0.589203 0.213268 -0.779331
vn -0.628793 0.027014 -0.777103
vn -0.628602 0.031409 -0.777093
vn -0.587537 0.220832 -0.778481
vn -0.625592 0.010984 -0.780073
vn -0.625697 0.011007 -0.779988
vn -0.625577 0.002439 -0.780159
vn -0.625657 0.002453 -0.780094
vn -0.625587 0.003225 -0.780148
vn -0.625625 0.003232 -0.780117
vn -0.625436 -0.018276 -0.780061
vn -0.625462 -0.018328 -0.780039
vn -0.606719 -0.176202 -0.775142
vn -0.607227 -0.174112 -0.775217
vn -0.448977 -0.519069 -0.727315
vn -0.458630 -0.505080 -0.731131
vn -0.256471 -0.673237 -0.693524
vn -0.268076 -0.664508 -0.697542
vn -0.200844 -0.691587 -0.693807
vn -0.251518 -0.656380 -0.711269
vn -0.254849 -0.655058 -0.711302
vn -0.206571 -0.688705 -0.694992
vn -0.140108 0.710409 0.689702
vn -0.076597 0.996569 -0.031348
vn -0.142855 0.975401 -0.167884
vn -0.362362 0.605631 0.708452
vn -0.825872 0.554010 -0.104919
vn -0.532096 0.286784 0.796636
vn -0.405109 0.468317 0.785217
vn -0.794075 0.545856 -0.267369
vn -0.990484 0.051803 -0.127508
vn -0.770413 0.030489 0.636816
vn -0.730256 0.173101 0.660880
vn -0.972806 0.079592 -0.217517
vn -0.991802 0.013970 -0.127022
vn -0.768232 0.008451 0.640116
vn -0.992828 0.002097 -0.119534
vn -0.768190 0.000410 0.640222
vn -0.992425 0.003187 -0.122811
vn -0.768164 0.001159 0.640252
vn -0.990928 -0.026900 -0.131671
vn -0.767947 -0.019356 0.640221
vn -0.956121 -0.230224 -0.181190
vn -0.751987 -0.156785 0.640261
vn -0.748992 -0.635015 -0.189122
vn -0.627153 -0.452076 0.634276
vn -0.487412 -0.864726 -0.121155
vn -0.432537 -0.634125 0.640935
vn -0.405952 -0.633311 0.658878
vn -0.358426 -0.665668 0.654535
vn -0.391259 -0.918514 -0.056999
vn -0.453759 -0.885884 -0.096505
vn -0.055366 -0.738556 0.671915
vn 0.036089 -0.757447 0.651898
vn -0.068399 -0.770482 0.633781
vn -0.077223 -0.739030 0.669232
vn 0.704600 -0.307841 0.639354
vn 0.649970 -0.287933 0.703302
vn 0.708195 -0.166214 0.686173
vn 0.779886 -0.178965 0.599791
vn 0.635948 -0.129308 0.760822
vn 0.640383 -0.026497 0.767598
vn 0.640375 -0.026392 0.767609
vn 0.652629 -0.077932 0.753659
vn 0.640559 -0.011228 0.767827
vn 0.640492 -0.011273 0.767882
vn 0.640645 -0.002437 0.767834
vn 0.640614 -0.002432 0.767859
vn 0.640657 -0.003263 0.767821
vn 0.640710 -0.003270 0.767776
vn 0.640344 0.018798 0.767858
vn 0.640425 0.018880 0.767789
vn 0.617674 0.187269 0.763812
vn 0.616843 0.191461 0.763444
vn 0.415912 0.574245 0.705167
vn 0.394383 0.601739 0.694530
vn 0.214279 0.701665 0.679523
vn 0.193881 0.715441 0.671233
vn 0.179076 0.699969 0.691358
vn 0.232800 0.658152 0.715989
vn 0.224835 0.661792 0.715178
vn 0.168899 0.705326 0.688468
vn -0.460948 0.560250 0.688220
vn -0.659339 0.388815 0.643502
vn -0.657604 0.391344 0.643745
vn -0.488638 0.545643 0.680813
vn -0.770589 0.028177 0.636710
vn -0.770856 0.023624 0.636571
vn -0.734687 0.202795 0.647386
vn -0.732662 0.210869 0.647102
vn -0.768230 0.008691 0.640114
vn -0.768233 0.008669 0.640111
vn -0.768189 0.000390 0.640223
vn -0.768234 0.000376 0.640169
vn -0.768163 0.001154 0.640253
vn -0.768198 0.001146 0.640211
vn -0.767940 -0.019635 0.640220
vn -0.767954 -0.019581 0.640206
vn -0.749450 -0.170231 0.639802
vn -0.748976 -0.172391 0.639778
vn -0.599734 -0.491339 0.631590
vn -0.589132 -0.506068 0.629935
vn -0.413228 -0.644787 0.643034
vn -0.400640 -0.654107 0.641586
vn -0.404190 -0.634118 0.659185
vn -0.400831 -0.635697 0.659715
vn -0.349272 -0.670535 0.654516
vn -0.355311 -0.667335 0.654537
vn 0.912034 -0.395577 0.108225
vn 0.913524 -0.390554 0.113759
vn 0.916269 -0.385618 0.108395
vn 0.914781 -0.390619 0.102918
vn 0.318844 0.683280 -0.656862
vn 0.376936 0.640203 -0.669373
vn 0.385016 0.636577 -0.668230
vn 0.329627 0.677809 -0.657207
vn 0.532161 0.585365 -0.611680
vn 0.338765 0.694186 -0.635094
vn 0.360821 0.679901 -0.638390
vn 0.555849 0.556982 -0.617092
vn 0.756269 0.186930 -0.626988
vn 0.757200 0.182724 -0.627104
vn 0.779714 0.020140 -0.625812
vn 0.779699 0.020058 -0.625833
vn 0.780050 -0.001230 -0.625716
vn 0.780043 -0.001223 -0.625725
vn 0.780040 -0.000406 -0.625730
vn 0.780032 -0.000412 -0.625740
vn 0.779945 -0.008994 -0.625784
vn 0.779971 -0.008948 -0.625752
vn 0.779854 -0.023574 -0.625518
vn 0.779864 -0.023858 -0.625494
vn 0.789410 -0.073509 -0.609449
vn 0.774240 -0.125256 -0.620373
vn 0.884161 -0.173992 -0.433574
vn 0.830500 -0.160135 -0.533504
vn 0.776128 -0.282065 -0.563972
vn 0.816497 -0.303250 -0.491296
vn 0.083274 -0.715111 -0.694033
vn 0.083709 -0.747824 -0.658599
vn 0.189635 -0.733973 -0.652167
vn 0.105500 -0.714583 -0.691550
vn 0.992928 0.018639 0.117247
vn 0.993681 0.013080 0.111476
vn 0.993117 0.007333 0.116900
vn 0.992372 0.013056 0.122586
vn -0.152989 0.706875 0.690596
vn -0.147643 0.708634 0.689956
vn -0.512650 0.403945 -0.757640
vn -0.202255 0.691439 -0.693545
vn -0.672542 0.036319 -0.739167
vn -0.641417 0.171838 -0.747700
vn -0.667764 0.011303 -0.744287
vn -0.667068 0.002487 -0.744992
vn -0.667298 0.003307 -0.744783
vn -0.667978 -0.019126 -0.743935
vn -0.655410 -0.171529 -0.735538
vn -0.523450 -0.497118 -0.692007
vn -0.313368 -0.689047 -0.653464
vn -0.281407 -0.690429 -0.666422
vn -0.230526 -0.721645 -0.652753
vn 0.918790 -0.379346 0.109182
vn 0.921741 -0.373771 0.103392
vn 0.914551 -0.387032 0.117486
vn 0.917314 -0.382036 0.112180
vn 0.185179 0.696758 0.692991
vn 0.237710 0.655877 0.716463
vn 0.460370 0.517331 0.721407
vn 0.238327 0.692032 0.681390
vn 0.621055 0.170122 0.765081
vn 0.640353 0.018393 0.767860
vn 0.640658 -0.003267 0.767820
vn 0.640648 -0.002443 0.767831
vn 0.640563 -0.010990 0.767827
vn 0.640367 -0.026563 0.767610
vn 0.623583 -0.171893 0.762625
vn 0.653385 -0.379048 0.655294
vn 0.624669 -0.348271 0.698925
vn -0.040665 -0.737835 0.673755
vn 0.086747 -0.747923 0.658093
vn 0.992688 0.003256 0.120667
vn 0.991949 0.009000 0.126319
vn 0.993782 -0.005960 0.111187
vn 0.993083 0.000260 0.117419
vn 0.010136 0.774213 -0.632844
vn 0.064915 0.778152 -0.624712
vn 0.074913 0.742494 -0.665651
vn 0.081044 0.742529 -0.664893
vn 0.080442 -0.708134 -0.701481
vn 0.081560 -0.708134 -0.701351
vn 0.083132 -0.708100 -0.701201
vn 0.082116 -0.708134 -0.701287
vn -0.080102 -0.732304 0.676251
vn -0.079067 -0.732257 0.676423
vn -0.080817 -0.732305 0.676164
vn -0.078596 0.718393 0.691183
vn -0.084749 0.718435 0.690412
vn -0.088171 0.718426 0.689993
vn -0.016557 0.999685 -0.018887
vn 0.069460 0.770680 -0.633425
vn 0.077386 0.734149 -0.674564
vn 0.081042 0.734298 -0.673972
vn 0.081104 -0.709559 -0.699963
vn 0.081799 -0.709553 -0.699888
vn 0.082140 -0.709552 -0.699850
vn 0.082751 -0.709593 -0.699736
vn -0.079084 -0.733749 0.674802
vn -0.079713 -0.733752 0.674725
vn -0.080141 -0.733754 0.674672
vn -0.080717 0.709965 0.699596
vn -0.084346 0.709950 0.699183
vn -0.086387 0.709966 0.698918
vn -0.009143 0.999800 -0.017783
vn 0.920224 -0.374207 0.114703
vn 0.923226 -0.368504 0.108898
vn 0.915955 -0.382054 0.122721
vn 0.918746 -0.376957 0.117509
vn 0.193623 0.692243 0.695205
vn 0.243798 0.653025 0.717023
vn 0.265389 0.675556 0.687890
vn 0.490847 0.473094 0.731609
vn 0.623348 0.157871 0.765842
vn 0.640363 0.018090 0.767860
vn 0.640662 -0.003266 0.767816
vn 0.640651 -0.002449 0.767829
vn 0.640566 -0.010813 0.767827
vn 0.640343 -0.026648 0.767627
vn 0.611206 -0.204157 0.764688
vn 0.616775 -0.424354 0.662957
vn 0.585838 -0.408223 0.700106
vn -0.028887 -0.736668 0.675637
vn 0.133485 -0.737295 0.662252
vn -0.081883 -0.732306 0.676035
vn -0.080783 -0.733756 0.674593
vn 0.992040 -0.002429 0.125898
vn 0.991311 0.003362 0.131494
vn 0.993106 -0.011831 0.116623
vn 0.992407 -0.005504 0.122872
vn -0.637049 0.370553 0.675914
vn -0.811925 0.551613 -0.191051
vn -0.509943 0.306033 0.803929
vn -0.070438 0.950328 0.303176
vn 0.038644 0.998963 -0.024060
vn -0.308014 0.467041 0.828855
vn -0.799252 -0.282903 0.530248
vn -0.799252 -0.282903 0.530247
vn -0.847037 -0.517395 -0.121781
vn -0.878495 -0.430485 0.207195
vn -0.697650 -0.542966 -0.467410
vn -0.697650 -0.542967 -0.467410
vn -0.697649 -0.542968 -0.467409
vn -0.697649 -0.542968 -0.467408
vn 0.113268 0.960383 -0.254627
vn -0.697651 -0.542963 -0.467412
vn -0.697651 -0.542963 -0.467413
vn -0.775418 -0.541519 -0.324783
vn -0.799253 -0.282901 0.530246
vn -0.454992 0.183157 0.871456
vn -0.483605 0.250494 0.838677
vn -0.414893 0.103330 0.903984
vn -0.419992 0.254004 0.871257
vn -0.328668 0.248843 0.911073
vn -0.330444 0.242887 0.912037
vn -0.309857 0.124329 0.942619
vn -0.369857 0.107330 0.922868
vn -0.311038 0.195759 0.930018
vn 0.002735 0.076252 -0.997085
vn 0.002833 0.076750 -0.997046
vn 0.050353 -0.011455 -0.998666
vn 0.069536 -0.043199 -0.996644
vn 0.115008 -0.123294 -0.985684
vn 0.113089 -0.118496 -0.986494
vn 0.141135 0.058765 -0.988245
vn 0.085349 0.069120 -0.993951
vn 0.204641 0.047536 -0.977682
vn 0.208983 0.047041 -0.976787
vn 0.172103 -0.112660 -0.978615
vn 0.170880 -0.113159 -0.978772
vn 0.237171 -0.075166 -0.968556
vn 0.237143 -0.074979 -0.968577
vn 0.230690 -0.007521 -0.972998
vn 0.230545 -0.006009 -0.973043
vn -0.713895 0.695573 -0.080817
vn -0.713895 0.695573 -0.080816
vn -0.713895 0.695573 -0.080816
vn -0.713895 0.695573 -0.080816
vn 0.273815 0.961313 0.030029
vn 0.273815 0.961313 0.030029
vn 0.273815 0.961313 0.030029
vn 0.273815 0.961313 0.030029
vn 0.876062 0.472454 0.096455
vn 0.876062 0.472454 0.096455
vn 0.876062 0.472454 0.096455
vn 0.876062 0.472454 0.096455
vn 0.931027 -0.349016 0.106658
vn 0.931027 -0.349016 0.106658
vn 0.931027 -0.349016 0.106658
vn 0.931027 -0.349016 0.106658
vn 0.781786 -0.617052 0.089761
vn 0.781786 -0.617052 0.089761
vn 0.781786 -0.617052 0.089761
vn 0.781786 -0.617052 0.089761
vn -0.109941 -0.993806 -0.016186
vn -0.109941 -0.993806 -0.016186
vn -0.109941 -0.993806 -0.016186
vn -0.109941 -0.993806 -0.016186
vn -0.572519 -0.817221 -0.066125
vn -0.572519 -0.817221 -0.066125
vn -0.572519 -0.817221 -0.066125
vn -0.572519 -0.817221 -0.066125
vn -0.932200 0.344912 -0.109717
vn -0.932201 0.344912 -0.109717
vn -0.932201 0.344912 -0.109717
vn -0.932200 0.344912 -0.109717
vn -0.318653 0.190847 0.928460
vn -0.309244 0.114786 0.944030
vn -0.343126 0.259093 0.902848
vn -0.402043 0.257384 0.878701
vn -0.459889 0.227725 0.858279
vn -0.456082 0.165348 0.874442
vn -0.423433 0.115757 0.898501
vn -0.366209 0.110630 0.923933
vn -0.604387 0.451319 -0.656527
vn -0.602920 0.450498 -0.658436
vn -0.602920 0.450498 -0.658436
vn -0.604470 0.451365 -0.656418
vn 0.193342 0.838405 -0.509604
vn 0.193336 0.838407 -0.509604
vn 0.193334 0.838407 -0.509604
vn 0.193342 0.838405 -0.509604
vn 0.193330 0.838408 -0.509604
vn 0.193330 0.838408 -0.509604
vn -0.065883 0.811945 -0.580004
vn 0.001457 0.821567 -0.570111
vn 0.050303 0.825661 -0.561919
vn 0.057766 0.819260 -0.570506
vn 0.993417 -0.014840 0.113590
vn 0.994094 -0.008934 0.108154
vn 0.994500 -0.005087 0.104609
vn 0.995060 0.000713 0.099270
vn 0.079900 -0.708124 -0.701553
vn 0.080741 -0.709563 -0.700001
vn 0.139776 -0.712189 -0.687931
vn 0.300687 -0.709706 -0.637106
vn 0.718525 -0.437017 -0.541052
vn 0.698592 -0.420669 -0.578798
vn 0.746204 -0.210741 -0.631481
vn 0.779804 -0.024368 -0.625550
vn 0.779967 -0.008458 -0.625764
vn 0.780025 -0.000441 -0.625749
vn 0.780046 -0.001209 -0.625720
vn 0.779727 0.019419 -0.625818
vn 0.763249 0.152971 -0.627735
vn 0.637496 0.448890 -0.626177
vn 0.421306 0.646360 -0.636176
vn 0.348565 0.667840 -0.657641
vn 0.398640 0.630186 -0.666296
vn 0.920663 -0.379493 0.091457
vn 0.922139 -0.374504 0.096991
vn 0.923143 -0.371067 0.100578
vn 0.924647 -0.365750 0.106089
vn -0.312428 -0.730189 -0.607629
vn -0.261257 -0.762203 -0.592276
vn -0.350806 -0.719257 -0.599671
vn -0.566231 -0.519279 -0.640103
vn -0.708845 -0.183014 -0.681209
vn -0.726377 -0.020706 -0.686985
vn -0.726278 0.003390 -0.687393
vn -0.726231 0.002521 -0.687447
vn -0.726442 0.011991 -0.687123
vn -0.730105 0.042776 -0.681995
vn -0.735586 0.066175 -0.674192
vn -0.605716 0.452061 -0.654790
vn -0.605716 0.452061 -0.654790
vn -0.323662 0.188443 0.927218
vn -0.308977 0.109390 0.944758
vn -0.350983 0.266393 0.897689
vn -0.391852 0.261871 0.881973
vn -0.444451 0.214202 0.869817
vn -0.457133 0.152437 0.876237
vn -0.427068 0.119655 0.896268
vn -0.364173 0.112625 0.924496
vn 0.980667 0.000000 -0.195683
vn 0.872200 0.000000 -0.489149
vn 0.872196 0.000000 -0.489157
vn 0.980667 0.000000 -0.195685
vn 0.678354 0.000000 -0.734735
vn 0.678351 0.000000 -0.734738
vn 0.418110 0.000000 -0.908396
vn 0.418111 0.000000 -0.908396
vn 0.116939 0.000000 -0.993139
vn 0.116939 0.000000 -0.993139
vn -0.195682 0.000000 -0.980667
vn -0.195684 0.000000 -0.980667
vn -0.489149 0.000000 -0.872200
vn -0.489154 0.000000 -0.872197
vn -0.734733 0.000000 -0.678357
vn -0.734735 0.000000 -0.678355
vn -0.908397 0.000000 -0.418110
vn -0.908397 0.000000 -0.418110
vn -0.993139 0.000000 -0.116937
vn -0.993139 0.000000 -0.116938
vn -0.980667 0.000000 0.195683
vn -0.980668 0.000000 0.195678
vn -0.872200 0.000000 0.489149
vn -0.872200 0.000000 0.489150
vn -0.678359 0.000000 0.734730
vn -0.678354 0.000000 0.734736
vn -0.418110 0.000000 0.908396
vn -0.418108 0.000000 0.908397
vn -0.116935 0.000000 0.993140
vn -0.116935 0.000000 0.993140
vn 0.195681 0.000000 0.980668
vn 0.195679 0.000000 0.980668
vn 0.489151 0.000000 0.872199
vn 0.489147 0.000000 0.872201
vn 0.734735 0.000000 0.678354
vn 0.734734 0.000000 0.678356
vn 0.908395 0.000000 0.418113
vn 0.908395 0.000000 0.418114
vn 0.993139 0.000000 0.116940
vn 0.993139 0.000000 0.116942
vn 0.000000 -1.000000 0.000000
vn 0.000000 -1.000000 -0.000001
vn 0.000000 -1.000000 0.000000
vn 0.000000 -1.000000 0.000000
vn 0.000000 -1.000000 0.000000
vn 0.000000 -1.000000 0.000000
vn 0.000000 -1.000000 0.000001
vn 0.000000 -1.000000 0.000001
vn 0.000000 -1.000000 0.000000
vn 0.000000 -1.000000 0.000001
vn 0.000000 -1.000000 -0.000000
vn 0.000000 -1.000000 -0.000001
vn 0.000000 -1.000000 -0.000001
vn 0.000000 -1.000000 0.000000
vn 0.000000 -1.000000 0.000001
vn 0.000000 -1.000000 -0.000000
vn 0.000000 -1.000000 -0.000001
vn 0.000000 -1.000000 -0.000001
vn 0.000000 -1.000000 0.000000
vn 0.000000 -1.000000 0.000001
vn 0.000000 -1.000000 -0.000000
vn 0.000000 1.000000 -0.000005
vn 0.000000 1.000000 -0.000000
vn 0.000000 1.000000 0.000000
vn 0.000000 1.000000 0.000005
vn 0.000000 1.000000 0.000000
vn 0.000000 1.000000 0.000001
vn 0.000000 1.000000 0.000001
vn 0.000000 1.000000 0.000000
vn 0.000000 1.000000 0.000000
vn 0.000000 1.000000 0.000000
vn 0.000000 1.000000 0.000000
vn 0.000000 1.000000 0.000000
vn 0.000000 1.000000 0.000000
vn 0.000000 1.000000 0.000000
vn 0.000000 1.000000 0.000000
vn 0.000000 1.000000 0.000000
vn 0.000000 1.000000 0.000000
vn 0.000000 1.000000 0.000000
vn 0.000000 1.000000 0.000000
vn 0.000000 1.000000 0.000000
vn 0.000000 1.000000 0.000000
vn 0.706355 0.693683 -0.140946
vn 0.628232 0.693681 -0.352324
vn 0.628230 0.693681 -0.352326
vn 0.706355 0.693684 -0.140943
vn 0.488607 0.693684 -0.529212
vn 0.488605 0.693685 -0.529213
vn 0.301155 0.693687 -0.654296
vn 0.301158 0.693685 -0.654297
vn 0.084228 0.693687 -0.715335
vn 0.084229 0.693683 -0.715339
vn -0.140945 0.693689 -0.706350
vn -0.140948 0.693681 -0.706357
vn -0.352323 0.693688 -0.628224
vn -0.352326 0.693677 -0.628235
vn -0.529213 0.693683 -0.488607
vn -0.529217 0.693678 -0.488611
vn -0.654298 0.693683 -0.301160
vn -0.654301 0.693682 -0.301156
vn -0.715337 0.693685 -0.084228
vn -0.715337 0.693685 -0.084223
vn -0.706351 0.693687 0.140947
vn -0.706353 0.693685 0.140947
vn -0.628225 0.693689 0.352318
vn -0.628232 0.693681 0.352322
vn -0.488604 0.693689 0.529208
vn -0.488614 0.693676 0.529217
vn -0.301155 0.693686 0.654297
vn -0.301163 0.693676 0.654305
vn -0.084228 0.693683 0.715338
vn -0.084229 0.693678 0.715343
vn 0.140947 0.693681 0.706358
vn 0.140946 0.693680 0.706358
vn 0.352324 0.693680 0.628232
vn 0.352328 0.693680 0.628230
vn 0.529215 0.693682 0.488608
vn 0.529220 0.693676 0.488610
vn 0.654298 0.693686 0.301154
vn 0.654306 0.693676 0.301160
vn 0.715335 0.693687 0.084228
vn 0.715340 0.693682 0.084226
vn 0.980668 0.000000 -0.195678
vn 0.872202 -0.000001 -0.489145
vn 0.872204 0.000000 -0.489143
vn 0.980668 0.000000 -0.195677
vn 0.678356 -0.000002 -0.734734
vn 0.678355 0.000000 -0.734734
vn 0.418111 -0.000001 -0.908396
vn 0.418109 0.000000 -0.908397
vn 0.116938 0.000000 -0.993139
vn 0.116938 0.000000 -0.993139
vn -0.195683 0.000001 -0.980667
vn -0.195684 0.000000 -0.980667
vn -0.489147 0.000002 -0.872201
vn -0.489149 0.000000 -0.872200
vn -0.734733 0.000001 -0.678357
vn -0.734733 0.000000 -0.678357
vn -0.908395 0.000000 -0.418112
vn -0.908395 0.000000 -0.418112
vn -0.993139 -0.000001 -0.116937
vn -0.993139 0.000000 -0.116938
vn -0.980667 -0.000001 0.195684
vn -0.980667 0.000000 0.195683
vn -0.872203 -0.000000 0.489144
vn -0.872203 0.000000 0.489143
vn -0.678358 0.000000 0.734731
vn -0.678358 0.000000 0.734732
vn -0.418110 0.000000 0.908397
vn -0.418109 0.000000 0.908397
vn -0.116936 0.000000 0.993139
vn -0.116936 0.000000 0.993140
vn 0.195681 0.000001 0.980668
vn 0.195682 0.000000 0.980667
vn 0.489145 0.000002 0.872203
vn 0.489144 0.000000 0.872203
vn 0.734732 0.000001 0.678357
vn 0.734731 0.000000 0.678359
vn 0.908397 0.000000 0.418109
vn 0.908396 0.000000 0.418110
vn 0.993140 0.000000 0.116936
vn 0.993140 0.000000 0.116936
vn 0.751312 0.642694 -0.149915
vn 0.668210 0.642698 -0.374745
vn 0.668207 0.642702 -0.374745
vn 0.751313 0.642693 -0.149916
vn 0.519700 0.642701 -0.562893
vn 0.519700 0.642702 -0.562891
vn 0.320322 0.642699 -0.695939
vn 0.320325 0.642695 -0.695942
vn 0.089589 0.642698 -0.760863
vn 0.089591 0.642693 -0.760867
vn -0.149918 0.642699 -0.751307
vn -0.149920 0.642691 -0.751313
vn -0.374745 0.642699 -0.668210
vn -0.374747 0.642691 -0.668216
vn -0.562893 0.642697 -0.519704
vn -0.562895 0.642693 -0.519708
vn -0.695941 0.642697 -0.320323
vn -0.695941 0.642696 -0.320325
vn -0.760863 0.642699 -0.089589
vn -0.760861 0.642701 -0.089588
vn -0.751310 0.642696 0.149918
vn -0.751311 0.642695 0.149916
vn -0.668212 0.642696 0.374746
vn -0.668218 0.642687 0.374750
vn -0.519701 0.642700 0.562893
vn -0.519707 0.642690 0.562898
vn -0.320322 0.642703 0.695936
vn -0.320323 0.642699 0.695939
vn -0.089587 0.642702 0.760860
vn -0.089588 0.642700 0.760862
vn 0.149917 0.642697 0.751309
vn 0.149916 0.642694 0.751312
vn 0.374745 0.642695 0.668214
vn 0.374747 0.642693 0.668214
vn 0.562895 0.642698 0.519701
vn 0.562896 0.642696 0.519702
vn 0.695939 0.642699 0.320322
vn 0.695941 0.642696 0.320324
vn 0.760866 0.642695 0.089589
vn 0.760868 0.642693 0.089591
vn 0.980667 0.000000 -0.195683
vn 0.872200 0.000000 -0.489149
vn 0.872201 0.000000 -0.489148
vn 0.980667 0.000000 -0.195683
vn 0.678357 0.000000 -0.734732
vn 0.678358 0.000000 -0.734732
vn 0.418112 0.000000 -0.908395
vn 0.418112 0.000000 -0.908395
vn 0.116941 0.000000 -0.993139
vn 0.116941 0.000000 -0.993139
vn -0.195685 0.000000 -0.980667
vn -0.195685 0.000000 -0.980667
vn -0.489147 0.000000 -0.872202
vn -0.489146 0.000000 -0.872202
vn -0.734730 0.000000 -0.678360
vn -0.734729 0.000000 -0.678360
vn -0.908397 0.000000 -0.418109
vn -0.908397 0.000000 -0.418109
vn -0.993139 0.000000 -0.116939
vn -0.993139 0.000000 -0.116939
vn -0.980668 0.000000 0.195678
vn -0.980668 0.000000 0.195678
vn -0.872202 0.000000 0.489146
vn -0.872202 0.000000 0.489147
vn -0.678355 0.000000 0.734734
vn -0.678355 0.000000 0.734735
vn -0.418109 0.000000 0.908397
vn -0.418109 0.000000 0.908397
vn -0.116939 0.000000 0.993139
vn -0.116939 0.000000 0.993139
vn 0.195680 0.000000 0.980668
vn 0.195680 0.000000 0.980668
vn 0.489145 0.000000 0.872202
vn 0.489146 0.000000 0.872202
vn 0.734734 0.000000 0.678355
vn 0.734735 0.000000 0.678355
vn 0.908396 0.000000 0.418110
vn 0.908396 0.000000 0.418111
vn 0.993139 0.000000 0.116943
vn 0.993139 0.000000 0.116943
vn 0.000000 1.000000 -0.000001
vn 0.000000 1.000000 0.000000
vn 0.000000 1.000000 0.000002
vn 0.000000 1.000000 0.000002
vn 0.000000 1.000000 0.000000
vn 0.000000 1.000000 0.000001
vn 0.000000 1.000000 -0.000001
vn 0.000000 1.000000 -0.000003
vn 0.000000 1.000000 0.000001
vn 0.000000 1.000000 -0.000007
vn 0.000000 1.000000 0.000001
vn 0.000000 1.000000 0.000002
vn 0.000000 1.000000 -0.000000
vn 0.000000 1.000000 0.000008
vn 0.000000 1.000000 -0.000001
vn 0.000000 1.000000 0.000002
vn 0.000000 1.000000 0.000000
vn 0.000000 1.000000 0.000000
vn 0.000000 1.000000 -0.000001
vn 0.000000 1.000000 0.000000
vn 0.000000 1.000000 -0.000001
vn 0.000000 1.000000 -0.000002
vn 0.000000 1.000000 0.000001
vn 0.000000 1.000000 0.000001
vn 0.000000 1.000000 0.000001
vn 0.000000 1.000000 -0.000000
vn 0.000000 1.000000 -0.000000
vn 0.000000 1.000000 -0.000005
vn 0.000000 1.000000 -0.000001
vn 0.000000 1.000000 -0.000006
vn 0.000000 1.000000 -0.000001
vn 0.000000 1.000000 -0.000002
vn 0.000000 1.000000 0.000002
vn 0.000000 1.000000 0.000000
vn 0.000000 1.000000 0.000001
vn 0.000000 1.000000 -0.000003
vn 0.000000 1.000000 -0.000000
vn 0.000000 1.000000 -0.000001
vn 0.000000 1.000000 0.000000
vn 0.000000 1.000000 0.000001
vn 0.980668 0.000000 -0.195679
vn 0.872203 0.000000 -0.489144
vn 0.872205 0.000000 -0.489141
vn 0.980669 0.000000 -0.195675
vn 0.678356 0.000000 -0.734734
vn 0.678351 0.000000 -0.734738
vn 0.418108 0.000000 -0.908397
vn 0.418103 0.000000 -0.908400
vn 0.116940 0.000000 -0.993139
vn 0.116940 0.000000 -0.993139
vn -0.195681 0.000000 -0.980668
vn -0.195683 0.000000 -0.980667
vn -0.489149 0.000000 -0.872200
vn -0.489154 0.000000 -0.872198
vn -0.734729 0.000000 -0.678360
vn -0.734728 0.000000 -0.678362
vn -0.908395 0.000000 -0.418113
vn -0.908392 0.000000 -0.418119
vn -0.993139 0.000000 -0.116940
vn -0.993139 0.000000 -0.116941
vn -0.980667 0.000000 0.195685
vn -0.980668 0.000000 0.195682
vn -0.872200 0.000000 0.489150
vn -0.872203 0.000000 0.489145
vn -0.678359 0.000000 0.734731
vn -0.678352 0.000000 0.734737
vn -0.418113 0.000000 0.908395
vn -0.418109 0.000000 0.908397
vn -0.116936 0.000000 0.993140
vn -0.116936 0.000000 0.993140
vn 0.195685 0.000000 0.980667
vn 0.195682 0.000000 0.980668
vn 0.489146 0.000000 0.872202
vn 0.489139 0.000000 0.872206
vn 0.734733 0.000000 0.678356
vn 0.734728 0.000000 0.678362
vn 0.908397 0.000000 0.418110
vn 0.908393 0.000000 0.418117
vn 0.993139 0.000000 0.116939
vn 0.993139 0.000000 0.116941
vn 0.806850 -0.568395 -0.160995
vn 0.717606 -0.568399 -0.402447
vn 0.717607 -0.568398 -0.402448
vn 0.806853 -0.568392 -0.160993
vn 0.558120 -0.568394 -0.604509
vn 0.558118 -0.568400 -0.604505
vn 0.344003 -0.568394 -0.747389
vn 0.344001 -0.568402 -0.747384
vn 0.096215 -0.568403 -0.817105
vn 0.096212 -0.568414 -0.817098
vn -0.160995 -0.568408 -0.806842
vn -0.160997 -0.568418 -0.806834
vn -0.402448 -0.568404 -0.717602
vn -0.402441 -0.568406 -0.717605
vn -0.604498 -0.568403 -0.558122
vn -0.604500 -0.568398 -0.558125
vn -0.747382 -0.568403 -0.344003
vn -0.747384 -0.568398 -0.344007
vn -0.817107 -0.568401 -0.096212
vn -0.817104 -0.568405 -0.096215
vn -0.806844 -0.568403 0.161000
vn -0.806837 -0.568414 0.160995
vn -0.717602 -0.568405 0.402445
vn -0.717600 -0.568409 0.402445
vn -0.558119 -0.568401 0.604502
vn -0.558120 -0.568401 0.604501
vn -0.344004 -0.568398 0.747385
vn -0.344003 -0.568404 0.747381
vn -0.096212 -0.568399 0.817108
vn -0.096208 -0.568404 0.817105
vn 0.161001 -0.568400 0.806846
vn 0.160999 -0.568399 0.806847
vn 0.402445 -0.568402 0.717606
vn 0.402440 -0.568398 0.717611
vn 0.604501 -0.568403 0.558119
vn 0.604501 -0.568399 0.558123
vn 0.747387 -0.568399 0.343999
vn 0.747387 -0.568398 0.344000
vn 0.817113 -0.568393 0.096210
vn 0.817112 -0.568394 0.096213
vn 0.761872 0.629636 -0.152016
vn 0.677603 0.629639 -0.380012
vn 0.677593 0.629651 -0.380010
vn 0.761858 0.629654 -0.152014
vn 0.527006 0.629632 -0.570813
vn 0.527004 0.629641 -0.570806
vn 0.324827 0.629632 -0.705727
vn 0.324820 0.629639 -0.705725
vn 0.090851 0.629642 -0.771555
vn 0.090844 0.629639 -0.771558
vn -0.152018 0.629645 -0.761865
vn -0.152024 0.629636 -0.761871
vn -0.380013 0.629641 -0.677601
vn -0.380009 0.629639 -0.677605
vn -0.570805 0.629635 -0.527012
vn -0.570809 0.629633 -0.527010
vn -0.705727 0.629634 -0.324823
vn -0.705733 0.629625 -0.324828
vn -0.771555 0.629642 -0.090850
vn -0.771558 0.629639 -0.090845
vn -0.761863 0.629646 0.152021
vn -0.761858 0.629654 0.152017
vn -0.677601 0.629641 0.380012
vn -0.677593 0.629651 0.380010
vn -0.527003 0.629638 0.570810
vn -0.527004 0.629643 0.570803
vn -0.324818 0.629647 0.705718
vn -0.324822 0.629651 0.705712
vn -0.090846 0.629653 0.771547
vn -0.090844 0.629659 0.771542
vn 0.152024 0.629648 0.761861
vn 0.152021 0.629645 0.761864
vn 0.380007 0.629648 0.677597
vn 0.380009 0.629640 0.677604
vn 0.570797 0.629651 0.527001
vn 0.570802 0.629650 0.526997
vn 0.705716 0.629647 0.324822
vn 0.705718 0.629646 0.324820
vn 0.771559 0.629638 0.090847
vn 0.771552 0.629646 0.090854
vn 0.270855 0.000000 -0.962620
vn 0.270855 0.000000 -0.962620
vn 0.227890 0.000000 -0.973687
vn 0.313288 0.000000 -0.949658
vn -0.831802 0.000000 -0.555073
vn -0.831802 0.000000 -0.555073
vn -0.855606 0.000000 -0.517627
vn -0.806362 0.000000 -0.591422
vn -0.784942 0.000000 0.619569
vn -0.784942 0.000000 0.619569
vn -0.756687 0.000000 0.653778
vn -0.811653 0.000000 0.584140
vn 0.346678 0.000000 0.937984
vn 0.346678 0.000000 0.937984
vn 0.387943 0.000000 0.921683
vn 0.304732 0.000000 0.952438
vn 0.999205 0.000000 -0.039858
vn 0.999205 0.000000 -0.039858
vn 0.996454 0.000000 -0.084140
vn 0.999990 0.000000 0.004503
vn 0.000000 -1.000000 -0.000001
vn 0.000000 -1.000000 -0.000001
vn 0.000000 -1.000000 -0.000002
vn 0.000000 -1.000000 0.000000
vn 0.000000 -1.000000 -0.000001
vn 0.000000 -1.000000 -0.000003
vn 0.000000 -1.000000 -0.000003
vn 0.000000 -1.000000 -0.000003
vn 0.000000 -1.000000 -0.000004
vn 0.000000 -1.000000 -0.000007
vn 0.000000 -1.000000 -0.000003
vn 0.000000 -1.000000 -0.000007
vn 0.000000 -1.000000 -0.000003
vn 0.000000 -1.000000 -0.000004
vn 0.000000 -1.000000 -0.000003
vn 0.000000 -1.000000 -0.000001
vn 0.000000 -1.000000 -0.000000
vn 0.000000 -1.000000 -0.000001
vn 0.000000 -1.000000 0.000001
vn 0.000000 -1.000000 0.000000
vn 0.000000 -1.000000 0.000001
vn 0.000000 -1.000000 0.000000
vn 0.000000 -1.000000 0.000001
vn 0.000000 -1.000000 0.000001
vn 0.000000 -1.000000 0.000002
vn 0.000000 -1.000000 0.000005
vn 0.000000 -1.000000 0.000002
vn 0.000000 -1.000000 0.000004
vn 0.000000 -1.000000 0.000000
vn 0.000000 -1.000000 0.000004
vn 0.000000 -1.000000 -0.000001
vn 0.000000 -1.000000 0.000005
vn 0.000000 -1.000000 0.000000
vn 0.000000 -1.000000 0.000003
vn 0.000000 -1.000000 0.000002
vn 0.000000 -1.000000 0.000004
vn 0.000000 -1.000000 0.000001
vn 0.000000 -1.000000 -0.000000
vn 0.000000 -1.000000 -0.000000
vn 0.000000 -1.000000 -0.000001
vn 0.751673 -0.642257 -0.149979
vn 0.668532 -0.642261 -0.374922
vn 0.668532 -0.642262 -0.374919
vn 0.751673 -0.642255 -0.149985
vn 0.519950 -0.642259 -0.563165
vn 0.519955 -0.642254 -0.563167
vn 0.320477 -0.642263 -0.696271
vn 0.320486 -0.642250 -0.696278
vn 0.089632 -0.642266 -0.761223
vn 0.089634 -0.642261 -0.761227
vn -0.149989 -0.642262 -0.751667
vn -0.149986 -0.642263 -0.751666
vn -0.374927 -0.642258 -0.668532
vn -0.374927 -0.642260 -0.668530
vn -0.563161 -0.642259 -0.519955
vn -0.563158 -0.642264 -0.519952
vn -0.696274 -0.642262 -0.320471
vn -0.696273 -0.642258 -0.320482
vn -0.761226 -0.642262 -0.089635
vn -0.761236 -0.642250 -0.089633
vn -0.751666 -0.642264 0.149988
vn -0.751669 -0.642260 0.149986
vn -0.668534 -0.642256 0.374926
vn -0.668537 -0.642256 0.374920
vn -0.519959 -0.642247 0.563171
vn -0.519962 -0.642242 0.563174
vn -0.320481 -0.642250 0.696281
vn -0.320482 -0.642240 0.696289
vn -0.089632 -0.642253 0.761234
vn -0.089630 -0.642244 0.761242
vn 0.149988 -0.642257 0.751671
vn 0.149992 -0.642250 0.751676
vn 0.374920 -0.642265 0.668528
vn 0.374926 -0.642258 0.668532
vn 0.563160 -0.642262 0.519952
vn 0.563165 -0.642256 0.519955
vn 0.696277 -0.642256 0.320477
vn 0.696282 -0.642249 0.320481
vn 0.761231 -0.642256 0.089633
vn 0.761237 -0.642249 0.089633
vn 0.239208 0.966935 -0.088408
vn 0.239208 0.966935 -0.088408
vn 0.239231 0.966928 -0.088420
vn 0.239231 0.966928 -0.088420
vn 0.200178 0.966935 -0.158006
vn 0.200178 0.966935 -0.158006
vn 0.200195 0.966929 -0.158021
vn 0.200195 0.966929 -0.158021
vn 0.141555 0.966935 -0.212129
vn 0.141555 0.966935 -0.212129
vn 0.141566 0.966932 -0.212137
vn 0.141566 0.966932 -0.212137
vn 0.069075 0.966935 -0.245492
vn 0.069075 0.966935 -0.245492
vn 0.069080 0.966929 -0.245513
vn 0.069080 0.966929 -0.245513
vn -0.010167 0.966935 -0.254822
vn -0.010167 0.966935 -0.254822
vn -0.010168 0.966929 -0.254845
vn -0.010168 0.966929 -0.254845
vn -0.088413 0.966935 -0.239208
vn -0.088413 0.966935 -0.239208
vn -0.088418 0.966932 -0.239217
vn -0.088418 0.966932 -0.239217
vn -0.158005 0.966935 -0.200180
vn -0.158005 0.966935 -0.200180
vn -0.158019 0.966929 -0.200195
vn -0.158019 0.966929 -0.200195
vn -0.212129 0.966935 -0.141557
vn -0.212129 0.966935 -0.141557
vn -0.212144 0.966931 -0.141563
vn -0.212144 0.966931 -0.141563
vn -0.245491 0.966935 -0.069075
vn -0.245491 0.966935 -0.069075
vn -0.245509 0.966930 -0.069079
vn -0.245509 0.966930 -0.069079
vn -0.254822 0.966935 0.010163
vn -0.254822 0.966935 0.010163
vn -0.254843 0.966929 0.010159
vn -0.254843 0.966929 0.010159
vn -0.239209 0.966934 0.088414
vn -0.239209 0.966934 0.088414
vn -0.239225 0.966930 0.088416
vn -0.239225 0.966930 0.088416
vn -0.200179 0.966935 0.158006
vn -0.200179 0.966935 0.158006
vn -0.200191 0.966930 0.158021
vn -0.200191 0.966930 0.158021
vn -0.141554 0.966935 0.212128
vn -0.141554 0.966935 0.212128
vn -0.141566 0.966929 0.212149
vn -0.141566 0.966929 0.212149
vn -0.069076 0.966935 0.245491
vn -0.069076 0.966935 0.245491
vn -0.069080 0.966929 0.245513
vn -0.069080 0.966929 0.245513
vn 0.010167 0.966934 0.254823
vn 0.010167 0.966934 0.254823
vn 0.010167 0.966930 0.254839
vn 0.010167 0.966930 0.254839
vn 0.088412 0.966935 0.239207
vn 0.088412 0.966935 0.239207
vn 0.088419 0.966928 0.239233
vn 0.088419 0.966928 0.239233
vn 0.158003 0.966935 0.200179
vn 0.158003 0.966935 0.200179
vn 0.158015 0.966929 0.200197
vn 0.158015 0.966929 0.200197
vn 0.212131 0.966935 0.141555
vn 0.212131 0.966935 0.141555
vn 0.212147 0.966929 0.141567
vn 0.212147 0.966929 0.141567
vn 0.245491 0.966935 0.069077
vn 0.245491 0.966935 0.069077
vn 0.245509 0.966930 0.069083
vn 0.245509 0.966930 0.069083
vn 0.254821 0.966935 -0.010167
vn 0.254821 0.966935 -0.010167
vn 0.254843 0.966929 -0.010169
vn 0.254843 0.966929 -0.010169
vn 0.706338 0.693701 -0.140948
vn 0.628251 0.693663 -0.352325
vn 0.628234 0.693677 -0.352326
vn 0.706354 0.693684 -0.140945
vn 0.488645 0.693643 -0.529231
vn 0.488614 0.693675 -0.529217
vn 0.301177 0.693638 -0.654339
vn 0.301163 0.693677 -0.654304
vn 0.084240 0.693633 -0.715386
vn 0.084228 0.693680 -0.715342
vn -0.140959 0.693635 -0.706401
vn -0.140946 0.693683 -0.706355
vn -0.352322 0.693664 -0.628251
vn -0.352327 0.693684 -0.628226
vn -0.529199 0.693699 -0.488600
vn -0.529213 0.693683 -0.488607
vn -0.654291 0.693689 -0.301161
vn -0.654301 0.693680 -0.301160
vn -0.715361 0.693659 -0.084235
vn -0.715345 0.693677 -0.084227
vn -0.706381 0.693656 0.140949
vn -0.706358 0.693679 0.140949
vn -0.628261 0.693650 0.352331
vn -0.628229 0.693682 0.352326
vn -0.488630 0.693655 0.529229
vn -0.488607 0.693686 0.529210
vn -0.301170 0.693654 0.654325
vn -0.301158 0.693684 0.654299
vn -0.084232 0.693626 0.715394
vn -0.084229 0.693676 0.715345
vn 0.140961 0.693644 0.706391
vn 0.140947 0.693675 0.706363
vn 0.352328 0.693672 0.628238
vn 0.352327 0.693675 0.628236
vn 0.529212 0.693674 0.488622
vn 0.529216 0.693678 0.488611
vn 0.654300 0.693683 0.301158
vn 0.654297 0.693686 0.301157
vn 0.715318 0.693706 0.084219
vn 0.715332 0.693690 0.084228
vn 0.980667 0.000000 -0.195683
vn 0.872201 0.000000 -0.489147
vn 0.678357 0.000000 -0.734733
vn 0.418113 0.000000 -0.908395
vn 0.116939 0.000000 -0.993139
vn -0.195681 0.000000 -0.980668
vn -0.489145 0.000000 -0.872202
vn -0.734729 0.000000 -0.678360
vn -0.908396 0.000000 -0.418112
vn -0.993139 0.000000 -0.116936
vn -0.980667 0.000000 0.195683
vn -0.872202 0.000000 0.489147
vn -0.678359 0.000000 0.734730
vn -0.418108 0.000000 0.908397
vn -0.116935 0.000000 0.993140
vn 0.195680 0.000000 0.980668
vn 0.489151 0.000000 0.872199
vn 0.734731 0.000000 0.678358
vn 0.908394 0.000000 0.418115
vn 0.993139 0.000000 0.116939
vn 0.706380 0.693657 -0.140953
vn 0.715399 0.693619 0.084242
vn 0.654385 0.693593 0.301180
vn 0.529294 0.693591 0.488651
vn 0.352353 0.693631 0.628270
vn 0.140932 0.693695 0.706347
vn -0.084227 0.693690 0.715332
vn -0.301177 0.693628 0.654350
vn -0.488669 0.693592 0.529275
vn -0.628286 0.693611 0.352364
vn -0.706395 0.693640 0.140960
vn -0.715378 0.693641 -0.084236
vn -0.654353 0.693619 -0.301190
vn -0.529275 0.693585 -0.488681
vn -0.352362 0.693595 -0.628305
vn -0.140955 0.693668 -0.706368
vn 0.084234 0.693687 -0.715334
vn 0.301161 0.693651 -0.654332
vn 0.488596 0.693677 -0.529232
vn 0.628225 0.693687 -0.352322
vn 0.980668 0.000000 -0.195678
vn 0.872202 -0.000001 -0.489146
vn 0.678356 -0.000002 -0.734734
vn 0.418111 -0.000001 -0.908396
vn 0.116938 0.000000 -0.993139
vn -0.195683 0.000001 -0.980667
vn -0.489148 0.000002 -0.872201
vn -0.734733 0.000001 -0.678357
vn -0.908395 0.000000 -0.418112
vn -0.993139 -0.000001 -0.116937
vn -0.980667 -0.000001 0.195684
vn -0.872203 -0.000001 0.489145
vn -0.678358 0.000000 0.734731
vn -0.418110 0.000000 0.908397
vn -0.116936 0.000000 0.993140
vn 0.195681 0.000001 0.980668
vn 0.489145 0.000002 0.872202
vn 0.734733 0.000001 0.678357
vn 0.908397 0.000000 0.418109
vn 0.993140 0.000000 0.116936
vn 0.980667 0.000000 -0.195685
vn 0.872200 0.000000 -0.489150
vn 0.678358 0.000000 -0.734731
vn 0.418112 0.000000 -0.908396
vn 0.116941 0.000000 -0.993139
vn -0.195685 0.000000 -0.980667
vn -0.489147 0.000000 -0.872202
vn -0.734731 0.000000 -0.678359
vn -0.908397 0.000000 -0.418109
vn -0.993139 0.000000 -0.116939
vn -0.980669 0.000000 0.195676
vn -0.872202 0.000000 0.489145
vn -0.678356 0.000000 0.734733
vn -0.418110 0.000000 0.908396
vn -0.116938 0.000000 0.993139
vn 0.195680 0.000000 0.980668
vn 0.489145 0.000000 0.872203
vn 0.734732 0.000000 0.678357
vn 0.908396 0.000000 0.418112
vn 0.993139 0.000000 0.116943
vn 0.751312 0.642695 -0.149915
vn 0.668213 0.642695 -0.374745
vn 0.519701 0.642700 -0.562892
vn 0.320321 0.642703 -0.695936
vn 0.089589 0.642704 -0.760858
vn -0.149919 0.642707 -0.751300
vn -0.374741 0.642707 -0.668205
vn -0.562889 0.642702 -0.519702
vn -0.695939 0.642698 -0.320325
vn -0.760865 0.642696 -0.089590
vn -0.751309 0.642697 0.149918
vn -0.668204 0.642705 0.374745
vn -0.519696 0.642710 0.562885
vn -0.320320 0.642707 0.695933
vn -0.089588 0.642704 0.760859
vn 0.149915 0.642701 0.751307
vn 0.374743 0.642696 0.668213
vn 0.562892 0.642699 0.519702
vn 0.695938 0.642703 0.320319
vn 0.760863 0.642698 0.089588
vn 0.980667 0.000000 -0.195684
vn 0.993139 0.000000 0.116944
vn 0.908395 0.000000 0.418112
vn 0.734736 0.000000 0.678353
vn 0.489147 0.000000 0.872202
vn 0.195681 0.000000 0.980668
vn -0.116940 0.000000 0.993139
vn -0.418109 0.000000 0.908397
vn -0.678350 0.000000 0.734739
vn -0.872198 0.000000 0.489153
vn -0.980668 0.000000 0.195680
vn -0.993139 0.000000 -0.116938
vn -0.908396 0.000000 -0.418112
vn -0.734725 0.000000 -0.678366
vn -0.489145 0.000000 -0.872203
vn -0.195686 0.000000 -0.980667
vn 0.116940 0.000000 -0.993139
vn 0.418111 0.000000 -0.908396
vn 0.678361 0.000000 -0.734729
vn 0.872202 0.000000 -0.489146
vn 0.000000 1.000000 -0.000001
vn 0.000000 1.000000 -0.000002
vn 0.000000 1.000000 -0.000001
vn 0.000000 1.000000 -0.000000
vn 0.000000 1.000000 0.000002
vn 0.000000 1.000000 0.000001
vn 0.000000 1.000000 -0.000001
vn 0.000000 1.000000 0.000000
vn 0.000000 1.000000 0.000001
vn 0.000000 1.000000 -0.000001
vn 0.000000 1.000000 -0.000000
vn 0.000000 1.000000 0.000002
vn 0.000000 1.000000 0.000000
vn 0.000000 1.000000 0.000001
vn 0.000000 1.000000 0.000002
vn 0.000000 1.000000 0.000000
vn 0.000000 1.000000 0.000002
vn 0.000000 1.000000 0.000002
vn 0.000000 1.000000 -0.000000
vn 0.000000 1.000000 -0.000000
vn 0.000000 1.000000 0.000000
vn 0.000000 1.000000 -0.000005
vn 0.000000 1.000000 -0.000003
vn 0.000000 1.000000 0.000001
vn 0.000000 1.000000 0.000001
vn 0.000000 1.000000 0.000000
vn 0.000000 1.000000 0.000001
vn 0.000000 1.000000 0.000003
vn 0.000000 1.000000 0.000002
vn 0.000000 1.000000 -0.000001
vn 0.000000 1.000000 0.000001
vn 0.000000 1.000000 0.000003
vn 0.000000 1.000000 -0.000001
vn 0.000000 1.000000 0.000001
vn 0.000000 1.000000 0.000006
vn 0.000000 1.000000 0.000002
vn 0.000000 1.000000 0.000002
vn 0.000000 1.000000 0.000002
vn 0.000000 1.000000 -0.000001
vn 0.000000 1.000000 0.000000
vn 0.980668 0.000000 -0.195679
vn 0.872203 0.000000 -0.489145
vn 0.678356 0.000000 -0.734733
vn 0.418109 0.000000 -0.908397
vn 0.116940 0.000000 -0.993139
vn -0.195681 0.000000 -0.980668
vn -0.489149 0.000000 -0.872201
vn -0.734730 0.000000 -0.678360
vn -0.908395 0.000000 -0.418113
vn -0.993139 0.000000 -0.116939
vn -0.980667 0.000000 0.195686
vn -0.872199 0.000000 0.489151
vn -0.678360 0.000000 0.734730
vn -0.418113 0.000000 0.908395
vn -0.116936 0.000000 0.993140
vn 0.195686 0.000000 0.980667
vn 0.489147 0.000000 0.872202
vn 0.734734 0.000000 0.678355
vn 0.908397 0.000000 0.418109
vn 0.993139 0.000000 0.116939
vn 0.980669 0.000000 -0.195675
vn 0.872203 0.000000 -0.489143
vn 0.872202 0.000000 -0.489146
vn 0.980669 0.000000 -0.195675
vn 0.678355 0.000000 -0.734734
vn 0.678357 0.000000 -0.734733
vn 0.418107 0.000000 -0.908398
vn 0.418110 0.000000 -0.908396
vn 0.116938 0.000000 -0.993139
vn 0.116938 0.000000 -0.993139
vn -0.195681 0.000000 -0.980668
vn -0.195681 0.000000 -0.980668
vn -0.489150 0.000000 -0.872200
vn -0.489148 0.000000 -0.872201
vn -0.734730 0.000000 -0.678359
vn -0.734728 0.000000 -0.678362
vn -0.908395 0.000000 -0.418112
vn -0.908397 0.000000 -0.418108
vn -0.993139 0.000000 -0.116937
vn -0.993140 0.000000 -0.116936
vn -0.980667 0.000000 0.195683
vn -0.980668 0.000000 0.195682
vn -0.872202 0.000000 0.489146
vn -0.872201 0.000000 0.489148
vn -0.678361 0.000000 0.734729
vn -0.678355 0.000000 0.734735
vn -0.418113 0.000000 0.908395
vn -0.418110 0.000000 0.908396
vn -0.116940 0.000000 0.993139
vn -0.116939 0.000000 0.993139
vn 0.195684 0.000000 0.980667
vn 0.195682 0.000000 0.980667
vn 0.489145 0.000000 0.872203
vn 0.489145 0.000000 0.872203
vn 0.734734 0.000000 0.678355
vn 0.734734 0.000000 0.678355
vn 0.908396 0.000000 0.418111
vn 0.908397 0.000000 0.418109
vn 0.993138 0.000000 0.116945
vn 0.993139 0.000000 0.116942
vn 0.806848 -0.568399 -0.160992
vn 0.717604 -0.568401 -0.402449
vn 0.558126 -0.568388 -0.604509
vn 0.344006 -0.568386 -0.747394
vn 0.096213 -0.568392 -0.817113
vn -0.161000 -0.568397 -0.806848
vn -0.402446 -0.568402 -0.717605
vn -0.604497 -0.568408 -0.558118
vn -0.747381 -0.568407 -0.343998
vn -0.817110 -0.568397 -0.096209
vn -0.806852 -0.568392 0.161000
vn -0.717603 -0.568402 0.402449
vn -0.558123 -0.568401 0.604500
vn -0.344006 -0.568393 0.747388
vn -0.096210 -0.568394 0.817112
vn 0.160998 -0.568401 0.806845
vn 0.402441 -0.568406 0.717605
vn 0.604502 -0.568407 0.558114
vn 0.747387 -0.568399 0.343998
vn 0.817114 -0.568391 0.096213
vn 0.761893 0.629609 -0.152027
vn 0.677612 0.629620 -0.380027
vn 0.527015 0.629619 -0.570820
vn 0.324836 0.629623 -0.705731
vn 0.090847 0.629647 -0.771552
vn -0.152020 0.629658 -0.761853
vn -0.380005 0.629644 -0.677602
vn -0.570812 0.629638 -0.527001
vn -0.705716 0.629648 -0.324822
vn -0.771553 0.629646 -0.090843
vn -0.761872 0.629635 0.152023
vn -0.677606 0.629627 0.380026
vn -0.527005 0.629631 0.570816
vn -0.324827 0.629640 0.705720
vn -0.090845 0.629643 0.771555
vn 0.152023 0.629652 0.761858
vn 0.379998 0.629660 0.677591
vn 0.570795 0.629652 0.527003
vn 0.705718 0.629648 0.324817
vn 0.771568 0.629626 0.090856
vn 0.980669 0.000000 -0.195674
vn 0.993139 0.000000 0.116940
vn 0.908398 0.000000 0.418106
vn 0.908398 0.000000 0.418106
vn 0.734732 0.000000 0.678357
vn 0.734732 0.000000 0.678357
vn 0.489143 0.000000 0.872204
vn 0.195682 0.000000 0.980667
vn -0.116940 0.000000 0.993139
vn -0.116940 0.000000 0.993139
vn -0.418113 0.000000 0.908395
vn -0.418113 0.000000 0.908395
vn -0.678355 0.000000 0.734734
vn -0.872202 0.000000 0.489147
vn -0.980668 0.000000 0.195679
vn -0.980668 0.000000 0.195679
vn -0.993139 0.000000 -0.116938
vn -0.993139 0.000000 -0.116938
vn -0.908399 0.000000 -0.418105
vn -0.734732 0.000000 -0.678358
vn -0.489147 0.000000 -0.872201
vn -0.489147 0.000000 -0.872201
vn -0.195682 0.000000 -0.980668
vn -0.195682 0.000000 -0.980668
vn 0.116940 0.000000 -0.993139
vn 0.418113 0.000000 -0.908395
vn 0.678357 0.000000 -0.734733
vn 0.678357 0.000000 -0.734733
vn 0.872203 0.000000 -0.489145
vn 0.872203 0.000000 -0.489145
vn 0.872202 0.000000 -0.489147
vn 0.992998 0.000000 -0.118131
vn 0.678357 0.000000 -0.734732
vn 0.345549 0.000000 -0.938401
vn 0.194496 0.000000 -0.980903
vn -0.195682 0.000000 -0.980668
vn -0.489147 0.000000 -0.872201
vn -0.785686 0.000000 -0.618626
vn -0.872791 0.000000 -0.488094
vn -0.993140 0.000000 -0.116935
vn -0.980668 0.000000 0.195681
vn -0.831134 0.000000 0.556073
vn -0.733909 0.000000 0.679248
vn -0.418109 0.000000 0.908397
vn -0.116938 0.000000 0.993139
vn 0.272017 0.000000 0.962292
vn 0.419204 0.000000 0.907892
vn 0.734734 0.000000 0.678355
vn 0.908398 0.000000 0.418108
vn 0.999252 0.000000 0.038661
vn 0.000000 -1.000000 -0.000002
vn 0.000000 -1.000000 -0.000000
vn 0.000000 -1.000000 -0.000000
vn 0.000000 -1.000000 -0.000002
vn 0.000000 -1.000000 -0.000001
vn 0.000000 -1.000000 0.000001
vn 0.000000 -1.000000 -0.000003
vn 0.000000 -1.000000 -0.000005
vn 0.000000 -1.000000 0.000000
vn 0.000000 -1.000000 0.000001
vn 0.000000 -1.000000 0.000001
vn 0.000000 -1.000000 0.000001
vn 0.000000 -1.000000 0.000000
vn 0.000000 -1.000000 0.000001
vn 0.000000 -1.000000 -0.000003
vn 0.000000 -1.000000 -0.000005
vn 0.000000 -1.000000 -0.000002
vn 0.000000 -1.000000 0.000001
vn 0.000000 -1.000000 0.000002
vn 0.000000 -1.000000 0.000000
vn 0.751670 -0.642261 -0.149979
vn 0.668536 -0.642258 -0.374918
vn 0.519949 -0.642270 -0.563154
vn 0.320477 -0.642290 -0.696246
vn 0.089630 -0.642276 -0.761215
vn -0.149989 -0.642259 -0.751669
vn -0.374931 -0.642254 -0.668533
vn -0.563162 -0.642248 -0.519968
vn -0.696261 -0.642272 -0.320481
vn -0.761206 -0.642288 -0.089621
vn -0.751660 -0.642271 0.149986
vn -0.668536 -0.642254 0.374926
vn -0.519947 -0.642258 0.563169
vn -0.320470 -0.642270 0.696267
vn -0.089630 -0.642271 0.761219
vn 0.149988 -0.642271 0.751660
vn 0.374910 -0.642280 0.668519
vn 0.563154 -0.642276 0.519942
vn 0.696264 -0.642271 0.320475
vn 0.761220 -0.642269 0.089635
vn 0.239208 0.966935 -0.088409
vn 0.239208 0.966935 -0.088409
vn 0.200179 0.966935 -0.158006
vn 0.200179 0.966935 -0.158006
vn 0.141556 0.966935 -0.212131
vn 0.141556 0.966935 -0.212131
vn 0.069075 0.966935 -0.245491
vn 0.069075 0.966935 -0.245491
vn -0.010166 0.966935 -0.254819
vn -0.010166 0.966935 -0.254819
vn -0.088413 0.966934 -0.239209
vn -0.088413 0.966934 -0.239209
vn -0.158005 0.966935 -0.200180
vn -0.158005 0.966935 -0.200180
vn -0.212129 0.966935 -0.141557
vn -0.212129 0.966935 -0.141557
vn -0.245491 0.966935 -0.069075
vn -0.245491 0.966935 -0.069075
vn -0.254820 0.966935 0.010163
vn -0.254820 0.966935 0.010163
vn -0.239208 0.966934 0.088415
vn -0.239208 0.966934 0.088415
vn -0.200180 0.966935 0.158006
vn -0.200180 0.966935 0.158006
vn -0.141555 0.966935 0.212129
vn -0.141555 0.966935 0.212129
vn -0.069076 0.966935 0.245491
vn -0.069076 0.966935 0.245491
vn 0.010167 0.966934 0.254823
vn 0.010167 0.966934 0.254823
vn 0.088412 0.966935 0.239206
vn 0.088412 0.966935 0.239206
vn 0.158003 0.966935 0.200181
vn 0.158003 0.966935 0.200181
vn 0.212131 0.966935 0.141555
vn 0.212131 0.966935 0.141555
vn 0.245492 0.966934 0.069077
vn 0.245492 0.966935 0.069077
vn 0.254822 0.966935 -0.010167
vn 0.254822 0.966935 -0.010167
vn 0.239217 0.966932 -0.088415
vn 0.239217 0.966932 -0.088415
vn 0.200186 0.966932 -0.158011
vn 0.200186 0.966932 -0.158011
vn 0.141562 0.966931 -0.212142
vn 0.141562 0.966931 -0.212142
vn 0.069078 0.966934 -0.245495
vn 0.069078 0.966934 -0.245495
vn -0.010166 0.966936 -0.254818
vn -0.010166 0.966936 -0.254818
vn -0.088414 0.966933 -0.239217
vn -0.088414 0.966932 -0.239217
vn -0.158008 0.966933 -0.200184
vn -0.158008 0.966933 -0.200184
vn -0.212133 0.966934 -0.141558
vn -0.212133 0.966934 -0.141558
vn -0.245497 0.966933 -0.069076
vn -0.245497 0.966933 -0.069076
vn -0.254823 0.966934 0.010164
vn -0.254823 0.966934 0.010164
vn -0.239212 0.966933 0.088416
vn -0.239212 0.966933 0.088416
vn -0.200186 0.966933 0.158009
vn -0.200186 0.966933 0.158009
vn -0.141560 0.966933 0.212136
vn -0.141560 0.966933 0.212136
vn -0.069076 0.966933 0.245497
vn -0.069076 0.966933 0.245497
vn 0.010167 0.966932 0.254831
vn 0.010167 0.966932 0.254831
vn 0.088414 0.966934 0.239212
vn 0.088414 0.966934 0.239212
vn 0.158007 0.966932 0.200191
vn 0.158007 0.966932 0.200191
vn 0.212138 0.966933 0.141558
vn 0.212138 0.966933 0.141558
vn 0.245501 0.966932 0.069079
vn 0.245501 0.966932 0.069079
vn 0.254832 0.966932 -0.010167
vn 0.254832 0.966932 -0.010167
vn 0.980666 0.000000 -0.195687
vn 0.872199 0.000000 -0.489151
vn 0.678359 0.000000 -0.734731
vn 0.418117 0.000000 -0.908393
vn 0.116940 0.000000 -0.993139
vn -0.195680 0.000000 -0.980668
vn -0.489146 0.000000 -0.872202
vn -0.734727 0.000000 -0.678363
vn -0.908394 0.000000 -0.418115
vn -0.993139 0.000000 -0.116936
vn -0.980668 0.000000 0.195680
vn -0.872203 0.000000 0.489145
vn -0.678354 0.000000 0.734735
vn -0.418104 0.000000 0.908399
vn -0.116934 0.000000 0.993140
vn 0.195679 0.000000 0.980668
vn 0.489146 0.000000 0.872202
vn 0.734726 0.000000 0.678364
vn 0.908393 0.000000 0.418118
vn 0.993139 0.000000 0.116938
vn 0.000000 0.000000 0.000000
vn 0.000000 0.000000 0.000000
vn 0.000000 0.000000 0.000000
vn 0.000000 0.000000 0.000000
vn 0.000000 0.000000 0.000000
vn 0.000000 0.000000 0.000000
vn 0.000000 0.000000 0.000000
vn 0.000000 0.000000 0.000000
vn 0.000000 0.000000 0.000000
vn 0.000000 0.000000 0.000000
vn 0.000000 0.000000 0.000000
vn 0.000000 0.000000 0.000000
vn 0.000000 0.000000 0.000000
vn 0.000000 0.000000 0.000000
vn 0.000000 0.000000 0.000000
vn 0.000000 0.000000 0.000000
vn 0.000000 0.000000 0.000000
vn 0.000000 0.000000 0.000000
vn 0.000000 0.000000 0.000000
vn 0.000000 0.000000 0.000000
vn 0.000000 0.000000 0.000000
vn 0.000000 0.000000 0.000000
vn 0.000000 0.000000 0.000000
vn 0.000000 0.000000 0.000000
vn 0.000000 0.000000 0.000000
vn 0.000000 0.000000 0.000000
vn 0.000000 0.000000 0.000000
vn 0.000000 0.000000 0.000000
vn 0.000000 0.000000 0.000000
vn 0.000000 0.000000 0.000000
vn 0.000000 0.000000 0.000000
vn 0.000000 0.000000 0.000000
vn 0.000000 0.000000 0.000000
vn 0.000000 0.000000 0.000000
vn 0.000000 0.000000 0.000000
vn 0.000000 0.000000 0.000000
vn 0.000000 0.000000 0.000000
vn 0.000000 0.000000 0.000000
vn 0.000000 0.000000 0.000000
vn 0.000000 0.000000 0.000000
vn 0.000000 0.000000 0.000000
vn 0.000000 0.000000 0.000000
vn 0.000000 0.000000 0.000000
vn 0.000000 0.000000 0.000000
vn 0.000000 0.000000 0.000000
vn 0.000000 0.000000 0.000000
vn 0.000000 0.000000 0.000000
vn 0.000000 0.000000 0.000000
vn 0.000000 0.000000 0.000000
vn 0.000000 0.000000 0.000000
vn 0.000000 0.000000 0.000000
vn 0.000000 0.000000 0.000000
vn 0.000000 0.000000 0.000000
vn 0.000000 0.000000 0.000000
vn 0.000000 0.000000 0.000000
vn 0.000000 0.000000 0.000000
vn 0.000000 0.000000 0.000000
vn 0.000000 0.000000 0.000000
vn 0.000000 0.000000 0.000000
vn 0.000000 0.000000 0.000000
vn 0.000000 0.000000 0.000000
vn 0.000000 0.000000 0.000000
vn 0.000000 0.000000 0.000000
vn 0.000000 0.000000 0.000000
vn 0.000000 0.000000 0.000000
vn 0.000000 0.000000 0.000000
vn 0.000000 0.000000 0.000000
vn 0.000000 0.000000 0.000000
vn 0.000000 0.000000 0.000000
vn 0.000000 0.000000 0.000000
vn 0.000000 0.000000 0.000000
vn 0.000000 0.000000 0.000000
vn 0.000000 0.000000 0.000000
vn 0.000000 0.000000 0.000000
vn 0.000000 0.000000 0.000000
vn 0.000000 0.000000 0.000000
vn 0.000000 0.000000 0.000000
vn 0.000000 0.000000 0.000000
vn 0.000000 0.000000 0.000000
vn 0.000000 0.000000 0.000000
vn 0.000000 0.000000 0.000000
vn 0.000000 0.000000 0.000000
vn 0.000000 0.000000 0.000000
vn 0.000000 0.000000 0.000000
vn 0.000000 0.000000 0.000000
vn 0.000000 0.000000 0.000000
vn 0.000000 0.000000 0.000000
vn 0.000000 0.000000 0.000000
vn 0.000000 0.000000 0.000000
vn 0.000000 0.000000 0.000000
vn 0.000000 0.000000 0.000000
vn 0.000000 0.000000 0.000000
vn 0.000000 0.000000 0.000000
vn 0.000000 0.000000 0.000000
vn 0.000000 0.000000 0.000000
vn 0.000000 0.000000 0.000000
vn 0.000000 0.000000 0.000000
vn 0.000000 0.000000 0.000000
vn 0.000000 0.000000 0.000000
vn 0.000000 0.000000 0.000000
vn 0.000000 0.000000 0.000000
vn 0.000000 0.000000 0.000000
vn 0.000000 0.000000 0.000000
vn 0.000000 0.000000 0.000000
vn 0.000000 0.000000 0.000000
vn 0.000000 0.000000 0.000000
vn 0.000000 0.000000 0.000000
vn 0.000000 0.000000 0.000000
vn 0.000000 0.000000 0.000000
vn 0.000000 0.000000 0.000000
vn 0.000000 0.000000 0.000000
vn 0.000000 0.000000 0.000000
vn 0.000000 0.000000 0.000000
vn 0.000000 0.000000 0.000000
vn 0.000000 0.000000 0.000000
vn 0.000000 0.000000 0.000000
vn 0.000000 0.000000 0.000000
vn 0.000000 0.000000 0.000000
vn 0.000000 0.000000 0.000000
vn 0.000000 0.000000 0.000000
vn 0.000000 0.000000 0.000000
vn 0.000000 0.000000 0.000000
vn 0.000000 0.000000 0.000000
vn 0.000000 0.000000 0.000000
vn 0.000000 0.000000 0.000000
vn 0.000000 0.000000 0.000000
vn 0.000000 0.000000 0.000000
vn 0.000000 0.000000 0.000000
vn 0.000000 0.000000 0.000000
vn 0.000000 0.000000 0.000000
vn 0.000000 0.000000 0.000000
vn 0.000000 0.000000 0.000000
vn 0.000000 0.000000 0.000000
vn 0.000000 0.000000 0.000000
vn 0.000000 0.000000 0.000000
vn 0.000000 0.000000 0.000000
vn 0.000000 0.000000 0.000000
vn 0.000000 0.000000 0.000000
vn 0.000000 0.000000 0.000000
vn 0.000000 0.000000 0.000000
vn 0.000000 0.000000 0.000000
vn 0.000000 0.000000 0.000000
vn 0.000000 0.000000 0.000000
vn 0.000000 0.000000 0.000000
vn 0.000000 0.000000 0.000000
vn 0.000000 0.000000 0.000000
vn 0.000000 0.000000 0.000000
vn 0.000000 0.000000 0.000000
vn 0.000000 0.000000 0.000000
vn 0.000000 0.000000 0.000000
vn 0.000000 0.000000 0.000000
vn 0.000000 0.000000 0.000000
vn 0.000000 0.000000 0.000000
vn 0.000000 0.000000 0.000000
vn 0.000000 0.000000 0.000000
vn 0.000000 0.000000 0.000000
vn 0.000000 0.000000 0.000000
vn 0.000000 0.000000 0.000000
vn 0.000000 0.000000 0.000000
vn 0.000000 0.000000 0.000000
vn 0.000000 0.000000 0.000000
vn 0.000000 0.000000 0.000000
vn 0.000000 0.000000 0.000000
vn 0.000000 0.000000 0.000000
vn 0.000000 0.000000 0.000000
vn 0.000000 0.000000 0.000000
vn 0.000000 0.000000 0.000000
vn 0.000000 0.000000 0.000000
vn 0.000000 0.000000 0.000000
vn 0.000000 0.000000 0.000000
vn 0.000000 0.000000 0.000000
vn 0.000000 0.000000 0.000000
vn 0.000000 0.000000 0.000000
vn 0.000000 0.000000 0.000000
vn 0.000000 0.000000 0.000000
vn 0.000000 0.000000 0.000000
vn 0.000000 0.000000 0.000000
vn 0.000000 0.000000 0.000000
vn 0.000000 0.000000 0.000000
vn 0.000000 0.000000 0.000000
vn 0.000000 0.000000 0.000000
vn 0.000000 0.000000 0.000000
vn 0.000000 0.000000 0.000000
vn 0.000000 0.000000 0.000000
vn 0.000000 0.000000 0.000000
vn 0.000000 0.000000 0.000000
vn 0.000000 0.000000 0.000000
vn 0.000000 0.000000 0.000000
vn 0.000000 0.000000 0.000000
vn 0.000000 0.000000 0.000000
vn 0.000000 0.000000 0.000000
vn 0.000000 0.000000 0.000000
vn 0.000000 0.000000 0.000000
vn 0.000000 0.000000 0.000000
vn 0.000000 0.000000 0.000000
vn 0.000000 0.000000 0.000000
vn 0.000000 0.000000 0.000000
vn 0.000000 0.000000 0.000000
vn 0.000000 0.000000 0.000000
vn 0.000000 0.000000 0.000000
vn 0.000000 -1.000000 -0.000001
vn 0.000000 -1.000000 0.000000
vn 0.000000 -1.000000 0.000000
vn 0.000000 -1.000000 0.000000
vn 0.000000 -1.000000 0.000000
vn 0.000000 -1.000000 0.000002
vn -0.346621 0.000000 -0.938005
vn -0.346622 0.000000 -0.938005
vn -0.346657 0.000000 -0.937992
vn -0.346657 0.000000 -0.937992
vn -0.346692 0.000000 -0.937979
vn -0.346692 0.000000 -0.937979
vn 0.000000 -1.000000 -0.000006
vn 0.000000 -1.000000 -0.000002
vn 0.000000 -1.000000 0.000003
vn 0.831795 0.000000 0.555084
vn 0.831795 0.000000 0.555083
vn 0.831814 0.000000 0.555055
vn 0.831813 0.000000 0.555055
vn 0.831832 0.000000 0.555027
vn 0.831833 0.000000 0.555027
vn 0.000000 -1.000000 -0.000009
vn 0.000000 -1.000000 -0.000003
vn 0.000000 -1.000000 0.000002
vn 0.000000 1.000000 -0.000008
vn 0.000000 1.000000 -0.000018
vn 0.000000 1.000000 -0.000006
vn 0.000000 1.000000 -0.000003
vn 0.000000 1.000000 0.000007
vn 0.000000 1.000000 0.000002
vn 0.831794 0.000000 0.555085
vn 0.831813 0.000000 0.555055
vn 0.831833 0.000000 0.555026
vn 0.000000 1.000000 0.000001
vn 0.000000 1.000000 -0.000001
vn 0.000000 1.000000 -0.000003
vn 0.000000 1.000000 0.000000
vn 0.000000 1.000000 -0.000002
vn 0.000000 1.000000 -0.000005
vn -0.346622 0.000000 -0.938005
vn -0.346657 0.000000 -0.937992
vn -0.346691 0.000000 -0.937979
vn 0.000000 -1.000000 0.000011
vn 0.000000 -1.000000 0.000007
vn 0.000000 -1.000000 0.000000
vn 0.000000 -1.000000 0.000003
vn 0.000000 -1.000000 -0.000007
vn 0.000000 -1.000000 -0.000007
vn -0.999205 0.000000 0.039866
vn -0.999205 0.000000 0.039866
vn -0.999205 0.000000 0.039866
vn -0.999205 0.000000 0.039866
vn -0.999205 0.000000 0.039866
vn -0.999205 0.000000 0.039866
vn 0.000000 -1.000000 0.000008
vn 0.000000 -1.000000 -0.000000
vn 0.000000 -1.000000 -0.000010
vn 0.784935 -0.000005 -0.619578
vn 0.784926 -0.000009 -0.619590
vn 0.784927 -0.000008 -0.619589
vn 0.784931 -0.000007 -0.619583
vn 0.784927 -0.000008 -0.619588
vn 0.784927 -0.000009 -0.619588
vn 0.000000 -1.000000 0.000000
vn 0.000000 -1.000000 -0.000007
vn 0.000000 -1.000000 -0.000014
vn 0.000000 1.000000 0.000011
vn 0.000000 1.000000 0.000011
vn 0.000000 1.000000 -0.000001
vn 0.000000 1.000000 -0.000001
vn 0.000000 1.000000 -0.000014
vn 0.000000 1.000000 -0.000015
vn 0.784947 0.000000 -0.619563
vn 0.784937 -0.000005 -0.619575
vn 0.784927 -0.000011 -0.619588
vn 0.000000 1.000000 0.000004
vn 0.000000 1.000000 -0.000002
vn 0.000000 1.000000 -0.000010
vn 0.000000 1.000000 -0.000003
vn 0.000000 1.000000 -0.000003
vn 0.000000 1.000000 -0.000003
vn -0.999205 0.000000 0.039867
vn -0.999205 0.000000 0.039867
vn -0.999205 0.000000 0.039866
vn 0.000000 -1.000000 -0.000001
vn 0.000000 -1.000000 -0.000002
vn 0.000000 -1.000000 -0.000004
vn 0.000000 -1.000000 -0.000002
vn 0.000000 -1.000000 -0.000007
vn 0.000000 -1.000000 -0.000003
vn -0.270835 0.000000 0.962626
vn -0.270835 0.000000 0.962626
vn -0.270859 0.000000 0.962619
vn -0.270859 0.000000 0.962619
vn -0.270883 0.000000 0.962612
vn -0.270883 0.000000 0.962612
vn 0.000000 -1.000000 0.000000
vn 0.000000 -1.000000 -0.000001
vn 0.000000 -1.000000 -0.000001
vn -0.346692 0.000000 -0.937979
vn -0.346692 0.000000 -0.937979
vn -0.346692 0.000000 -0.937979
vn -0.346692 0.000000 -0.937979
vn -0.346692 0.000000 -0.937979
vn -0.346692 0.000000 -0.937979
vn 0.000000 -1.000000 0.000000
vn 0.000000 -1.000000 -0.000001
vn 0.000000 -1.000000 -0.000002
vn 0.000000 1.000000 0.000001
vn 0.000000 1.000000 0.000002
vn 0.000000 1.000000 -0.000000
vn 0.000000 1.000000 0.000001
vn 0.000000 1.000000 -0.000002
vn 0.000000 1.000000 -0.000000
vn -0.346693 0.000000 -0.937979
vn -0.346692 0.000000 -0.937979
vn -0.346691 0.000000 -0.937979
vn 0.000000 1.000000 0.000000
vn 0.000000 1.000000 0.000000
vn 0.000000 1.000000 -0.000000
vn 0.000000 1.000000 0.000000
vn 0.000000 1.000000 -0.000001
vn 0.000000 1.000000 -0.000002
vn -0.270835 0.000000 0.962626
vn -0.270859 0.000000 0.962619
vn -0.270884 0.000000 0.962612
vn 0.000000 -1.000000 0.000004
vn 0.000000 -1.000000 -0.000001
vn 0.000000 -1.000000 0.000003
vn 0.000000 -1.000000 0.000005
vn 0.000000 -1.000000 0.000007
vn 0.000000 -1.000000 0.000008
vn 0.831795 0.000000 0.555083
vn 0.831795 0.000000 0.555084
vn 0.831802 0.000002 0.555072
vn 0.831806 0.000004 0.555067
vn 0.831810 0.000004 0.555061
vn 0.831817 0.000008 0.555050
vn 0.000000 -1.000000 0.000013
vn 0.000000 -1.000000 0.000009
vn 0.000000 -1.000000 0.000004
vn -0.999205 0.000000 0.039866
vn -0.999205 0.000000 0.039866
vn -0.999205 0.000000 0.039866
vn -0.999205 0.000000 0.039866
vn -0.999205 0.000000 0.039866
vn -0.999205 0.000000 0.039866
vn 0.000000 -1.000000 0.000016
vn 0.000000 -1.000000 0.000008
vn 0.000000 -1.000000 -0.000001
vn 0.000000 1.000000 0.000006
vn 0.000000 1.000000 0.000003
vn 0.000000 1.000000 0.000003
vn 0.000000 1.000000 0.000003
vn 0.000000 1.000000 0.000003
vn 0.000000 1.000000 0.000000
vn 0.000000 1.000000 0.000006
vn 0.000000 1.000000 0.000003
vn 0.000000 1.000000 0.000001
vn 0.831794 0.000000 0.555084
vn 0.831798 0.000000 0.555079
vn 0.831801 0.000000 0.555073
vn 0.000000 1.000000 -0.000001
vn 0.000000 1.000000 0.000003
vn 0.000000 1.000000 0.000007
vn -0.999205 0.000000 0.039867
vn -0.999205 0.000000 0.039866
vn -0.999205 0.000000 0.039866
vn 0.000000 -1.000000 0.000000
vn 0.000000 -1.000000 -0.000002
vn 0.000000 -1.000000 -0.000003
vn 0.000000 -1.000000 -0.000003
vn 0.000000 -1.000000 -0.000005
vn 0.000000 -1.000000 -0.000007
vn 0.784944 0.000000 -0.619567
vn 0.784945 0.000000 -0.619566
vn 0.784945 0.000000 -0.619565
vn 0.784944 0.000000 -0.619566
vn 0.784946 0.000000 -0.619565
vn 0.784945 0.000000 -0.619566
vn 0.000000 -1.000000 0.000003
vn 0.000000 -1.000000 -0.000001
vn 0.000000 -1.000000 -0.000006
vn -0.270883 0.000000 0.962612
vn -0.270883 0.000000 0.962612
vn -0.270860 0.000000 0.962619
vn -0.270860 0.000000 0.962619
vn -0.270836 0.000000 0.962625
vn -0.270836 0.000000 0.962626
vn 0.000000 -1.000000 0.000004
vn 0.000000 -1.000000 0.000001
vn 0.000000 -1.000000 -0.000002
vn 0.000000 1.000000 0.000002
vn 0.000000 1.000000 0.000000
vn 0.000000 1.000000 0.000000
vn 0.000000 1.000000 -0.000000
vn 0.000000 1.000000 0.000000
vn 0.000000 1.000000 -0.000003
vn -0.270884 0.000000 0.962612
vn -0.270860 0.000000 0.962619
vn -0.270836 0.000000 0.962626
vn 0.000000 1.000000 -0.000008
vn 0.000000 1.000000 -0.000005
vn 0.000000 1.000000 -0.000001
vn 0.000000 1.000000 -0.000020
vn 0.000000 1.000000 -0.000008
vn 0.000000 1.000000 0.000005
vn 0.784946 0.000000 -0.619564
vn 0.784946 0.000000 -0.619564
vn 0.784947 0.000000 -0.619563
s 1
g polySurface38
usemtl aiStandardSurface13SG
f 1/1/1 2/2/2 31/3/3 32/4/4
s 2
f 2/2/5 3/5/6 30/6/7 31/3/8
s 3
f 3/5/9 4/7/10 29/8/11 30/6/12
s 4
f 4/7/13 5/9/14 35/10/15 29/8/16
s 5
f 5/9/17 6/11/18 34/12/19 35/10/20
s 6
f 6/11/21 7/13/22 33/14/23 34/12/24
s 7
f 7/13/25 1/1/26 32/4/27 33/14/28
s 8
f 2/2/29 1/1/30 15/15/31 16/16/32
f 3/5/33 2/2/29 16/16/32 17/17/34
f 4/7/35 3/5/33 17/17/34 18/18/36
f 5/9/37 4/7/35 18/18/36 19/19/38
f 6/11/39 5/9/37 19/19/38 20/20/40
f 7/13/41 6/11/39 20/20/40 21/21/42
f 1/1/30 7/13/41 21/21/42 15/15/31
s 9
f 8/22/43 9/23/44 23/24/45 22/25/46
f 9/23/44 10/26/47 24/27/48 23/24/45
f 10/26/47 11/28/49 25/29/50 24/27/48
f 11/28/49 12/30/51 26/31/52 25/29/50
f 12/30/51 13/32/53 27/33/54 26/31/52
f 13/32/53 14/34/55 28/35/56 27/33/54
f 14/34/55 8/22/43 22/25/46 28/35/56
s 10
f 16/16/57 15/15/58 49/36/59 43/37/60
s 11
f 15/15/61 21/21/62 48/38/63 49/36/64
s 12
f 21/21/65 20/20/66 47/39/67 48/38/68
s 13
f 20/20/69 19/19/70 46/40/71 47/39/72
s 14
f 19/19/73 18/18/74 45/41/75 46/40/76
s 15
f 18/18/77 17/17/78 44/42/79 45/41/80
s 16
f 17/17/81 16/16/82 43/37/83 44/42/84
s 3
f 42/43/85 36/44/86 30/6/12 29/8/11
s 2
f 31/3/8 30/6/7 36/44/87 37/45/88
s 1
f 32/4/4 31/3/3 37/45/89 38/46/90
s 7
f 33/14/28 32/4/27 38/46/91 39/47/92
s 6
f 34/12/24 33/14/23 39/47/93 40/48/94
s 5
f 35/10/20 34/12/19 40/48/95 41/49/96
s 4
f 29/8/16 35/10/15 41/49/97 42/43/98
s 2
f 37/50/88 36/51/87 10/26/99 9/23/100
s 1
f 38/52/90 37/50/89 9/23/101 8/22/102
s 7
f 39/53/92 38/52/91 8/22/103 14/34/104
s 6
f 40/54/94 39/53/93 14/34/105 13/32/106
s 5
f 41/55/96 40/54/95 13/32/107 12/30/108
s 4
f 42/56/98 41/55/97 12/30/109 11/28/110
s 3
f 10/26/111 36/51/86 42/56/85 11/28/112
s 16
f 44/57/84 43/58/83 23/24/113 24/27/114
s 15
f 45/59/80 44/57/79 24/27/115 25/29/116
s 14
f 46/60/76 45/59/75 25/29/117 26/31/118
s 13
f 47/61/72 46/60/71 26/31/119 27/33/120
s 12
f 48/62/68 47/61/67 27/33/121 28/35/122
s 11
f 49/63/64 48/62/63 28/35/123 22/25/124
s 10
f 43/58/60 49/63/59 22/25/125 23/24/126
s 17
usemtl aiStandardSurface12SG
f 50/64/127 51/65/128 68/66/129 69/67/130
s 18
f 51/65/131 52/68/132 67/69/133 68/66/134
s 19
f 52/68/135 53/70/136 66/71/137 67/69/138
s 20
f 53/72/139 54/73/140 65/74/141 66/75/142
s 21
f 54/73/143 55/76/144 64/77/145 65/74/146
s 22
f 55/76/147 50/64/148 69/67/149 64/77/150
s 23
f 51/78/151 50/79/152 62/80/153
f 52/81/154 51/78/151 62/80/153
f 53/82/155 52/81/154 62/80/153
f 54/83/156 53/82/155 62/80/153
f 55/84/157 54/83/156 62/80/153
f 50/79/152 55/84/157 62/80/153
s 24
f 56/85/158 57/86/159 63/87/160
f 57/86/159 58/88/161 63/87/160
f 58/88/161 59/89/162 63/87/160
f 59/90/162 60/91/163 63/87/160
f 60/91/163 61/92/164 63/87/160
f 61/92/164 56/85/158 63/87/160
s 21
f 65/74/146 64/77/145 70/93/165 71/94/166
s 20
f 66/75/142 65/74/141 71/94/167 72/95/168
s 19
f 67/69/138 66/71/137 72/96/169 73/97/170
s 18
f 68/66/134 67/69/133 73/97/171 74/98/172
s 17
f 69/67/130 68/66/129 74/98/173 75/99/174
s 22
f 64/77/150 69/67/149 75/99/175 70/93/176
s 21
f 71/94/166 70/93/165 61/100/177 60/101/178
s 20
f 72/95/168 71/94/167 60/101/179 59/102/180
s 19
f 73/97/170 72/96/169 59/103/181 58/104/182
s 18
f 74/98/172 73/97/171 58/104/183 57/105/184
s 17
f 75/99/174 74/98/173 57/105/185 56/106/186
s 22
f 70/93/176 75/99/175 56/106/187 61/100/188
s 25
usemtl guard
f 76/107/189 77/108/190 99/109/191
f 77/108/190 78/110/192 100/111/193 99/109/191
f 78/110/192 79/112/194 101/113/195 100/111/193
f 79/112/194 80/114/196 102/115/197 101/113/195
f 80/114/196 81/116/198 103/117/199 102/115/197
f 81/116/198 82/118/200 104/119/201 103/117/199
f 82/118/200 83/120/202 105/121/203 104/119/201
f 83/120/202 84/122/204 106/123/205 105/121/203
f 84/122/204 85/124/206 107/125/207 106/123/205
f 85/124/206 86/126/208 108/127/209 107/125/207
f 86/126/208 87/128/210 109/129/211 108/127/209
f 87/128/210 88/130/212 110/131/213 109/129/211
f 88/130/212 89/132/214 111/133/215 110/131/213
f 89/132/214 90/134/216 112/135/217 111/133/215
f 90/134/216 91/136/218 113/137/219 112/135/217
f 91/136/218 92/138/220 114/139/221 113/137/219
f 92/138/220 93/140/222 115/141/223 114/139/221
f 93/140/222 94/142/224 116/143/225 115/141/223
f 94/142/224 95/144/226 117/145/227 116/143/225
f 95/144/226 96/146/228 118/147/229 117/145/227
f 96/146/228 97/148/230 119/149/231 118/147/229
f 97/148/230 98/150/232 119/149/231
f 76/107/189 99/109/191 120/151/233
f 99/109/191 100/111/193 121/152/234 120/151/233
f 100/111/193 101/113/195 122/153/235 121/152/234
f 101/113/195 102/115/197 123/154/236 122/153/235
f 102/115/197 103/117/199 124/155/237 123/154/236
f 103/117/199 104/119/201 125/156/238 124/155/237
f 104/119/201 105/121/203 126/157/239 125/156/238
f 105/121/203 106/123/205 127/158/240 126/157/239
f 106/123/205 107/125/207 128/159/241 127/158/240
f 107/125/207 108/127/209 129/160/242 128/159/241
f 108/127/209 109/129/211 130/161/243 129/160/242
f 109/129/211 110/131/213 131/162/244 130/161/243
f 110/131/213 111/133/215 132/163/245 131/162/244
f 111/133/215 112/135/217 133/164/246 132/163/245
f 112/135/217 113/137/219 134/165/247 133/164/246
f 113/137/219 114/139/221 135/166/248 134/165/247
f 114/139/221 115/141/223 136/167/249 135/166/248
f 115/141/223 116/143/225 137/168/250 136/167/249
f 116/143/225 117/145/227 138/169/251 137/168/250
f 117/145/227 118/147/229 139/170/252 138/169/251
f 118/147/229 119/149/231 140/171/253 139/170/252
f 119/149/231 98/150/232 140/171/253
f 76/107/189 120/151/233 141/172/254
f 120/151/233 121/152/234 142/173/255 141/172/254
f 121/152/234 122/153/235 143/174/256 142/173/255
f 122/153/235 123/154/236 144/175/257 143/174/256
f 123/154/236 124/155/237 145/176/258 144/175/257
f 124/155/237 125/156/238 146/177/259 145/176/258
f 125/156/238 126/157/239 147/178/260 146/177/259
f 126/157/239 127/158/240 148/179/261 147/178/260
f 127/158/240 128/159/241 149/180/262 148/179/261
f 128/159/241 129/160/242 150/181/263 149/180/262
f 129/160/242 130/161/243 151/182/264 150/181/263
f 130/161/243 131/162/244 152/183/265 151/182/264
f 131/162/244 132/163/245 153/184/266 152/183/265
f 132/163/245 133/164/246 154/185/267 153/184/266
f 133/164/246 134/165/247 155/186/268 154/185/267
f 134/165/247 135/166/248 156/187/269 155/186/268
f 135/166/248 136/167/249 157/188/270 156/187/269
f 136/167/249 137/168/250 158/189/271 157/188/270
f 137/168/250 138/169/251 159/190/272 158/189/271
f 138/169/251 139/170/252 160/191/273 159/190/272
f 139/170/252 140/171/253 161/192/274 160/191/273
f 140/171/253 98/150/232 161/192/274
f 76/107/189 141/172/254 162/193/275
f 141/172/254 142/173/255 163/194/276 162/193/275
f 142/173/255 143/174/256 164/195/277 163/194/276
f 143/174/256 144/175/257 165/196/278 164/195/277
f 144/175/257 145/176/258 166/197/279 165/196/278
f 145/176/258 146/177/259 167/198/280 166/197/279
f 146/177/259 147/178/260 168/199/281 167/198/280
f 147/178/260 148/179/261 169/200/282 168/199/281
f 148/179/261 149/180/262 170/201/283 169/200/282
f 149/180/262 150/181/263 171/202/284 170/201/283
f 150/181/263 151/182/264 172/203/285 171/202/284
f 151/182/264 152/183/265 173/204/286 172/203/285
f 152/183/265 153/184/266 174/205/287 173/204/286
f 153/184/266 154/185/267 175/206/288 174/205/287
f 154/185/267 155/186/268 176/207/289 175/206/288
f 155/186/268 156/187/269 177/208/290 176/207/289
f 156/187/269 157/188/270 178/209/291 177/208/290
f 157/188/270 158/189/271 179/210/292 178/209/291
f 158/189/271 159/190/272 180/211/293 179/210/292
f 159/190/272 160/191/273 181/212/294 180/211/293
f 160/191/273 161/192/274 182/213/295 181/212/294
f 161/192/274 98/150/232 182/213/295
f 76/107/189 162/193/275 183/214/296
f 162/193/275 163/194/276 184/215/297 183/214/296
f 163/194/276 164/195/277 185/216/298 184/215/297
f 164/195/277 165/196/278 186/217/299 185/216/298
f 165/196/278 166/197/279 187/218/300 186/217/299
f 166/197/279 167/198/280 188/219/301 187/218/300
f 167/198/280 168/199/281 189/220/302 188/219/301
f 168/199/281 169/200/282 190/221/303 189/220/302
f 169/200/282 170/201/283 191/222/304 190/221/303
f 170/201/283 171/202/284 192/223/305 191/222/304
f 171/202/284 172/203/285 193/224/306 192/223/305
f 172/203/285 173/204/286 194/225/307 193/224/306
f 173/204/286 174/205/287 195/226/308 194/225/307
f 174/205/287 175/206/288 196/227/309 195/226/308
f 175/206/288 176/207/289 197/228/310 196/227/309
f 176/207/289 177/208/290 198/229/311 197/228/310
f 177/208/290 178/209/291 199/230/312 198/229/311
f 178/209/291 179/210/292 200/231/313 199/230/312
f 179/210/292 180/211/293 201/232/314 200/231/313
f 180/211/293 181/212/294 202/233/315 201/232/314
f 181/212/294 182/213/295 203/234/316 202/233/315
f 182/213/295 98/150/232 203/234/316
f 76/107/189 183/214/296 204/235/317
f 183/214/296 184/215/297 205/236/318 204/235/317
f 184/215/297 185/216/298 206/237/319 205/236/318
f 185/216/298 186/217/299 207/238/320 206/237/319
f 186/217/299 187/218/300 208/239/321 207/238/320
f 187/218/300 188/219/301 209/240/322 208/239/321
f 188/219/301 189/220/302 210/241/323 209/240/322
f 189/220/302 190/221/303 211/242/324 210/241/323
f 190/221/303 191/222/304 212/243/325 211/242/324
f 191/222/304 192/223/305 213/244/326 212/243/325
f 192/223/305 193/224/306 214/245/327 213/244/326
f 193/224/306 194/225/307 215/246/328 214/245/327
f 194/225/307 195/226/308 216/247/329 215/246/328
f 195/226/308 196/227/309 217/248/330 216/247/329
f 196/227/309 197/228/310 218/249/331 217/248/330
f 197/228/310 198/229/311 219/250/332 218/249/331
f 198/229/311 199/230/312 220/251/333 219/250/332
f 199/230/312 200/231/313 221/252/334 220/251/333
f 200/231/313 201/232/314 222/253/335 221/252/334
f 201/232/314 202/233/315 223/254/336 222/253/335
f 202/233/315 203/234/316 224/255/337 223/254/336
f 203/234/316 98/150/232 224/255/337
f 76/107/189 204/235/317 225/256/338
f 204/235/317 205/236/318 226/257/339 225/256/338
f 205/236/318 206/237/319 227/258/340 226/257/339
f 206/237/319 207/238/320 228/259/341 227/258/340
f 207/238/320 208/239/321 229/260/342 228/259/341
f 208/239/321 209/240/322 230/261/343 229/260/342
f 209/240/322 210/241/323 231/262/344 230/261/343
f 210/241/323 211/242/324 232/263/345 231/262/344
f 211/242/324 212/243/325 233/264/346 232/263/345
f 212/243/325 213/244/326 234/265/347 233/264/346
f 213/244/326 214/245/327 235/266/348 234/265/347
f 214/245/327 215/246/328 236/267/349 235/266/348
f 215/246/328 216/247/329 237/268/350 236/267/349
f 216/247/329 217/248/330 238/269/351 237/268/350
f 217/248/330 218/249/331 239/270/352 238/269/351
f 218/249/331 219/250/332 240/271/353 239/270/352
f 219/250/332 220/251/333 241/272/354 240/271/353
f 220/251/333 221/252/334 242/273/355 241/272/354
f 221/252/334 222/253/335 243/274/356 242/273/355
f 222/253/335 223/254/336 244/275/357 243/274/356
f 223/254/336 224/255/337 245/276/358 244/275/357
f 224/255/337 98/150/232 245/276/358
f 76/107/189 225/256/338 77/108/190
f 225/256/338 226/257/339 78/110/192 77/108/190
f 226/257/339 227/258/340 79/112/194 78/110/192
f 227/258/340 228/259/341 80/114/196 79/112/194
f 228/259/341 229/260/342 81/116/198 80/114/196
f 229/260/342 230/261/343 82/118/200 81/116/198
f 230/261/343 231/262/344 83/120/202 82/118/200
f 231/262/344 232/263/345 84/122/204 83/120/202
f 232/263/345 233/264/346 85/124/206 84/122/204
f 233/264/346 234/265/347 86/126/208 85/124/206
f 234/265/347 235/266/348 87/128/210 86/126/208
f 235/266/348 236/267/349 88/130/212 87/128/210
f 236/267/349 237/268/350 89/132/214 88/130/212
f 237/268/350 238/269/351 90/134/216 89/132/214
f 238/269/351 239/270/352 91/136/218 90/134/216
f 239/270/352 240/271/353 92/138/220 91/136/218
f 240/271/353 241/272/354 93/140/222 92/138/220
f 241/272/354 242/273/355 94/142/224 93/140/222
f 242/273/355 243/274/356 95/144/226 94/142/224
f 243/274/356 244/275/357 96/146/228 95/144/226
f 244/275/357 245/276/358 97/148/230 96/146/228
f 245/276/358 98/150/232 97/148/230
s 26
f 246/277/359 269/278/360 247/279/361
f 247/279/361 269/278/360 270/280/362 248/281/363
f 248/281/363 270/280/362 271/282/364 249/283/365
f 249/283/365 271/282/364 272/284/366 250/285/367
f 250/285/367 272/284/366 273/286/368 251/287/369
f 251/287/369 273/286/368 274/288/370 252/289/371
f 252/289/371 274/288/370 275/290/372 253/291/373
f 253/291/373 275/290/372 276/292/374 254/293/375
f 254/293/375 276/292/374 277/294/376 255/295/377
f 255/295/377 277/294/376 278/296/378 256/297/379
f 256/297/379 278/296/378 279/298/380 257/299/381
f 257/299/381 279/298/380 280/300/382 258/301/383
f 258/301/383 280/300/382 281/302/384 259/303/385
f 259/303/385 281/302/384 282/304/386 260/305/387
f 260/305/387 282/304/386 283/306/388 261/307/389
f 261/307/389 283/306/388 284/308/390 262/309/391
f 262/309/391 284/308/390 285/310/392 263/311/393
f 263/312/393 285/313/392 286/314/394 264/315/395
f 264/315/395 286/314/394 287/316/396 265/317/397
f 265/317/397 287/316/396 288/318/398 266/319/399
f 266/319/399 288/318/398 289/320/400 267/321/401
f 267/321/401 289/320/400 268/322/402
f 246/277/359 290/323/403 269/278/360
f 269/278/360 290/323/403 291/324/404 270/280/362
f 270/280/362 291/324/404 292/325/405 271/282/364
f 271/282/364 292/325/405 293/326/406 272/284/366
f 272/284/366 293/326/406 294/327/407 273/286/368
f 273/286/368 294/327/407 295/328/408 274/288/370
f 274/288/370 295/328/408 296/329/409 275/290/372
f 275/290/372 296/329/409 297/330/410 276/292/374
f 276/292/374 297/330/410 298/331/411 277/294/376
f 277/294/376 298/331/411 299/332/412 278/296/378
f 278/296/378 299/332/412 300/333/413 279/298/380
f 279/298/380 300/333/413 301/334/414 280/300/382
f 280/300/382 301/334/414 302/335/415 281/302/384
f 281/302/384 302/335/415 303/336/416 282/304/386
f 282/304/386 303/336/416 304/337/417 283/306/388
f 283/306/388 304/337/417 305/338/418 284/308/390
f 284/308/390 305/338/418 306/339/419 285/310/392
f 285/313/392 306/340/419 307/341/420 286/314/394
f 286/314/394 307/341/420 308/342/421 287/316/396
f 287/316/396 308/342/421 309/343/422 288/318/398
f 288/318/398 309/343/422 310/344/423 289/320/400
f 289/320/400 310/344/423 268/322/402
f 246/277/359 311/345/424 290/323/403
f 290/323/403 311/345/424 312/346/425 291/324/404
f 291/324/404 312/346/425 313/347/426 292/325/405
f 292/325/405 313/347/426 314/348/427 293/326/406
f 293/326/406 314/348/427 315/349/428 294/327/407
f 294/327/407 315/349/428 316/350/429 295/328/408
f 295/328/408 316/350/429 317/351/430 296/329/409
f 296/329/409 317/351/430 318/352/431 297/330/410
f 297/330/410 318/352/431 319/353/432 298/331/411
f 298/331/411 319/353/432 320/354/433 299/332/412
f 299/332/412 320/354/433 321/355/434 300/333/413
f 300/333/413 321/355/434 322/356/435 301/334/414
f 301/334/414 322/356/435 323/357/436 302/335/415
f 302/335/415 323/357/436 324/358/437 303/336/416
f 303/336/416 324/358/437 325/359/438 304/337/417
f 304/337/417 325/359/438 326/360/439 305/338/418
f 305/361/418 326/362/439 327/363/440 306/340/419
f 306/340/419 327/363/440 328/364/441 307/341/420
f 307/341/420 328/364/441 329/365/442 308/342/421
f 308/342/421 329/365/442 330/366/443 309/343/422
f 309/343/422 330/366/443 331/367/444 310/344/423
f 310/344/423 331/367/444 268/322/402
f 246/277/359 332/368/445 311/345/424
f 311/345/424 332/368/445 333/369/446 312/346/425
f 312/346/425 333/369/446 334/370/447 313/347/426
f 313/347/426 334/370/447 335/371/448 314/348/427
f 314/348/427 335/371/448 336/372/449 315/349/428
f 315/349/428 336/372/449 337/373/450 316/350/429
f 316/350/429 337/373/450 338/374/451 317/351/430
f 317/351/430 338/374/451 339/375/452 318/352/431
f 318/352/431 339/375/452 340/376/453 319/353/432
f 319/353/432 340/376/453 341/377/454 320/354/433
f 320/354/433 341/377/454 342/378/455 321/355/434
f 321/355/434 342/378/455 343/379/456 322/356/435
f 322/356/435 343/379/456 344/380/457 323/357/436
f 323/357/436 344/380/457 345/381/458 324/358/437
f 324/358/437 345/381/458 346/382/459 325/359/438
f 325/359/438 346/382/459 347/383/460 326/360/439
f 326/360/439 347/383/460 348/384/461 327/385/440
f 327/363/440 348/386/461 349/387/462 328/364/441
f 328/364/441 349/387/462 350/388/463 329/365/442
f 329/365/442 350/388/463 351/389/464 330/366/443
f 330/366/443 351/389/464 352/390/465 331/367/444
f 331/367/444 352/390/465 268/322/402
f 246/277/359 353/391/466 332/368/445
f 332/368/445 353/391/466 354/392/467 333/369/446
f 333/369/446 354/392/467 355/393/468 334/370/447
f 334/370/447 355/393/468 356/394/469 335/371/448
f 335/371/448 356/394/469 357/395/470 336/372/449
f 336/372/449 357/395/470 358/396/471 337/373/450
f 337/373/450 358/396/471 359/397/472 338/374/451
f 338/374/451 359/397/472 360/398/473 339/375/452
f 339/375/452 360/398/473 361/399/474 340/376/453
f 340/376/453 361/399/474 362/400/475 341/377/454
f 341/377/454 362/400/475 363/401/476 342/378/455
f 342/378/455 363/401/476 364/402/477 343/379/456
f 343/379/456 364/402/477 365/403/478 344/380/457
f 344/380/457 365/403/478 366/404/479 345/381/458
f 345/381/458 366/404/479 367/405/480 346/382/459
f 346/382/459 367/405/480 368/406/481 347/383/460
f 347/383/460 368/406/481 369/407/482 348/384/461
f 348/386/461 369/408/482 370/409/483 349/387/462
f 349/387/462 370/409/483 371/410/484 350/388/463
f 350/388/463 371/410/484 372/411/485 351/389/464
f 351/389/464 372/411/485 373/412/486 352/390/465
f 352/390/465 373/412/486 268/322/402
f 246/277/359 374/413/487 353/391/466
f 353/391/466 374/413/487 375/414/488 354/392/467
f 354/392/467 375/414/488 376/415/489 355/393/468
f 355/393/468 376/415/489 377/416/490 356/394/469
f 356/394/469 377/416/490 378/417/491 357/395/470
f 357/395/470 378/417/491 379/418/492 358/396/471
f 358/396/471 379/418/492 380/419/493 359/397/472
f 359/397/472 380/419/493 381/420/494 360/398/473
f 360/398/473 381/420/494 382/421/495 361/399/474
f 361/399/474 382/421/495 383/422/496 362/400/475
f 362/400/475 383/422/496 384/423/497 363/401/476
f 363/401/476 384/423/497 385/424/498 364/402/477
f 364/402/477 385/424/498 386/425/499 365/403/478
f 365/403/478 386/425/499 387/426/500 366/404/479
f 366/404/479 387/426/500 388/427/501 367/405/480
f 367/405/480 388/427/501 389/428/502 368/406/481
f 368/406/481 389/428/502 390/429/503 369/407/482
f 369/408/482 390/430/503 391/431/504 370/409/483
f 370/409/483 391/431/504 392/432/505 371/410/484
f 371/410/484 392/432/505 393/433/506 372/411/485
f 372/411/485 393/433/506 394/434/507 373/412/486
f 373/412/486 394/434/507 268/322/402
f 246/277/359 395/435/508 374/413/487
f 374/413/487 395/435/508 396/436/509 375/414/488
f 375/414/488 396/436/509 397/437/510 376/415/489
f 376/415/489 397/437/510 398/438/511 377/416/490
f 377/416/490 398/438/511 399/439/512 378/417/491
f 378/417/491 399/439/512 400/440/513 379/418/492
f 379/418/492 400/440/513 401/441/514 380/419/493
f 380/419/493 401/441/514 402/442/515 381/420/494
f 381/420/494 402/442/515 403/443/516 382/421/495
f 382/421/495 403/443/516 404/444/517 383/422/496
f 383/422/496 404/444/517 405/445/518 384/423/497
f 384/423/497 405/445/518 406/446/519 385/424/498
f 385/424/498 406/446/519 407/447/520 386/425/499
f 386/425/499 407/447/520 408/448/521 387/426/500
f 387/426/500 408/448/521 409/449/522 388/427/501
f 388/427/501 409/449/522 410/450/523 389/428/502
f 389/428/502 410/450/523 411/451/524 390/429/503
f 390/430/503 411/452/524 412/453/525 391/431/504
f 391/431/504 412/453/525 413/454/526 392/432/505
f 392/432/505 413/454/526 414/455/527 393/433/506
f 393/433/506 414/455/527 415/456/528 394/434/507
f 394/434/507 415/456/528 268/322/402
f 246/277/359 247/279/361 395/435/508
f 395/435/508 247/279/361 248/281/363 396/436/509
f 396/436/509 248/281/363 249/283/365 397/437/510
f 397/437/510 249/283/365 250/285/367 398/438/511
f 398/438/511 250/285/367 251/287/369 399/439/512
f 399/439/512 251/287/369 252/289/371 400/440/513
f 400/440/513 252/289/371 253/291/373 401/441/514
f 401/441/514 253/291/373 254/293/375 402/442/515
f 402/442/515 254/293/375 255/295/377 403/443/516
f 403/443/516 255/295/377 256/297/379 404/444/517
f 404/444/517 256/297/379 257/299/381 405/445/518
f 405/445/518 257/299/381 258/301/383 406/446/519
f 406/446/519 258/301/383 259/303/385 407/447/520
f 407/447/520 259/303/385 260/305/387 408/448/521
f 408/448/521 260/305/387 261/307/389 409/449/522
f 409/449/522 261/307/389 262/309/391 410/450/523
f 410/450/523 262/309/391 263/311/393 411/451/524
f 411/452/524 263/312/393 264/315/395 412/453/525
f 412/453/525 264/315/395 265/317/397 413/454/526
f 413/454/526 265/317/397 266/319/399 414/455/527
f 414/455/527 266/319/399 267/321/401 415/456/528
f 415/456/528 267/321/401 268/322/402
s off
usemtl aiStandardSurface22SG
f 416//529 417//530 425//531 424//532
f 417//533 418//534 426//535 425//536
f 418//537 419//538 427//539 426//540
f 419//541 420//542 428//543 427//544
f 420//545 421//546 429//547 428//548
f 421//549 422//550 430//551 429//552
f 422//553 423//554 431//555 430//556
f 423//557 416//558 424//559 431//560
f 497//561 498//562 499//563 500//564
f 498//565 501//566 502//567 499//568
f 501//569 503//570 504//571 502//572
f 503//573 505//574 506//575 504//576
f 505//577 507//578 508//579 506//580
f 507//581 509//582 510//583 508//584
f 509//585 511//586 512//587 510//588
f 511//589 497//590 500//591 512//592
f 432//593 433//594 441//595 440//596
f 433//597 434//598 442//599 441//600
f 434//601 435//602 443//603 442//604
f 435//605 436//606 444//607 443//608
f 436//609 437//610 445//611 444//612
f 437//613 438//614 446//615 445//616
f 438//617 439//618 447//619 446//620
f 439//621 432//622 440//623 447//624
f 513//625 514//626 515//627 516//628
f 514//629 517//630 518//631 515//632
f 517//633 519//634 520//635 518//636
f 519//637 521//638 522//639 520//640
f 521//641 523//642 524//643 522//644
f 523//645 525//646 526//647 524//648
f 525//649 527//650 528//651 526//652
f 527//653 513//654 516//655 528//656
f 448//657 449//658 457//659 456//660
f 449//661 450//662 458//663 457//664
f 450//665 451//666 459//667 458//668
f 451//669 452//670 460//671 459//672
f 452//673 453//674 461//675 460//676
f 453//677 454//678 462//679 461//680
f 454//681 455//682 463//683 462//684
f 455//685 448//686 456//687 463//688
f 529//689 530//690 531//691 532//692
f 530//693 533//694 534//695 531//696
f 533//697 535//698 536//699 534//700
f 535//701 537//702 538//703 536//704
f 537//705 539//706 540//707 538//708
f 539//709 541//710 542//711 540//712
f 541//713 543//714 544//715 542//716
f 543//717 529//718 532//719 544//720
f 464//721 465//722 473//723 472//724
f 465//725 466//726 474//727 473//728
f 466//729 467//730 475//731 474//732
f 467//733 468//734 476//735 475//736
f 468//737 469//738 477//739 476//740
f 469//741 470//742 478//743 477//744
f 470//745 471//746 479//747 478//748
f 471//749 464//750 472//751 479//752
f 545//753 546//754 547//755 548//756
f 546//757 549//758 550//759 547//760
f 549//761 551//762 552//763 550//764
f 551//765 553//766 554//767 552//768
f 553//769 555//770 556//771 554//772
f 555//773 557//774 558//775 556//776
f 557//777 559//778 560//779 558//780
f 559//781 545//782 548//783 560//784
f 480//785 481//786 489//787 488//788
f 481//789 482//790 490//791 489//792
f 482//793 483//794 491//795 490//796
f 483//797 484//798 492//799 491//800
f 484//801 485//802 493//803 492//804
f 485//805 486//806 494//807 493//808
f 486//809 487//810 495//811 494//812
f 487//813 480//814 488//815 495//816
s 27
f 417//817 416//818 496//819
f 418//820 417//817 496//819
f 419//821 418//820 496//819
f 420//822 419//821 496//819
f 421//823 420//822 496//819
f 422//824 421//823 496//819
f 423//825 422//824 496//819
f 416//818 423//825 496//819
s 28
f 593//826 594//827 595//828
f 594//827 596//829 595//828
f 596//829 597//830 595//828
f 597//830 598//831 595//828
f 598//831 599//832 595//828
f 599//832 600//833 595//828
f 600//833 601//834 595//828
f 601//834 593//826 595//828
s off
f 424//835 425//836 498//837 497//838
f 433//839 432//840 500//841 499//842
f 425//843 426//844 501//845 498//846
f 434//847 433//848 499//849 502//850
f 426//851 427//852 503//853 501//854
f 435//855 434//856 502//857 504//858
f 427//859 428//860 505//861 503//862
f 436//863 435//864 504//865 506//866
f 428//867 429//868 507//869 505//870
f 437//871 436//872 506//873 508//874
f 429//875 430//876 509//877 507//878
f 438//879 437//880 508//881 510//882
f 430//883 431//884 511//885 509//886
f 439//887 438//888 510//889 512//890
f 431//891 424//892 497//893 511//894
f 432//895 439//896 512//897 500//898
f 440//899 441//900 514//901 513//902
f 449//903 448//904 516//905 515//906
f 441//907 442//908 517//909 514//910
f 450//911 449//912 515//913 518//914
f 442//915 443//916 519//917 517//918
f 451//919 450//920 518//921 520//922
f 443//923 444//924 521//925 519//926
f 452//927 451//928 520//929 522//930
f 444//931 445//932 523//933 521//934
f 453//935 452//936 522//937 524//938
f 445//939 446//940 525//941 523//942
f 454//943 453//944 524//945 526//946
f 446//947 447//948 527//949 525//950
f 455//951 454//952 526//953 528//954
f 447//955 440//956 513//957 527//958
f 448//959 455//960 528//961 516//962
f 456//963 457//964 530//965 529//966
f 465//967 464//968 532//969 531//970
f 457//971 458//972 533//973 530//974
f 466//975 465//976 531//977 534//978
f 458//979 459//980 535//981 533//982
f 467//983 466//984 534//985 536//986
f 459//987 460//988 537//989 535//990
f 468//991 467//992 536//993 538//994
f 460//995 461//996 539//997 537//998
f 469//999 468//1000 538//1001 540//1002
f 461//1003 462//1004 541//1005 539//1006
f 470//1007 469//1008 540//1009 542//1010
f 462//1011 463//1012 543//1013 541//1014
f 471//1015 470//1016 542//1017 544//1018
f 463//1019 456//1020 529//1021 543//1022
f 464//1023 471//1024 544//1025 532//1026
f 472//1027 473//1028 546//1029 545//1030
f 481//1031 480//1032 548//1033 547//1034
f 473//1035 474//1036 549//1037 546//1038
f 482//1039 481//1040 547//1041 550//1042
f 474//1043 475//1044 551//1045 549//1046
f 483//1047 482//1048 550//1049 552//1050
f 475//1051 476//1052 553//1053 551//1054
f 484//1055 483//1056 552//1057 554//1058
f 476//1059 477//1060 555//1061 553//1062
f 485//1063 484//1064 554//1065 556//1066
f 477//1067 478//1068 557//1069 555//1070
f 486//1071 485//1072 556//1073 558//1074
f 478//1075 479//1076 559//1077 557//1078
f 487//1079 486//1080 558//1081 560//1082
f 479//1083 472//1084 545//1085 559//1086
f 480//1087 487//1088 560//1089 548//1090
s 29
f 569//1091 570//1092 587//1093 588//1094
s 30
f 570//1095 571//1096 586//1097 587//1098
s 31
f 571//1099 572//1100 585//1101 586//1102
s 32
f 572//1103 573//1104 592//1105 585//1106
s 33
f 573//1107 574//1108 591//1109 592//1110
s 34
f 574//1111 575//1112 590//1113 591//1114
s 35
f 575//1115 576//1116 589//1117 590//1118
s 36
f 576//1119 569//1120 588//1121 589//1122
s off
f 488//1123 489//1124 570//1125 569//1126
f 489//1127 490//1128 571//1129 570//1130
f 490//1131 491//1132 572//1133 571//1134
f 491//1135 492//1136 573//1137 572//1138
f 492//1139 493//1140 574//1141 573//1142
f 493//1143 494//1144 575//1145 574//1146
f 494//1147 495//1148 576//1149 575//1150
f 495//1151 488//1152 569//1153 576//1154
s 31
f 578//1155 577//1156 564//1157 563//1158
s 30
f 579//1159 578//1160 563//1161 562//1162
s 29
f 580//1163 579//1164 562//1165 561//1166
s 36
f 581//1167 580//1168 561//1169 568//1170
s 35
f 582//1171 581//1172 568//1173 567//1174
s 34
f 583//1175 582//1176 567//1177 566//1178
s 33
f 584//1179 583//1180 566//1181 565//1182
s 32
f 577//1183 584//1184 565//1185 564//1186
s 31
f 586//1102 585//1101 577//1156 578//1155
s 30
f 587//1098 586//1097 578//1160 579//1159
s 29
f 588//1094 587//1093 579//1164 580//1163
s 36
f 589//1122 588//1121 580//1168 581//1167
s 35
f 590//1118 589//1117 581//1172 582//1171
s 34
f 591//1114 590//1113 582//1176 583//1175
s 33
f 592//1110 591//1109 583//1180 584//1179
s 32
f 585//1106 592//1105 584//1184 577//1183
s 37
f 561//1187 562//1188 616//1189 617//1190
f 562//1188 563//1191 615//1192 616//1189
f 563//1191 564//1193 614//1194 615//1192
f 564//1193 565//1195 613//1196 614//1194
f 565//1195 566//1197 612//1198 613//1196
f 566//1197 567//1199 611//1200 612//1198
f 567//1199 568//1201 610//1202 611//1200
f 568//1201 561//1187 617//1190 610//1202
f 603//1203 602//1204 601//1205 600//1206
f 604//1207 603//1203 600//1206 599//1208
f 605//1209 604//1207 599//1208 598//1210
f 606//1211 605//1209 598//1210 597//1212
f 607//1213 606//1211 597//1212 596//1214
f 608//1215 607//1213 596//1214 594//1216
f 609//1217 608//1215 594//1216 593//1218
f 602//1204 609//1217 593//1218 601//1205
f 611//1200 610//1202 602//1204 603//1203
f 612//1198 611//1200 603//1203 604//1207
f 613//1196 612//1198 604//1207 605//1209
f 614//1194 613//1196 605//1209 606//1211
f 615//1192 614//1194 606//1211 607//1213
f 616//1189 615//1192 607//1213 608//1215
f 617//1190 616//1189 608//1215 609//1217
f 610//1202 617//1190 609//1217 602//1204
s 38
usemtl bottom_part0
f 758/457/1219 759/458/1220 639/459/1221 638/460/1222
f 759/458/1220 760/461/1223 640/462/1224 639/459/1221
f 760/461/1223 761/463/1225 641/464/1226 640/462/1224
f 761/463/1225 762/465/1227 642/466/1228 641/464/1226
f 762/465/1227 763/467/1229 643/468/1230 642/466/1228
f 763/467/1229 764/469/1231 644/470/1232 643/468/1230
f 764/469/1231 765/471/1233 645/472/1234 644/470/1232
f 765/471/1233 766/473/1235 646/474/1236 645/472/1234
f 766/473/1235 767/475/1237 647/476/1238 646/474/1236
f 767/475/1237 768/477/1239 648/478/1240 647/476/1238
f 768/477/1239 769/479/1241 649/480/1242 648/478/1240
f 769/479/1241 770/481/1243 650/482/1244 649/480/1242
f 770/481/1243 771/483/1245 651/484/1246 650/482/1244
f 771/483/1245 772/485/1247 652/486/1248 651/484/1246
f 772/485/1247 773/487/1249 653/488/1250 652/486/1248
f 773/487/1249 774/489/1251 654/490/1252 653/488/1250
f 654/490/1252 774/489/1251 775/491/1253 655/492/1254
f 775/491/1253 776/493/1255 656/494/1256 655/492/1254
f 776/493/1255 777/495/1257 657/496/1258 656/494/1256
f 777/495/1257 758/457/1219 638/460/1222 657/496/1258
s 39
f 619/497/1259 618/498/1260 658/499/1261
f 620/500/1262 619/497/1259 658/499/1261
f 621/501/1263 620/500/1262 658/499/1261
f 622/502/1264 621/501/1263 658/499/1261
f 623/503/1265 622/502/1264 658/499/1261
f 624/504/1266 623/503/1265 658/499/1261
f 625/505/1267 624/504/1266 658/499/1261
f 626/506/1268 625/505/1267 658/499/1261
f 627/507/1269 626/506/1268 658/499/1261
f 628/508/1270 627/507/1269 658/499/1261
f 629/509/1271 628/508/1270 658/499/1261
f 630/510/1272 629/509/1271 658/499/1261
f 631/511/1273 630/510/1272 658/499/1261
f 632/512/1274 631/511/1273 658/499/1261
f 633/513/1275 632/512/1274 658/499/1261
f 634/514/1276 633/513/1275 658/499/1261
f 635/515/1277 634/514/1276 658/499/1261
f 636/516/1278 635/515/1277 658/499/1261
f 637/517/1279 636/516/1278 658/499/1261
f 618/498/1260 637/517/1279 658/499/1261
s 40
f 1319/518/1280 1320/519/1281 1321/520/1282
f 1320/519/1281 1322/521/1283 1321/520/1282
f 1322/521/1283 1323/522/1284 1321/520/1282
f 1323/522/1284 1324/523/1285 1321/520/1282
f 1324/523/1285 1325/524/1286 1321/520/1282
f 1325/524/1286 1326/525/1287 1321/520/1282
f 1326/525/1287 1327/526/1288 1321/520/1282
f 1327/526/1288 1328/527/1289 1321/520/1282
f 1328/527/1289 1329/528/1290 1321/520/1282
f 1329/528/1290 1330/529/1291 1321/520/1282
f 1330/529/1291 1331/530/1292 1321/520/1282
f 1331/530/1292 1332/531/1293 1321/520/1282
f 1332/531/1293 1333/532/1294 1321/520/1282
f 1333/532/1294 1334/533/1295 1321/520/1282
f 1334/533/1295 1335/534/1296 1321/520/1282
f 1335/534/1296 1336/535/1297 1321/520/1282
f 1337/536/1298 1321/520/1282 1336/535/1297
f 1337/536/1298 1338/537/1299 1321/520/1282
f 1338/537/1299 1339/538/1300 1321/520/1282
f 1339/538/1300 1319/518/1280 1321/520/1282
s off
f 638/460/1301 639/459/1302 660/539/1303 659/540/1304
f 639/459/1305 640/462/1306 661/541/1307 660/539/1308
f 640/462/1309 641/464/1310 662/542/1311 661/541/1312
f 641/464/1313 642/466/1314 663/543/1315 662/542/1316
f 642/466/1317 643/468/1318 664/544/1319 663/543/1320
f 643/468/1321 644/470/1322 665/545/1323 664/544/1324
f 644/470/1325 645/472/1326 666/546/1327 665/545/1328
f 645/472/1329 646/474/1330 667/547/1331 666/546/1332
f 646/474/1333 647/476/1334 668/548/1335 667/547/1336
f 647/476/1337 648/478/1338 669/549/1339 668/548/1340
f 648/478/1341 649/480/1342 670/550/1343 669/549/1344
f 649/480/1345 650/482/1346 671/551/1347 670/550/1348
f 650/482/1349 651/484/1350 672/552/1351 671/551/1352
f 651/484/1353 652/486/1354 673/553/1355 672/552/1356
f 652/486/1357 653/488/1358 674/554/1359 673/553/1360
f 653/488/1361 654/490/1362 675/555/1363 674/554/1364
f 675/555/1365 654/490/1366 655/492/1367 676/556/1368
f 655/492/1369 656/494/1370 677/557/1371 676/556/1372
f 656/494/1373 657/496/1374 678/558/1375 677/557/1376
f 657/496/1377 638/460/1378 659/540/1379 678/558/1380
s 41
f 659/540/1381 660/539/1382 680/559/1383 679/560/1384
f 660/539/1382 661/541/1385 681/561/1386 680/559/1383
f 661/541/1385 662/542/1387 682/562/1388 681/561/1386
f 662/542/1387 663/543/1389 683/563/1390 682/562/1388
f 663/543/1389 664/544/1391 684/564/1392 683/563/1390
f 664/544/1391 665/545/1393 685/565/1394 684/564/1392
f 665/545/1393 666/546/1395 686/566/1396 685/565/1394
f 666/546/1395 667/547/1397 687/567/1398 686/566/1396
f 667/547/1397 668/548/1399 688/568/1400 687/567/1398
f 668/548/1399 669/549/1401 689/569/1402 688/568/1400
f 669/549/1401 670/550/1403 690/570/1404 689/569/1402
f 670/550/1403 671/551/1405 691/571/1406 690/570/1404
f 671/551/1405 672/552/1407 692/572/1408 691/571/1406
f 672/552/1407 673/553/1409 693/573/1410 692/572/1408
f 673/553/1409 674/554/1411 694/574/1412 693/573/1410
f 674/554/1411 675/555/1413 695/575/1414 694/574/1412
f 695/575/1414 675/555/1413 676/556/1415 696/576/1416
f 676/556/1415 677/557/1417 697/577/1418 696/576/1416
f 677/557/1417 678/558/1419 698/578/1420 697/577/1418
f 678/558/1419 659/540/1381 679/560/1384 698/578/1420
f 818/579/1421 819/580/1422 817/581/1423 798/582/1424
f 819/580/1422 820/583/1425 816/584/1426 817/581/1423
f 820/583/1425 821/585/1427 815/586/1428 816/584/1426
f 821/585/1427 822/587/1429 814/588/1430 815/586/1428
f 822/587/1429 823/589/1431 813/590/1432 814/588/1430
f 823/589/1431 824/591/1433 812/592/1434 813/590/1432
f 824/591/1433 825/593/1435 811/594/1436 812/592/1434
f 825/593/1435 826/595/1437 810/596/1438 811/594/1436
f 826/595/1437 827/597/1439 809/598/1440 810/596/1438
f 827/597/1439 828/599/1441 808/600/1442 809/598/1440
f 828/599/1441 829/601/1443 807/602/1444 808/600/1442
f 829/601/1443 830/603/1445 806/604/1446 807/602/1444
f 830/603/1445 831/605/1447 805/606/1448 806/604/1446
f 831/605/1447 832/607/1449 804/608/1450 805/606/1448
f 832/607/1449 833/609/1451 803/610/1452 804/608/1450
f 833/609/1451 834/611/1453 802/612/1454 803/610/1452
f 802/612/1454 834/611/1453 835/613/1455 801/614/1456
f 835/613/1455 836/615/1457 800/616/1458 801/614/1456
f 836/615/1457 837/617/1459 799/618/1460 800/616/1458
f 837/617/1459 818/579/1421 798/582/1424 799/618/1460
f 858/619/1461 859/620/1462 897/621/1463 878/622/1464
f 859/620/1462 860/623/1465 896/624/1466 897/621/1463
f 860/623/1465 861/625/1467 895/626/1468 896/624/1466
f 861/625/1467 862/627/1469 894/628/1470 895/626/1468
f 862/627/1469 863/629/1471 893/630/1472 894/628/1470
f 863/629/1471 864/631/1473 892/632/1474 893/630/1472
f 864/631/1473 865/633/1475 891/634/1476 892/632/1474
f 865/633/1475 866/635/1477 890/636/1478 891/634/1476
f 866/635/1477 867/637/1479 889/638/1480 890/636/1478
f 867/637/1479 868/639/1481 888/640/1482 889/638/1480
f 868/639/1481 869/641/1483 887/642/1484 888/640/1482
f 869/641/1483 870/643/1485 886/644/1486 887/642/1484
f 870/643/1485 871/645/1487 885/646/1488 886/644/1486
f 871/645/1487 872/647/1489 884/648/1490 885/646/1488
f 872/647/1489 873/649/1491 883/650/1492 884/648/1490
f 873/649/1491 874/651/1493 882/652/1494 883/650/1492
f 882/652/1494 874/651/1493 875/653/1495 881/654/1496
f 875/653/1495 876/655/1497 880/656/1498 881/654/1496
f 876/655/1497 877/657/1499 879/658/1500 880/656/1498
f 877/657/1499 858/619/1461 878/622/1464 879/658/1500
s 44
f 1021/659/1501 1022/660/1502 1060/661/1503 1041/662/1504
f 1022/660/1502 1023/663/1505 1059/664/1506 1060/661/1503
f 1023/663/1505 1024/665/1507 1058/666/1508 1059/664/1506
f 1024/665/1507 1025/667/1509 1057/668/1510 1058/666/1508
f 1025/667/1509 1026/669/1511 1056/670/1512 1057/668/1510
f 1026/669/1511 1027/671/1513 1055/672/1514 1056/670/1512
f 1027/671/1513 1028/673/1515 1054/674/1516 1055/672/1514
f 1028/673/1515 1029/675/1517 1053/676/1518 1054/674/1516
f 1029/675/1517 1030/677/1519 1052/678/1520 1053/676/1518
f 1030/677/1519 1031/679/1521 1051/680/1522 1052/678/1520
f 1031/679/1521 1032/681/1523 1050/682/1524 1051/680/1522
f 1032/681/1523 1033/683/1525 1049/684/1526 1050/682/1524
f 1033/683/1525 1034/685/1527 1048/686/1528 1049/684/1526
f 1034/685/1527 1035/687/1529 1047/688/1530 1048/686/1528
f 1035/687/1529 1036/689/1531 1046/690/1532 1047/688/1530
f 1036/689/1531 1037/691/1533 1045/692/1534 1046/690/1532
f 1045/692/1534 1037/691/1533 1038/693/1535 1044/694/1536
f 1038/693/1535 1039/695/1537 1043/696/1538 1044/694/1536
f 1039/695/1537 1040/697/1539 1042/698/1540 1043/696/1538
f 1040/697/1539 1021/659/1501 1041/662/1504 1042/698/1540
s 38
f 618/498/1541 619/497/1542 759/699/1220 758/700/1219
f 619/497/1542 620/500/1543 760/701/1223 759/699/1220
f 620/500/1543 621/501/1544 761/702/1225 760/701/1223
f 621/501/1544 622/502/1545 762/703/1227 761/702/1225
f 622/502/1545 623/503/1546 763/704/1229 762/703/1227
f 623/503/1546 624/504/1547 764/705/1231 763/704/1229
f 624/504/1547 625/505/1548 765/706/1233 764/705/1231
f 625/505/1548 626/506/1549 766/707/1235 765/706/1233
f 626/506/1549 627/507/1550 767/708/1237 766/707/1235
f 627/507/1550 628/508/1551 768/709/1239 767/708/1237
f 628/508/1551 629/509/1552 769/710/1241 768/709/1239
f 629/509/1552 630/510/1553 770/711/1243 769/710/1241
f 630/510/1553 631/511/1554 771/712/1245 770/711/1243
f 631/511/1554 632/512/1555 772/713/1247 771/712/1245
f 632/512/1555 633/513/1556 773/714/1249 772/713/1247
f 633/513/1556 634/514/1557 774/715/1251 773/714/1249
f 774/715/1251 634/514/1557 635/515/1558 775/716/1253
f 635/515/1558 636/516/1559 776/717/1255 775/716/1253
f 636/516/1559 637/517/1560 777/718/1257 776/717/1255
f 637/517/1560 618/498/1541 758/700/1219 777/718/1257
s 41
f 679/560/1384 680/559/1383 779/719/1561 778/720/1562
f 680/559/1383 681/561/1386 780/721/1563 779/719/1561
f 681/561/1386 682/562/1388 781/722/1564 780/721/1563
f 682/562/1388 683/563/1390 782/723/1565 781/722/1564
f 683/563/1390 684/564/1392 783/724/1566 782/723/1565
f 684/564/1392 685/565/1394 784/725/1567 783/724/1566
f 685/565/1394 686/566/1396 785/726/1568 784/725/1567
f 686/566/1396 687/567/1398 786/727/1569 785/726/1568
f 687/567/1398 688/568/1400 787/728/1570 786/727/1569
f 688/568/1400 689/569/1402 788/729/1571 787/728/1570
f 689/569/1402 690/570/1404 789/730/1572 788/729/1571
f 690/570/1404 691/571/1406 790/731/1573 789/730/1572
f 691/571/1406 692/572/1408 791/732/1574 790/731/1573
f 692/572/1408 693/573/1410 792/733/1575 791/732/1574
f 693/573/1410 694/574/1412 793/734/1576 792/733/1575
f 694/574/1412 695/575/1414 794/735/1577 793/734/1576
f 794/735/1577 695/575/1414 696/576/1416 795/736/1578
f 696/576/1416 697/577/1418 796/737/1579 795/736/1578
f 697/577/1418 698/578/1420 797/738/1580 796/737/1579
f 698/578/1420 679/560/1384 778/720/1562 797/738/1580
f 799/618/1460 798/582/1424 838/739/1581 839/740/1582
f 800/616/1458 799/618/1460 839/740/1582 840/741/1583
f 801/614/1456 800/616/1458 840/741/1583 841/742/1584
f 842/743/1585 802/612/1454 801/614/1456 841/742/1584
f 803/610/1452 802/612/1454 842/743/1585 843/744/1586
f 804/608/1450 803/610/1452 843/744/1586 844/745/1587
f 805/606/1448 804/608/1450 844/745/1587 845/746/1588
f 806/604/1446 805/606/1448 845/746/1588 846/747/1589
f 807/602/1444 806/604/1446 846/747/1589 847/748/1590
f 808/600/1442 807/602/1444 847/748/1590 848/749/1591
f 809/598/1440 808/600/1442 848/749/1591 849/750/1592
f 810/596/1438 809/598/1440 849/750/1592 850/751/1593
f 811/594/1436 810/596/1438 850/751/1593 851/752/1594
f 812/592/1434 811/594/1436 851/752/1594 852/753/1595
f 813/590/1432 812/592/1434 852/753/1595 853/754/1596
f 814/588/1430 813/590/1432 853/754/1596 854/755/1597
f 815/586/1428 814/588/1430 854/755/1597 855/756/1598
f 816/584/1426 815/586/1428 855/756/1598 856/757/1599
f 817/581/1423 816/584/1426 856/757/1599 857/758/1600
f 798/582/1424 817/581/1423 857/758/1600 838/739/1581
f 778/720/1562 779/719/1561 819/580/1422 818/579/1421
f 779/719/1561 780/721/1563 820/583/1425 819/580/1422
f 780/721/1563 781/722/1564 821/585/1427 820/583/1425
f 781/722/1564 782/723/1565 822/587/1429 821/585/1427
f 782/723/1565 783/724/1566 823/589/1431 822/587/1429
f 783/724/1566 784/725/1567 824/591/1433 823/589/1431
f 784/725/1567 785/726/1568 825/593/1435 824/591/1433
f 785/726/1568 786/727/1569 826/595/1437 825/593/1435
f 786/727/1569 787/728/1570 827/597/1439 826/595/1437
f 787/728/1570 788/729/1571 828/599/1441 827/597/1439
f 788/729/1571 789/730/1572 829/601/1443 828/599/1441
f 789/730/1572 790/731/1573 830/603/1445 829/601/1443
f 790/731/1573 791/732/1574 831/605/1447 830/603/1445
f 791/732/1574 792/733/1575 832/607/1449 831/605/1447
f 792/733/1575 793/734/1576 833/609/1451 832/607/1449
f 793/734/1576 794/735/1577 834/611/1453 833/609/1451
f 834/611/1453 794/735/1577 795/736/1578 835/613/1455
f 795/736/1578 796/737/1579 836/615/1457 835/613/1455
f 796/737/1579 797/738/1580 837/617/1459 836/615/1457
f 797/738/1580 778/720/1562 818/579/1421 837/617/1459
f 839/740/1582 838/739/1581 699/759/1601 718/760/1602
f 840/741/1583 839/740/1582 718/760/1602 717/761/1603
f 841/742/1584 840/741/1583 717/761/1603 716/762/1604
f 715/763/1605 842/743/1585 841/742/1584 716/762/1604
f 843/744/1586 842/743/1585 715/763/1605 714/764/1606
f 844/745/1587 843/744/1586 714/764/1606 713/765/1607
f 845/746/1588 844/745/1587 713/765/1607 712/766/1608
f 846/747/1589 845/746/1588 712/766/1608 711/767/1609
f 847/748/1590 846/747/1589 711/767/1609 710/768/1610
f 848/749/1591 847/748/1590 710/768/1610 709/769/1611
f 849/750/1592 848/749/1591 709/769/1611 708/770/1612
f 850/751/1593 849/750/1592 708/770/1612 707/771/1613
f 851/752/1594 850/751/1593 707/771/1613 706/772/1614
f 852/753/1595 851/752/1594 706/772/1614 705/773/1615
f 853/754/1596 852/753/1595 705/773/1615 704/774/1616
f 854/755/1597 853/754/1596 704/774/1616 703/775/1617
f 855/756/1598 854/755/1597 703/775/1617 702/776/1618
f 856/757/1599 855/756/1598 702/776/1618 701/777/1619
f 857/758/1600 856/757/1599 701/777/1619 700/778/1620
f 838/739/1581 857/758/1600 700/778/1620 699/759/1601
f 699/759/1601 700/778/1620 859/620/1462 858/619/1461
f 700/778/1620 701/777/1619 860/623/1465 859/620/1462
f 701/777/1619 702/776/1618 861/625/1467 860/623/1465
f 702/776/1618 703/775/1617 862/627/1469 861/625/1467
f 703/775/1617 704/774/1616 863/629/1471 862/627/1469
f 704/774/1616 705/773/1615 864/631/1473 863/629/1471
f 705/773/1615 706/772/1614 865/633/1475 864/631/1473
f 706/772/1614 707/771/1613 866/635/1477 865/633/1475
f 707/771/1613 708/770/1612 867/637/1479 866/635/1477
f 708/770/1612 709/769/1611 868/639/1481 867/637/1479
f 709/769/1611 710/768/1610 869/641/1483 868/639/1481
f 710/768/1610 711/767/1609 870/643/1485 869/641/1483
f 711/767/1609 712/766/1608 871/645/1487 870/643/1485
f 712/766/1608 713/765/1607 872/647/1489 871/645/1487
f 713/765/1607 714/764/1606 873/649/1491 872/647/1489
f 714/764/1606 715/763/1605 874/651/1493 873/649/1491
f 874/651/1493 715/763/1605 716/762/1604 875/653/1495
f 716/762/1604 717/761/1603 876/655/1497 875/653/1495
f 717/761/1603 718/760/1602 877/657/1499 876/655/1497
f 718/760/1602 699/759/1601 858/619/1461 877/657/1499
f 879/658/1500 878/622/1464 719/779/1621 738/780/1622
f 880/656/1498 879/658/1500 738/780/1623 737/781/1624
f 881/654/1496 880/656/1498 737/781/1624 736/782/1625
f 882/652/1494 881/654/1496 736/782/1625 735/783/1626
f 883/650/1492 882/652/1494 735/783/1626 734/784/1627
f 884/648/1490 883/650/1492 734/784/1627 733/785/1628
f 885/646/1488 884/648/1490 733/785/1628 732/786/1629
f 886/644/1486 885/646/1488 732/786/1629 731/787/1630
f 887/642/1484 886/644/1486 731/787/1630 730/788/1631
f 888/640/1482 887/642/1484 730/788/1631 729/789/1632
f 889/638/1480 888/640/1482 729/789/1632 728/790/1633
f 890/636/1478 889/638/1480 728/790/1633 727/791/1634
f 891/634/1476 890/636/1478 727/791/1634 726/792/1635
f 892/632/1474 891/634/1476 726/792/1635 725/793/1636
f 893/630/1472 892/632/1474 725/793/1636 724/794/1637
f 894/628/1470 893/630/1472 724/794/1637 723/795/1638
f 895/626/1468 894/628/1470 723/795/1638 722/796/1639
f 896/624/1466 895/626/1468 722/796/1639 721/797/1640
f 897/621/1463 896/624/1466 721/797/1641 720/798/1642
f 878/622/1464 897/621/1463 720/798/1642 719/779/1621
s 44
f 740/799/1643 899/800/1644 739/801/1645 1041/662/1504 1060/661/1503
f 900/802/1646 743/803/1647 1057/668/1510 1056/670/1512
f 744/804/1648 900/802/1646 1056/670/1512 1055/672/1514
f 739/801/1645 899/800/1649 757/805/1650 1042/698/1540 1041/662/1504
s 45
f 1061/806/1651 1062/807/1652 902/808/1653 901/809/1654
f 1062/807/1652 1063/810/1655 903/811/1656 902/808/1653
f 1063/810/1655 1064/812/1657 904/813/1658 903/811/1656
f 1064/812/1657 1065/814/1659 905/815/1660 904/813/1658
f 1065/814/1659 1066/816/1661 906/817/1662 905/815/1660
f 1066/816/1661 1067/818/1663 907/819/1664 906/817/1662
f 1067/818/1663 1068/820/1665 908/821/1666 907/819/1664
f 1068/820/1665 1069/822/1667 909/823/1668 908/821/1666
f 1069/822/1667 1070/824/1669 910/825/1670 909/823/1668
f 1070/824/1669 1071/826/1671 911/827/1672 910/825/1670
f 1071/826/1671 1072/828/1673 912/829/1674 911/827/1672
f 1072/828/1673 1073/830/1675 913/831/1676 912/829/1674
f 1073/830/1675 1074/832/1677 914/833/1678 913/831/1676
f 1074/832/1677 1075/834/1679 915/835/1680 914/833/1678
f 1075/834/1679 1076/836/1681 916/837/1682 915/835/1680
f 1076/836/1681 1077/838/1683 917/839/1684 916/837/1682
f 1248/840/1685 1249/841/1686 1221/842/1687 1222/843/1688
f 1078/844/1689 1079/845/1690 919/846/1691 918/847/1692
f 1079/845/1690 1080/848/1693 920/849/1694 919/846/1691
f 1080/848/1693 1061/806/1651 901/809/1654 920/849/1694
s 47
f 1081/850/1695 1082/851/1696 922/852/1697 921/853/1698
f 1082/851/1696 1083/854/1699 923/855/1700 922/852/1697
f 1083/854/1699 1084/856/1701 924/857/1702 923/855/1700
f 1084/856/1701 1085/858/1703 925/859/1704 924/857/1702
f 1085/858/1703 1086/860/1705 926/861/1706 925/859/1704
f 1086/860/1705 1087/862/1707 927/863/1708 926/861/1706
f 1087/862/1707 1088/864/1709 928/865/1710 927/863/1708
f 1088/864/1709 1089/866/1711 929/867/1712 928/865/1710
f 1089/866/1711 1090/868/1713 930/869/1714 929/867/1712
f 1090/868/1713 1091/870/1715 931/871/1716 930/869/1714
f 1091/870/1715 1092/872/1717 932/873/1718 931/871/1716
f 1092/872/1717 1093/874/1719 933/875/1720 932/873/1718
f 1093/874/1719 1094/876/1721 934/877/1722 933/875/1720
f 1094/876/1721 1095/878/1723 935/879/1724 934/877/1722
f 1095/878/1723 1096/880/1725 936/881/1726 935/879/1724
f 1096/880/1725 1097/882/1727 937/883/1728 936/881/1726
f 1246/884/1729 1247/885/1730 1223/886/1731 1224/887/1732
f 1098/888/1733 1099/889/1734 939/890/1735 938/891/1736
f 1099/889/1734 1100/892/1737 940/893/1738 939/890/1735
f 1100/892/1737 1081/850/1695 921/853/1698 940/893/1738
s 49
f 1141/894/1739 1142/895/1740 962/896/1741 961/897/1742
s 50
f 1142/895/1743 1143/898/1744 963/899/1745 962/896/1746
s 51
f 1143/898/1747 1144/900/1748 964/901/1749 963/899/1750
s 52
f 1144/900/1751 1145/902/1752 965/903/1753 964/901/1754
s 53
f 1145/902/1755 1146/904/1756 966/905/1757 965/903/1758
s 54
f 1146/904/1759 1147/906/1760 967/907/1761 966/905/1762
s 55
f 1147/906/1763 1148/908/1764 968/909/1765 967/907/1766
s 56
f 1148/908/1767 1149/910/1768 969/911/1769 968/909/1770
s 57
f 1149/912/1771 1150/913/1772 970/914/1773 969/915/1774
s 58
f 1150/913/1775 1151/916/1776 971/917/1777 970/914/1778
s 59
f 1151/916/1779 1152/918/1780 972/919/1781 971/917/1782
s 60
f 1152/918/1783 1153/920/1784 973/921/1785 972/919/1786
s 61
f 1153/920/1787 1154/922/1788 974/923/1789 973/921/1790
s 62
f 1154/922/1791 1155/924/1792 975/925/1793 974/923/1794
s 63
f 1155/924/1795 1156/926/1796 976/927/1797 975/925/1798
s 64
f 1156/926/1799 1157/928/1800 977/929/1801 976/927/1802
s 65
f 1158/930/1803 1159/931/1804 979/932/1805 978/933/1806
s 66
f 1159/931/1807 1160/934/1808 980/935/1809 979/932/1810
s 67
f 1160/934/1811 1141/894/1812 961/897/1813 980/935/1814
s 68
f 1161/936/1815 1162/937/1816 982/938/1817 981/939/1818
f 1162/937/1816 1163/940/1819 983/941/1820 982/938/1817
f 1163/940/1819 1164/942/1821 984/943/1822 983/941/1820
f 1164/942/1821 1165/944/1823 985/945/1824 984/943/1822
f 1165/944/1823 1166/946/1825 986/947/1826 985/945/1824
f 1166/946/1825 1167/948/1827 987/949/1828 986/947/1826
f 1167/948/1827 1168/950/1829 988/951/1830 987/949/1828
f 1168/950/1829 1169/952/1831 989/953/1832 988/951/1830
f 1169/952/1831 1170/954/1833 990/955/1834 989/953/1832
f 1170/954/1833 1171/956/1835 991/957/1836 990/955/1834
f 1171/956/1835 1172/958/1837 992/959/1838 991/957/1836
f 1172/958/1837 1173/960/1839 993/961/1840 992/959/1838
f 1173/960/1839 1174/962/1841 994/963/1842 993/961/1840
f 1174/962/1841 1175/964/1843 995/965/1844 994/963/1842
f 1175/964/1843 1176/966/1845 996/967/1846 995/965/1844
f 1176/966/1845 1177/968/1847 997/969/1848 996/967/1846
f 1178/970/1849 1179/971/1850 999/972/1851 998/973/1852
f 1179/971/1850 1180/974/1853 1000/975/1854 999/972/1851
f 1180/974/1853 1161/936/1815 981/939/1818 1000/975/1854
s 70
f 1181/976/1855 1182/977/1856 1002/978/1857 1001/979/1858
s 71
f 1182/977/1859 1183/980/1860 1003/981/1861 1002/978/1862
s 72
f 1183/980/1863 1184/982/1864 1004/983/1865 1003/981/1866
s 73
f 1184/982/1867 1185/984/1868 1005/985/1869 1004/983/1870
s 74
f 1185/984/1871 1186/986/1872 1006/987/1873 1005/985/1874
s 75
f 1186/986/1875 1187/988/1876 1007/989/1877 1006/987/1878
s 76
f 1187/988/1879 1188/990/1880 1008/991/1881 1007/989/1882
s 77
f 1188/990/1883 1189/992/1884 1009/993/1885 1008/991/1886
s 78
f 1189/992/1887 1190/994/1888 1010/995/1889 1009/993/1890
s 79
f 1190/994/1891 1191/996/1892 1011/997/1893 1010/995/1894
s 80
f 1191/996/1895 1192/998/1896 1012/999/1897 1011/997/1898
s 81
f 1192/998/1899 1193/1000/1900 1013/1001/1901 1012/999/1902
s 82
f 1193/1000/1903 1194/1002/1904 1014/1003/1905 1013/1001/1906
s 83
f 1194/1002/1907 1195/1004/1908 1015/1005/1909 1014/1003/1910
s 84
f 1195/1004/1911 1196/1006/1912 1016/1007/1913 1015/1005/1914
s 85
f 1196/1006/1915 1197/1008/1916 1017/1009/1917 1016/1007/1918
s 86
f 1198/1010/1919 1199/1011/1920 1019/1012/1921 1018/1013/1922
s 87
f 1199/1011/1923 1200/1014/1924 1020/1015/1925 1019/1012/1926
s 88
f 1200/1014/1927 1181/976/1928 1001/979/1929 1020/1015/1930
s 44
f 719/779/1931 720/798/1932 1022/660/1502 1021/659/1501
f 720/798/1932 721/797/1933 1023/663/1505 1022/660/1502
f 721/797/1933 722/796/1934 1024/665/1507 1023/663/1505
f 722/796/1934 723/795/1935 1025/667/1509 1024/665/1507
f 723/795/1935 724/794/1936 1026/669/1511 1025/667/1509
f 724/794/1936 725/793/1937 1027/671/1513 1026/669/1511
f 725/793/1937 726/792/1938 1028/673/1515 1027/671/1513
f 726/792/1938 727/791/1939 1029/675/1517 1028/673/1515
f 727/791/1939 728/790/1940 1030/677/1519 1029/675/1517
f 728/790/1940 729/789/1941 1031/679/1521 1030/677/1519
f 729/789/1941 730/788/1942 1032/681/1523 1031/679/1521
f 730/788/1942 731/787/1943 1033/683/1525 1032/681/1523
f 731/787/1943 732/786/1944 1034/685/1527 1033/683/1525
f 732/786/1944 733/785/1945 1035/687/1529 1034/685/1527
f 733/785/1945 734/784/1946 1036/689/1531 1035/687/1529
f 734/784/1946 735/783/1947 1037/691/1533 1036/689/1531
f 1037/691/1533 735/783/1947 736/782/1948 1038/693/1535
f 736/782/1948 737/781/1949 1039/695/1537 1038/693/1535
f 737/781/1949 738/780/1950 1040/697/1539 1039/695/1537
f 738/780/1950 719/779/1931 1021/659/1501 1040/697/1539
f 1043/696/1538 1042/698/1540 757/805/1650 756/1016/1951
f 1044/694/1536 1043/696/1538 756/1016/1951 755/1017/1952
f 755/1017/1952 754/1018/1953 1045/692/1534 1044/694/1536
f 1046/690/1532 1045/692/1534 754/1018/1953 753/1019/1954
f 1047/688/1530 1046/690/1532 753/1019/1954 752/1020/1955
f 1048/686/1528 1047/688/1530 752/1020/1955 751/1021/1956
f 1049/684/1526 1048/686/1528 751/1021/1956 750/1022/1957
f 1050/682/1524 1049/684/1526 750/1022/1957 749/1023/1958
f 1051/680/1522 1050/682/1524 749/1023/1958 748/1024/1959
f 1052/678/1520 1051/680/1522 748/1024/1959 747/1025/1960
f 1053/676/1518 1052/678/1520 747/1025/1960 746/1026/1961
f 1054/674/1516 1053/676/1518 746/1026/1961 745/1027/1962
f 1055/672/1514 1054/674/1516 745/1027/1962 744/804/1648
f 1058/666/1508 1057/668/1510 743/803/1647 742/1028/1963
f 1059/664/1506 1058/666/1508 742/1028/1963 741/1029/1964
f 1060/661/1503 1059/664/1506 741/1029/1964 740/799/1643
s 45
f 740/799/1965 1062/807/1652 1061/806/1651 898/1030/1966 899/800/1967
f 740/799/1965 741/1029/1968 1063/810/1655 1062/807/1652
f 741/1029/1968 742/1028/1969 1064/812/1657 1063/810/1655
f 742/1028/1969 743/803/1970 1065/814/1659 1064/812/1657
f 743/803/1970 900/802/1971 1066/816/1661 1065/814/1659
f 900/802/1971 744/804/1972 1067/818/1663 1066/816/1661
f 744/804/1972 745/1027/1973 1068/820/1665 1067/818/1663
f 745/1027/1973 746/1026/1974 1069/822/1667 1068/820/1665
f 746/1026/1974 747/1025/1975 1070/824/1669 1069/822/1667
f 747/1025/1975 748/1024/1976 1071/826/1671 1070/824/1669
f 748/1024/1976 749/1023/1977 1072/828/1673 1071/826/1671
f 749/1023/1977 750/1022/1978 1073/830/1675 1072/828/1673
f 750/1022/1978 751/1021/1979 1074/832/1677 1073/830/1675
f 751/1021/1979 752/1020/1980 1075/834/1679 1074/832/1677
f 752/1020/1980 753/1019/1981 1076/836/1681 1075/834/1679
f 753/1019/1981 754/1018/1982 1077/838/1683 1076/836/1681
f 754/1018/1982 755/1017/1983 1078/844/1689 1254/1031/1984 1221/842/1687 1249/841/1686 1077/838/1683
f 755/1017/1983 756/1016/1985 1079/845/1690 1078/844/1689
f 756/1016/1985 757/805/1986 1080/848/1693 1079/845/1690
f 898/1030/1966 1061/806/1651 1080/848/1693 757/805/1986 899/800/1987
s 47
f 901/809/1988 902/808/1989 1082/851/1696 1081/850/1695
f 902/808/1989 903/811/1990 1083/854/1699 1082/851/1696
f 903/811/1990 904/813/1991 1084/856/1701 1083/854/1699
f 904/813/1991 905/815/1992 1085/858/1703 1084/856/1701
f 905/815/1992 906/817/1993 1086/860/1705 1085/858/1703
f 906/817/1993 907/819/1994 1087/862/1707 1086/860/1705
f 907/819/1994 908/821/1995 1088/864/1709 1087/862/1707
f 908/821/1995 909/823/1996 1089/866/1711 1088/864/1709
f 909/823/1996 910/825/1997 1090/868/1713 1089/866/1711
f 910/825/1997 911/827/1998 1091/870/1715 1090/868/1713
f 911/827/1998 912/829/1999 1092/872/1717 1091/870/1715
f 912/829/1999 913/831/2000 1093/874/1719 1092/872/1717
f 913/831/2000 914/833/2001 1094/876/1721 1093/874/1719
f 914/833/2001 915/835/2002 1095/878/1723 1094/876/1721
f 915/835/2002 916/837/2003 1096/880/1725 1095/878/1723
f 916/837/2003 917/839/2004 1097/882/1727 1096/880/1725
f 1247/885/1730 1248/840/2005 1222/843/2006 1223/886/1731
f 918/847/2007 919/846/2008 1099/889/1734 1098/888/1733
f 919/846/2008 920/849/2009 1100/892/1737 1099/889/1734
f 920/849/2009 901/809/1988 1081/850/1695 1100/892/1737
s 89
f 1271/1032/2010 1272/1033/2011 921/853/2012 922/852/2013
f 1270/1034/2014 1271/1032/2010 922/852/2013 923/855/2015
f 1269/1035/2016 1270/1034/2014 923/855/2015 924/857/2017
f 1268/1036/2018 1269/1035/2016 924/857/2017 925/859/2019
f 1267/1037/2020 1268/1036/2018 925/859/2019 926/861/2021
f 1266/1038/2022 1267/1037/2020 926/861/2021 927/863/2023
f 1265/1039/2024 1266/1038/2022 927/863/2023 928/865/2025
f 1264/1040/2026 1265/1039/2024 928/865/2025 929/867/2027
f 1263/1041/2028 1264/1040/2026 929/867/2027 930/869/2029
f 1262/1042/2030 1263/1041/2028 930/869/2029 931/871/2031
f 1261/1043/2032 1262/1042/2030 931/871/2031 932/873/2033
f 1260/1044/2034 1261/1043/2032 932/873/2033 933/875/2035
f 1259/1045/2036 1260/1044/2034 933/875/2035 934/877/2037
f 1258/1046/2038 1259/1045/2036 934/877/2037 935/879/2039
f 1257/1047/2040 1258/1046/2038 935/879/2039 936/881/2041
f 1256/1048/2042 1257/1047/2040 936/881/2041 937/883/2043
f 1274/1049/2044 1275/1050/2045 938/891/2046 939/890/2047
f 1273/1051/2048 1274/1049/2044 939/890/2047 940/893/2049
f 921/853/2012 1272/1033/2011 1273/1051/2048 940/893/2049
f 1122/1052/2050 1121/1053/2051 1101/1054/2052 1102/1055/2053
f 1123/1056/2054 1122/1052/2050 1102/1055/2053 1103/1057/2055
f 1124/1058/2056 1123/1056/2054 1103/1057/2055 1104/1059/2057
f 1125/1060/2058 1124/1058/2056 1104/1059/2057 1105/1061/2059
f 1126/1062/2060 1125/1060/2058 1105/1061/2059 1106/1063/2061
f 1127/1064/2062 1126/1062/2060 1106/1063/2061 1107/1065/2063
f 1128/1066/2064 1127/1064/2062 1107/1065/2063 1108/1067/2065
f 1129/1068/2066 1128/1066/2064 1108/1067/2065 1109/1069/2067
f 1130/1070/2068 1129/1068/2066 1109/1069/2067 1110/1071/2069
f 1131/1072/2070 1130/1070/2068 1110/1071/2069 1111/1073/2071
f 1132/1074/2072 1131/1072/2070 1111/1073/2071 1112/1075/2073
f 1133/1076/2074 1132/1074/2072 1112/1075/2073 1113/1077/2075
f 1134/1078/2076 1133/1076/2074 1113/1077/2075 1114/1079/2077
f 1135/1080/2078 1134/1078/2076 1114/1079/2077 1115/1081/2079
f 1136/1082/2080 1135/1080/2078 1115/1081/2079 1116/1083/2081
f 1137/1084/2082 1136/1082/2080 1116/1083/2081 1117/1085/2083
f 1139/1086/2084 1138/1087/2085 1118/1088/2086 1119/1089/2087
f 1140/1090/2088 1139/1086/2084 1119/1089/2087 1120/1091/2089
f 1121/1053/2051 1140/1090/2088 1120/1091/2089 1101/1054/2052
s 49
f 941/1092/2090 942/1093/2091 1142/895/1740 1141/894/1739
s 50
f 942/1093/2092 943/1094/2093 1143/898/1744 1142/895/1743
s 51
f 943/1094/2094 944/1095/2095 1144/900/1748 1143/898/1747
s 52
f 944/1095/2096 945/1096/2097 1145/902/1752 1144/900/1751
s 53
f 945/1096/2098 946/1097/2099 1146/904/1756 1145/902/1755
s 54
f 946/1097/2100 947/1098/2101 1147/906/1760 1146/904/1759
s 55
f 947/1098/2102 948/1099/2103 1148/908/1764 1147/906/1763
s 56
f 948/1099/2104 949/1100/2105 1149/910/1768 1148/908/1767
s 57
f 949/1101/2106 950/1102/2107 1150/913/1772 1149/912/1771
s 58
f 950/1102/2108 951/1103/2109 1151/916/1776 1150/913/1775
s 59
f 951/1103/2110 952/1104/2111 1152/918/1780 1151/916/1779
s 60
f 952/1104/2112 953/1105/2113 1153/920/1784 1152/918/1783
s 61
f 953/1105/2114 954/1106/2115 1154/922/1788 1153/920/1787
s 62
f 954/1106/2116 955/1107/2117 1155/924/1792 1154/922/1791
s 63
f 955/1107/2118 956/1108/2119 1156/926/1796 1155/924/1795
s 64
f 956/1108/2120 957/1109/2121 1157/928/1800 1156/926/1799
s 65
f 958/1110/2122 959/1111/2123 1159/931/1804 1158/930/1803
s 66
f 959/1111/2124 960/1112/2125 1160/934/1808 1159/931/1807
s 67
f 960/1112/2126 941/1092/2127 1141/894/1812 1160/934/1811
s 68
f 961/1113/2128 962/1114/2129 1162/937/1816 1161/936/1815
f 962/1114/2129 963/1115/2130 1163/940/1819 1162/937/1816
f 963/1115/2130 964/1116/2131 1164/942/1821 1163/940/1819
f 964/1116/2131 965/1117/2132 1165/944/1823 1164/942/1821
f 965/1117/2132 966/1118/2133 1166/946/1825 1165/944/1823
f 966/1118/2133 967/1119/2134 1167/948/1827 1166/946/1825
f 967/1119/2134 968/1120/2135 1168/950/1829 1167/948/1827
f 968/1120/2135 969/1121/2136 1169/952/1831 1168/950/1829
f 969/1121/2136 970/1122/2137 1170/954/1833 1169/952/1831
f 970/1122/2137 971/1123/2138 1171/956/1835 1170/954/1833
f 971/1123/2138 972/1124/2139 1172/958/1837 1171/956/1835
f 972/1124/2139 973/1125/2140 1173/960/1839 1172/958/1837
f 973/1125/2140 974/1126/2141 1174/962/1841 1173/960/1839
f 974/1126/2141 975/1127/2142 1175/964/1843 1174/962/1841
f 975/1127/2142 976/1128/2143 1176/966/1845 1175/964/1843
f 976/1128/2143 977/1129/2144 1177/968/1847 1176/966/1845
f 978/1130/2145 979/1131/2146 1179/971/1850 1178/970/1849
f 979/1131/2146 980/1132/2147 1180/974/1853 1179/971/1850
f 980/1132/2147 961/1113/2128 1161/936/1815 1180/974/1853
s 70
f 1201/1133/2148 1202/1134/2149 1182/977/1856 1181/976/1855
s 71
f 1202/1134/2150 1203/1135/2151 1183/980/1860 1182/977/1859
s 72
f 1203/1135/2152 1204/1136/2153 1184/982/1864 1183/980/1863
s 73
f 1204/1136/2154 1205/1137/2155 1185/984/1868 1184/982/1867
s 74
f 1205/1137/2156 1206/1138/2157 1186/986/1872 1185/984/1871
s 75
f 1206/1138/2158 1207/1139/2159 1187/988/1876 1186/986/1875
s 76
f 1207/1139/2160 1208/1140/2161 1188/990/1880 1187/988/1879
s 77
f 1208/1140/2162 1209/1141/2163 1189/992/1884 1188/990/1883
s 78
f 1209/1141/2164 1210/1142/2165 1190/994/1888 1189/992/1887
s 79
f 1210/1142/2166 1211/1143/2167 1191/996/1892 1190/994/1891
s 80
f 1211/1143/2168 1212/1144/2169 1192/998/1896 1191/996/1895
s 81
f 1212/1144/2170 1213/1145/2171 1193/1000/1900 1192/998/1899
s 82
f 1213/1145/2172 1214/1146/2173 1194/1002/1904 1193/1000/1903
s 83
f 1214/1146/2174 1215/1147/2175 1195/1004/1908 1194/1002/1907
s 84
f 1215/1147/2176 1216/1148/2177 1196/1006/1912 1195/1004/1911
s 85
f 1216/1148/2178 1217/1149/2179 1197/1008/1916 1196/1006/1915
s 86
f 1218/1150/2180 1219/1151/2181 1199/1011/1920 1198/1010/1919
s 87
f 1219/1151/2182 1220/1152/2183 1200/1014/1924 1199/1011/1923
s 88
f 1220/1152/2184 1201/1133/2185 1181/976/1928 1200/1014/1927
s 70
f 981/1153/2186 982/1154/2187 1202/1134/2149 1201/1133/2148
s 71
f 982/1154/2188 983/1155/2189 1203/1135/2151 1202/1134/2150
s 72
f 983/1155/2190 984/1156/2191 1204/1136/2153 1203/1135/2152
s 73
f 984/1156/2192 985/1157/2193 1205/1137/2155 1204/1136/2154
s 74
f 985/1157/2194 986/1158/2195 1206/1138/2157 1205/1137/2156
s 75
f 986/1158/2196 987/1159/2197 1207/1139/2159 1206/1138/2158
s 76
f 987/1159/2198 988/1160/2199 1208/1140/2161 1207/1139/2160
s 77
f 988/1160/2200 989/1161/2201 1209/1141/2163 1208/1140/2162
s 78
f 989/1161/2202 990/1162/2203 1210/1142/2165 1209/1141/2164
s 79
f 990/1162/2204 991/1163/2205 1211/1143/2167 1210/1142/2166
s 80
f 991/1163/2206 992/1164/2207 1212/1144/2169 1211/1143/2168
s 81
f 992/1164/2208 993/1165/2209 1213/1145/2171 1212/1144/2170
s 82
f 993/1165/2210 994/1166/2211 1214/1146/2173 1213/1145/2172
s 83
f 994/1166/2212 995/1167/2213 1215/1147/2175 1214/1146/2174
s 84
f 995/1167/2214 996/1168/2215 1216/1148/2177 1215/1147/2176
s 85
f 996/1168/2216 997/1169/2217 1217/1149/2179 1216/1148/2178
s 86
f 998/1170/2218 999/1171/2219 1219/1151/2181 1218/1150/2180
s 87
f 999/1171/2220 1000/1172/2221 1220/1152/2183 1219/1151/2182
s 88
f 1000/1172/2222 981/1153/2223 1201/1133/2185 1220/1152/2184
s 45
f 1253/1173/2224 1254/1031/1984 1078/844/1689 918/847/1692
s 47
f 1252/1174/2225 1253/1173/2226 918/847/2007 1098/888/1733
f 1251/1175/2227 1252/1174/2225 1098/888/1733 938/891/1736
s 89
f 938/891/2046 1275/1050/2045 1276/1176/2228 1251/1175/2229
f 1138/1087/2085 1137/1084/2082 1117/1085/2083 1118/1088/2086
s 92
f 958/1110/2230 1158/930/2231 1157/928/2232 957/1109/2233
f 1158/930/2231 978/933/2234 977/929/2235 1157/928/2232
s 68
f 978/1130/2145 1178/970/1849 1177/968/1847 977/1129/2144
f 1178/970/1849 998/973/1852 997/969/1848 1177/968/1847
s 93
f 998/1170/2236 1218/1150/2237 1217/1149/2238 997/1169/2239
f 1218/1150/2237 1198/1010/2240 1197/1008/2241 1217/1149/2238
f 1198/1010/2240 1018/1013/2242 1017/1009/2243 1197/1008/2241
s 89
f 1226/1177/2244 1225/1178/2245 1101/1054/2052 1120/1091/2089
f 1227/1179/2246 1226/1177/2244 1120/1091/2089 1119/1089/2087
f 1228/1180/2247 1227/1179/2246 1119/1089/2087 1118/1088/2086
f 1250/1181/2248 1228/1180/2247 1118/1088/2086 1117/1085/2083 1229/1182/2249 1245/1183/2250
f 1230/1184/2251 1229/1182/2249 1117/1085/2083 1116/1083/2081
f 1231/1185/2252 1230/1184/2251 1116/1083/2081 1115/1081/2079
f 1232/1186/2253 1231/1185/2252 1115/1081/2079 1114/1079/2077
f 1233/1187/2254 1232/1186/2253 1114/1079/2077 1113/1077/2075
f 1234/1188/2255 1233/1187/2254 1113/1077/2075 1112/1075/2073
f 1235/1189/2256 1234/1188/2255 1112/1075/2073 1111/1073/2071
f 1236/1190/2257 1235/1189/2256 1111/1073/2071 1110/1071/2069
f 1237/1191/2258 1236/1190/2257 1110/1071/2069 1109/1069/2067
f 1238/1192/2259 1237/1191/2258 1109/1069/2067 1108/1067/2065
f 1239/1193/2260 1238/1192/2259 1108/1067/2065 1107/1065/2063
f 1240/1194/2261 1239/1193/2260 1107/1065/2063 1106/1063/2061
f 1241/1195/2262 1240/1194/2261 1106/1063/2061 1105/1061/2059
f 1242/1196/2263 1241/1195/2262 1105/1061/2059 1104/1059/2057
f 1243/1197/2264 1242/1196/2263 1104/1059/2057 1103/1057/2055
f 1244/1198/2265 1243/1197/2264 1103/1057/2055 1102/1055/2053
f 1225/1178/2245 1244/1198/2265 1102/1055/2053 1101/1054/2052
f 1255/1199/2266 1256/1048/2042 937/883/2043 1246/884/2267
s 47
f 1097/882/1727 1247/885/1730 1246/884/1729 937/883/1728
f 917/839/2004 1248/840/2005 1247/885/1730 1097/882/1727
s 45
f 1077/838/1683 1249/841/1686 1248/840/1685 917/839/1684
s 47
f 1224/887/1732 1223/886/1731 1252/1174/2225 1251/1175/2227
f 1223/886/1731 1222/843/2006 1253/1173/2226 1252/1174/2225
s 45
f 1222/843/1688 1221/842/1687 1254/1031/1984 1253/1173/2224
s 89
f 1277/1200/2268 1278/1201/2269 1256/1048/2042 1255/1199/2266
f 1278/1201/2269 1279/1202/2270 1257/1047/2040 1256/1048/2042
f 1279/1202/2270 1280/1203/2271 1258/1046/2038 1257/1047/2040
f 1280/1203/2271 1281/1204/2272 1259/1045/2036 1258/1046/2038
f 1281/1204/2272 1282/1205/2273 1260/1044/2034 1259/1045/2036
f 1282/1205/2273 1283/1206/2274 1261/1043/2032 1260/1044/2034
f 1283/1206/2274 1284/1207/2275 1262/1042/2030 1261/1043/2032
f 1284/1207/2275 1285/1208/2276 1263/1041/2028 1262/1042/2030
f 1285/1208/2276 1286/1209/2277 1264/1040/2026 1263/1041/2028
f 1286/1209/2277 1287/1210/2278 1265/1039/2024 1264/1040/2026
f 1287/1210/2278 1288/1211/2279 1266/1038/2022 1265/1039/2024
f 1288/1211/2279 1289/1212/2280 1267/1037/2020 1266/1038/2022
f 1289/1212/2280 1290/1213/2281 1268/1036/2018 1267/1037/2020
f 1290/1213/2281 1291/1214/2282 1269/1035/2016 1268/1036/2018
f 1291/1214/2282 1292/1215/2283 1270/1034/2014 1269/1035/2016
f 1292/1215/2283 1293/1216/2284 1271/1032/2010 1270/1034/2014
f 1293/1216/2284 1294/1217/2285 1272/1033/2011 1271/1032/2010
f 1273/1051/2048 1272/1033/2011 1294/1217/2285 1295/1218/2286
f 1295/1218/2286 1296/1219/2287 1274/1049/2044 1273/1051/2048
f 1296/1219/2287 1297/1220/2288 1275/1050/2045 1274/1049/2044
f 1276/1176/2228 1275/1050/2045 1297/1220/2288 1298/1221/2289
f 1245/1183/2250 1229/1182/2249 1278/1201/2269 1277/1200/2268
f 1229/1182/2249 1230/1184/2251 1279/1202/2270 1278/1201/2269
f 1230/1184/2251 1231/1185/2252 1280/1203/2271 1279/1202/2270
f 1231/1185/2252 1232/1186/2253 1281/1204/2272 1280/1203/2271
f 1232/1186/2253 1233/1187/2254 1282/1205/2273 1281/1204/2272
f 1233/1187/2254 1234/1188/2255 1283/1206/2274 1282/1205/2273
f 1234/1188/2255 1235/1189/2256 1284/1207/2275 1283/1206/2274
f 1235/1189/2256 1236/1190/2257 1285/1208/2276 1284/1207/2275
f 1236/1190/2257 1237/1191/2258 1286/1209/2277 1285/1208/2276
f 1237/1191/2258 1238/1192/2259 1287/1210/2278 1286/1209/2277
f 1238/1192/2259 1239/1193/2260 1288/1211/2279 1287/1210/2278
f 1239/1193/2260 1240/1194/2261 1289/1212/2280 1288/1211/2279
f 1240/1194/2261 1241/1195/2262 1290/1213/2281 1289/1212/2280
f 1241/1195/2262 1242/1196/2263 1291/1214/2282 1290/1213/2281
f 1242/1196/2263 1243/1197/2264 1292/1215/2283 1291/1214/2282
f 1243/1197/2264 1244/1198/2265 1293/1216/2284 1292/1215/2283
f 1244/1198/2265 1225/1178/2245 1294/1217/2285 1293/1216/2284
f 1295/1218/2286 1294/1217/2285 1225/1178/2245 1226/1177/2244
f 1226/1177/2244 1227/1179/2246 1296/1219/2287 1295/1218/2286
f 1227/1179/2246 1228/1180/2247 1297/1220/2288 1296/1219/2287
f 1298/1221/2289 1297/1220/2288 1228/1180/2247 1250/1181/2248
s 94
f 1001/979/2290 1002/978/2291 1300/1222/2292 1299/1223/2293
f 1002/978/2291 1003/981/2294 1301/1224/2295 1300/1222/2292
f 1003/981/2294 1004/983/2296 1302/1225/2297 1301/1224/2295
f 1004/983/2296 1005/985/2298 1303/1226/2299 1302/1225/2297
f 1005/985/2298 1006/987/2300 1304/1227/2301 1303/1226/2299
f 1006/987/2300 1007/989/2302 1305/1228/2303 1304/1227/2301
f 1007/989/2302 1008/991/2304 1306/1229/2305 1305/1228/2303
f 1008/991/2304 1009/993/2306 1307/1230/2307 1306/1229/2305
f 1009/993/2306 1010/995/2308 1308/1231/2309 1307/1230/2307
f 1010/995/2308 1011/997/2310 1309/1232/2311 1308/1231/2309
f 1011/997/2310 1012/999/2312 1310/1233/2313 1309/1232/2311
f 1012/999/2312 1013/1001/2314 1311/1234/2315 1310/1233/2313
f 1013/1001/2314 1014/1003/2316 1312/1235/2317 1311/1234/2315
f 1014/1003/2316 1015/1005/2318 1313/1236/2319 1312/1235/2317
f 1015/1005/2318 1016/1007/2320 1314/1237/2321 1313/1236/2319
f 1016/1007/2320 1017/1009/2322 1315/1238/2323 1314/1237/2321
f 1017/1009/2322 1018/1013/2324 1316/1239/2325 1315/1238/2323
f 1018/1013/2324 1019/1012/2326 1317/1240/2327 1316/1239/2325
f 1019/1012/2326 1020/1015/2328 1318/1241/2329 1317/1240/2327
f 1020/1015/2328 1001/979/2290 1299/1223/2293 1318/1241/2329
s 95
f 1299/1242/2330 1300/1243/2331 1344/1244/2332 1345/1245/2333
f 1300/1246/2331 1301/1247/2334 1343/1248/2335 1344/1249/2332
f 1301/1247/2334 1302/1250/2336 1342/1251/2337 1343/1248/2335
f 1302/1250/2336 1303/1252/2338 1341/1253/2339 1342/1251/2337
f 1303/1252/2338 1304/1254/2340 1340/1255/2341 1341/1253/2339
f 1304/1254/2340 1305/1256/2342 1359/1257/2343 1340/1255/2341
f 1305/1256/2342 1306/1258/2344 1358/1259/2345 1359/1257/2343
f 1306/1258/2344 1307/1260/2346 1357/1261/2347 1358/1259/2345
f 1307/1260/2346 1308/1262/2348 1356/1263/2349 1357/1261/2347
f 1308/1262/2348 1309/1264/2350 1355/1265/2351 1356/1263/2349
f 1309/1264/2350 1310/1266/2352 1354/1267/2353 1355/1265/2351
f 1310/1268/2352 1311/1269/2354 1353/1270/2355 1354/1271/2353
f 1311/1269/2354 1312/1272/2356 1352/1273/2357 1353/1270/2355
f 1312/1272/2356 1313/1274/2358 1351/1275/2359 1352/1273/2357
f 1313/1274/2358 1314/1276/2360 1350/1277/2361 1351/1275/2359
f 1314/1276/2360 1315/1278/2362 1349/1279/2363 1350/1277/2361
f 1315/1278/2362 1316/1280/2364 1348/1281/2365 1349/1279/2363
f 1316/1280/2364 1317/1282/2366 1347/1283/2367 1348/1281/2365
f 1317/1282/2366 1318/1284/2368 1346/1285/2369 1347/1283/2367
f 1318/1284/2368 1299/1242/2330 1345/1245/2333 1346/1285/2369
f 1341/1253/2339 1340/1255/2341 1325/1286/2370 1324/1287/2371
f 1342/1251/2337 1341/1253/2339 1324/1287/2371 1323/1288/2372
f 1343/1248/2335 1342/1251/2337 1323/1288/2372 1322/1289/2373
f 1344/1249/2332 1343/1248/2335 1322/1289/2373 1320/1290/2374
f 1345/1245/2333 1344/1244/2332 1320/1291/2374 1319/1292/2375
f 1346/1285/2369 1345/1245/2333 1319/1292/2375 1339/1293/2376
f 1347/1283/2367 1346/1285/2369 1339/1293/2376 1338/1294/2377
f 1348/1281/2365 1347/1283/2367 1338/1294/2377 1337/1295/2378
f 1349/1279/2363 1348/1281/2365 1337/1295/2378 1336/1296/2379
f 1350/1277/2361 1349/1279/2363 1336/1296/2379 1335/1297/2380
f 1351/1275/2359 1350/1277/2361 1335/1297/2380 1334/1298/2381
f 1352/1273/2357 1351/1275/2359 1334/1298/2381 1333/1299/2382
f 1353/1270/2355 1352/1273/2357 1333/1299/2382 1332/1300/2383
f 1354/1271/2353 1353/1270/2355 1332/1300/2383 1331/1301/2384
f 1355/1265/2351 1354/1267/2353 1331/1302/2384 1330/1303/2385
f 1356/1263/2349 1355/1265/2351 1330/1303/2385 1329/1304/2386
f 1357/1261/2347 1356/1263/2349 1329/1304/2386 1328/1305/2387
f 1358/1259/2345 1357/1261/2347 1328/1305/2387 1327/1306/2388
f 1359/1257/2343 1358/1259/2345 1327/1306/2388 1326/1307/2389
f 1340/1255/2341 1359/1257/2343 1326/1307/2389 1325/1286/2370
s 96
f 1440/1308/2390 1441/1309/2391 1370/1310/2392 1371/1311/2393
s 97
f 1441/1309/2394 1442/1312/2395 1369/1313/2396 1370/1310/2397
s 98
f 1442/1312/2398 1443/1314/2399 1368/1315/2400 1369/1313/2401
s 99
f 1443/1314/2402 1444/1316/2403 1367/1317/2404 1368/1315/2405
s 100
f 1444/1316/2406 1445/1318/2407 1366/1319/2408 1367/1317/2409
s 101
f 1445/1318/2410 1446/1320/2411 1365/1321/2412 1366/1319/2413
s 102
f 1446/1320/2414 1447/1322/2415 1364/1323/2416 1365/1321/2417
s 103
f 1447/1322/2418 1448/1324/2419 1363/1325/2420 1364/1323/2421
s 104
f 1448/1324/2422 1449/1326/2423 1362/1327/2424 1363/1325/2425
s 105
f 1449/1326/2426 1450/1328/2427 1361/1329/2428 1362/1327/2429
s 106
f 1450/1328/2430 1451/1330/2431 1360/1331/2432 1361/1329/2433
s 107
f 1451/1330/2434 1452/1332/2435 1379/1333/2436 1360/1331/2437
s 108
f 1452/1332/2438 1453/1334/2439 1378/1335/2440 1379/1333/2441
s 109
f 1453/1334/2442 1454/1336/2443 1377/1337/2444 1378/1335/2445
s 110
f 1454/1336/2446 1455/1338/2447 1376/1339/2448 1377/1337/2449
s 111
f 1455/1338/2450 1456/1340/2451 1375/1341/2452 1376/1339/2453
s 112
f 1456/1340/2454 1457/1342/2455 1374/1343/2456 1375/1341/2457
s 113
f 1457/1342/2458 1458/1344/2459 1373/1345/2460 1374/1343/2461
s 114
f 1458/1344/2462 1459/1346/2463 1372/1347/2464 1373/1345/2465
s 115
f 1459/1346/2466 1440/1308/2467 1371/1311/2468 1372/1347/2469
s 96
f 942/1093/2470 941/1092/2471 1381/1348/2472 1380/1349/2473
s 97
f 941/1092/2474 960/1112/2475 1382/1350/2476 1381/1348/2477
s 98
f 960/1112/2478 959/1111/2479 1383/1351/2480 1382/1350/2481
s 99
f 959/1111/2482 958/1110/2483 1384/1352/2484 1383/1351/2485
s 100
f 958/1110/2486 957/1109/2487 1385/1353/2488 1384/1352/2489
s 101
f 957/1109/2490 956/1108/2491 1386/1354/2492 1385/1353/2493
s 102
f 956/1108/2494 955/1107/2495 1387/1355/2496 1386/1354/2497
s 103
f 955/1107/2498 954/1106/2499 1388/1356/2500 1387/1355/2501
s 104
f 954/1106/2502 953/1105/2503 1389/1357/2504 1388/1356/2505
s 105
f 953/1105/2506 952/1104/2507 1390/1358/2508 1389/1357/2509
s 106
f 952/1104/2510 951/1103/2511 1391/1359/2512 1390/1358/2513
s 107
f 951/1103/2514 950/1102/2515 1392/1360/2516 1391/1359/2517
s 108
f 950/1102/2518 949/1101/2519 1393/1361/2520 1392/1360/2521
s 109
f 949/1100/2522 948/1099/2523 1394/1362/2524 1393/1363/2525
s 110
f 948/1099/2526 947/1098/2527 1395/1364/2528 1394/1362/2529
s 111
f 947/1098/2530 946/1097/2531 1396/1365/2532 1395/1364/2533
s 112
f 946/1097/2534 945/1096/2535 1397/1366/2536 1396/1365/2537
s 113
f 945/1096/2538 944/1095/2539 1398/1367/2540 1397/1366/2541
s 114
f 944/1095/2542 943/1094/2543 1399/1368/2544 1398/1367/2545
s 115
f 943/1094/2546 942/1093/2547 1380/1349/2548 1399/1368/2549
s 96
f 1380/1349/2473 1381/1348/2472 1401/1369/2550 1400/1370/2551
s 97
f 1381/1348/2477 1382/1350/2476 1402/1371/2552 1401/1369/2553
s 98
f 1382/1350/2481 1383/1351/2480 1403/1372/2554 1402/1371/2555
s 99
f 1383/1351/2485 1384/1352/2484 1404/1373/2556 1403/1372/2557
s 100
f 1384/1352/2489 1385/1353/2488 1405/1374/2558 1404/1373/2559
s 101
f 1385/1353/2493 1386/1354/2492 1406/1375/2560 1405/1374/2561
s 102
f 1386/1354/2497 1387/1355/2496 1407/1376/2562 1406/1375/2563
s 103
f 1387/1355/2501 1388/1356/2500 1408/1377/2564 1407/1376/2565
s 104
f 1388/1356/2505 1389/1357/2504 1409/1378/2566 1408/1377/2567
s 105
f 1389/1357/2509 1390/1358/2508 1410/1379/2568 1409/1378/2569
s 106
f 1390/1358/2513 1391/1359/2512 1411/1380/2570 1410/1379/2571
s 107
f 1391/1359/2517 1392/1360/2516 1412/1381/2572 1411/1380/2573
s 108
f 1392/1360/2521 1393/1361/2520 1413/1382/2574 1412/1381/2575
s 109
f 1393/1363/2525 1394/1362/2524 1414/1383/2576 1413/1384/2577
s 110
f 1394/1362/2529 1395/1364/2528 1415/1385/2578 1414/1383/2579
s 111
f 1395/1364/2533 1396/1365/2532 1416/1386/2580 1415/1385/2581
s 112
f 1396/1365/2537 1397/1366/2536 1417/1387/2582 1416/1386/2583
s 113
f 1397/1366/2541 1398/1367/2540 1418/1388/2584 1417/1387/2585
s 114
f 1398/1367/2545 1399/1368/2544 1419/1389/2586 1418/1388/2587
s 115
f 1399/1368/2549 1380/1349/2548 1400/1370/2588 1419/1389/2589
s 96
f 1400/1370/2551 1401/1369/2550 1421/1390/2590 1420/1391/2591
s 97
f 1401/1369/2553 1402/1371/2552 1422/1392/2592 1421/1390/2593
s 98
f 1402/1371/2555 1403/1372/2554 1423/1393/2594 1422/1392/2595
s 99
f 1403/1372/2557 1404/1373/2556 1424/1394/2596 1423/1393/2597
s 100
f 1404/1373/2559 1405/1374/2558 1425/1395/2598 1424/1394/2599
s 101
f 1405/1374/2561 1406/1375/2560 1426/1396/2600 1425/1395/2601
s 102
f 1406/1375/2563 1407/1376/2562 1427/1397/2602 1426/1396/2603
s 103
f 1407/1376/2565 1408/1377/2564 1428/1398/2604 1427/1397/2605
s 104
f 1408/1377/2567 1409/1378/2566 1429/1399/2606 1428/1398/2607
s 105
f 1409/1378/2569 1410/1379/2568 1430/1400/2608 1429/1399/2609
s 106
f 1410/1379/2571 1411/1380/2570 1431/1401/2610 1430/1400/2611
s 107
f 1411/1380/2573 1412/1381/2572 1432/1402/2612 1431/1401/2613
s 108
f 1412/1381/2575 1413/1382/2574 1433/1403/2614 1432/1402/2615
s 109
f 1413/1384/2577 1414/1383/2576 1434/1404/2616 1433/1405/2617
s 110
f 1414/1383/2579 1415/1385/2578 1435/1406/2618 1434/1404/2619
s 111
f 1415/1385/2581 1416/1386/2580 1436/1407/2620 1435/1406/2621
s 112
f 1416/1386/2583 1417/1387/2582 1437/1408/2622 1436/1407/2623
s 113
f 1417/1387/2585 1418/1388/2584 1438/1409/2624 1437/1408/2625
s 114
f 1418/1388/2587 1419/1389/2586 1439/1410/2626 1438/1409/2627
s 115
f 1419/1389/2589 1400/1370/2588 1420/1391/2628 1439/1410/2629
s 96
f 1420/1391/2591 1421/1390/2590 1441/1411/2391 1440/1412/2390
s 97
f 1421/1390/2593 1422/1392/2592 1442/1413/2395 1441/1411/2394
s 98
f 1422/1392/2595 1423/1393/2594 1443/1414/2399 1442/1413/2398
s 99
f 1423/1393/2597 1424/1394/2596 1444/1415/2403 1443/1414/2402
s 100
f 1424/1394/2599 1425/1395/2598 1445/1416/2407 1444/1415/2406
s 101
f 1425/1395/2601 1426/1396/2600 1446/1417/2411 1445/1416/2410
s 102
f 1426/1396/2603 1427/1397/2602 1447/1418/2415 1446/1417/2414
s 103
f 1427/1397/2605 1428/1398/2604 1448/1419/2419 1447/1418/2418
s 104
f 1428/1398/2607 1429/1399/2606 1449/1420/2423 1448/1419/2422
s 105
f 1429/1399/2609 1430/1400/2608 1450/1421/2427 1449/1420/2426
s 106
f 1430/1400/2611 1431/1401/2610 1451/1422/2431 1450/1421/2430
s 107
f 1431/1401/2613 1432/1402/2612 1452/1423/2435 1451/1422/2434
s 108
f 1432/1402/2615 1433/1403/2614 1453/1424/2439 1452/1423/2438
s 109
f 1433/1405/2617 1434/1404/2616 1454/1425/2443 1453/1426/2442
s 110
f 1434/1404/2619 1435/1406/2618 1455/1427/2447 1454/1425/2446
s 111
f 1435/1406/2621 1436/1407/2620 1456/1428/2451 1455/1427/2450
s 112
f 1436/1407/2623 1437/1408/2622 1457/1429/2455 1456/1428/2454
s 113
f 1437/1408/2625 1438/1409/2624 1458/1430/2459 1457/1429/2458
s 114
f 1438/1409/2627 1439/1410/2626 1459/1431/2463 1458/1430/2462
s 115
f 1439/1410/2629 1420/1391/2628 1440/1412/2467 1459/1431/2466
s 136
f 1520/1432/2630 1521/1433/2631 1362/1327/2632 1361/1329/2633
s 137
f 1521/1433/2634 1522/1434/2635 1363/1325/2636 1362/1327/2637
s 138
f 1522/1434/2638 1523/1435/2639 1364/1323/2640 1363/1325/2641
s 139
f 1523/1435/2642 1524/1436/2643 1365/1321/2644 1364/1323/2645
s 140
f 1524/1436/2646 1525/1437/2647 1366/1319/2648 1365/1321/2649
s 141
f 1525/1437/2650 1526/1438/2651 1367/1317/2652 1366/1319/2653
s 142
f 1526/1438/2654 1527/1439/2655 1368/1315/2656 1367/1317/2657
s 143
f 1527/1439/2658 1528/1440/2659 1369/1313/2660 1368/1315/2661
s 144
f 1528/1440/2662 1529/1441/2663 1370/1310/2664 1369/1313/2665
s 145
f 1529/1441/2666 1530/1442/2667 1371/1311/2668 1370/1310/2669
s 146
f 1530/1442/2670 1531/1443/2671 1372/1347/2672 1371/1311/2673
s 147
f 1531/1443/2674 1532/1444/2675 1373/1345/2676 1372/1347/2677
s 148
f 1532/1444/2678 1533/1445/2679 1374/1343/2680 1373/1345/2681
s 149
f 1533/1445/2682 1534/1446/2683 1375/1341/2684 1374/1343/2685
s 150
f 1534/1446/2686 1535/1447/2687 1376/1339/2688 1375/1341/2689
s 151
f 1535/1447/2690 1536/1448/2691 1377/1337/2692 1376/1339/2693
s 152
f 1536/1448/2694 1537/1449/2695 1378/1335/2696 1377/1337/2697
s 153
f 1537/1449/2698 1538/1450/2699 1379/1333/2700 1378/1335/2701
s 154
f 1538/1450/2702 1539/1451/2703 1360/1331/2704 1379/1333/2705
s 155
f 1539/1451/2706 1520/1432/2707 1361/1329/2708 1360/1331/2709
s 136
f 1122/1452/2710 1123/1453/2711 1461/1454/2712 1460/1455/2713
s 137
f 1123/1453/2714 1124/1456/2715 1462/1457/2716 1461/1454/2717
s 138
f 1124/1456/2718 1125/1458/2719 1463/1459/2720 1462/1457/2721
s 139
f 1125/1458/2722 1126/1460/2723 1464/1461/2724 1463/1459/2725
s 140
f 1126/1460/2726 1127/1462/2727 1465/1463/2728 1464/1461/2729
s 141
f 1127/1462/2730 1128/1464/2731 1466/1465/2732 1465/1463/2733
s 142
f 1128/1464/2734 1129/1466/2735 1467/1467/2736 1466/1465/2737
s 143
f 1129/1466/2738 1130/1468/2739 1468/1469/2740 1467/1467/2741
s 144
f 1130/1468/2742 1131/1470/2743 1469/1471/2744 1468/1469/2745
s 145
f 1131/1470/2746 1132/1472/2747 1470/1473/2748 1469/1471/2749
s 146
f 1132/1472/2750 1133/1474/2751 1471/1475/2752 1470/1473/2753
s 147
f 1133/1474/2754 1134/1476/2755 1472/1477/2756 1471/1475/2757
s 148
f 1134/1476/2758 1135/1478/2759 1473/1479/2760 1472/1477/2761
s 149
f 1135/1478/2762 1136/1480/2763 1474/1481/2764 1473/1479/2765
s 150
f 1136/1480/2766 1137/1482/2767 1475/1483/2768 1474/1481/2769
s 151
f 1137/1482/2770 1138/1484/2771 1476/1485/2772 1475/1483/2773
s 152
f 1138/1484/2774 1139/1486/2775 1477/1487/2776 1476/1485/2777
s 153
f 1139/1486/2778 1140/1488/2779 1478/1489/2780 1477/1487/2781
s 154
f 1140/1488/2782 1121/1490/2783 1479/1491/2784 1478/1489/2785
s 155
f 1121/1490/2786 1122/1452/2787 1460/1455/2788 1479/1491/2789
s 136
f 1460/1455/2713 1461/1454/2712 1481/1492/2790 1480/1493/2791
s 137
f 1461/1454/2717 1462/1457/2716 1482/1494/2792 1481/1492/2793
s 138
f 1462/1457/2721 1463/1459/2720 1483/1495/2794 1482/1494/2795
s 139
f 1463/1459/2725 1464/1461/2724 1484/1496/2796 1483/1495/2797
s 140
f 1464/1461/2729 1465/1463/2728 1485/1497/2798 1484/1496/2799
s 141
f 1465/1463/2733 1466/1465/2732 1486/1498/2800 1485/1497/2801
s 142
f 1466/1465/2737 1467/1467/2736 1487/1499/2802 1486/1498/2803
s 143
f 1467/1467/2741 1468/1469/2740 1488/1500/2804 1487/1499/2805
s 144
f 1468/1469/2745 1469/1471/2744 1489/1501/2806 1488/1500/2807
s 145
f 1469/1471/2749 1470/1473/2748 1490/1502/2808 1489/1501/2809
s 146
f 1470/1473/2753 1471/1475/2752 1491/1503/2810 1490/1502/2811
s 147
f 1471/1475/2757 1472/1477/2756 1492/1504/2812 1491/1503/2813
s 148
f 1472/1477/2761 1473/1479/2760 1493/1505/2814 1492/1504/2815
s 149
f 1473/1479/2765 1474/1481/2764 1494/1506/2816 1493/1505/2817
s 150
f 1474/1481/2769 1475/1483/2768 1495/1507/2818 1494/1506/2819
s 151
f 1475/1483/2773 1476/1485/2772 1496/1508/2820 1495/1507/2821
s 152
f 1476/1485/2777 1477/1487/2776 1497/1509/2822 1496/1508/2823
s 153
f 1477/1487/2781 1478/1489/2780 1498/1510/2824 1497/1509/2825
s 154
f 1478/1489/2785 1479/1491/2784 1499/1511/2826 1498/1510/2827
s 155
f 1479/1491/2789 1460/1455/2788 1480/1493/2828 1499/1511/2829
s 136
f 1480/1493/2791 1481/1492/2790 1501/1512/2830 1500/1513/2831
s 137
f 1481/1492/2793 1482/1494/2792 1502/1514/2832 1501/1512/2833
s 138
f 1482/1494/2795 1483/1495/2794 1503/1515/2834 1502/1514/2835
s 139
f 1483/1495/2797 1484/1496/2796 1504/1516/2836 1503/1515/2837
s 140
f 1484/1496/2799 1485/1497/2798 1505/1517/2838 1504/1516/2839
s 141
f 1485/1497/2801 1486/1498/2800 1506/1518/2840 1505/1517/2841
s 142
f 1486/1498/2803 1487/1499/2802 1507/1519/2842 1506/1518/2843
s 143
f 1487/1499/2805 1488/1500/2804 1508/1520/2844 1507/1519/2845
s 144
f 1488/1500/2807 1489/1501/2806 1509/1521/2846 1508/1520/2847
s 145
f 1489/1501/2809 1490/1502/2808 1510/1522/2848 1509/1521/2849
s 146
f 1490/1502/2811 1491/1503/2810 1511/1523/2850 1510/1522/2851
s 147
f 1491/1503/2813 1492/1504/2812 1512/1524/2852 1511/1523/2853
s 148
f 1492/1504/2815 1493/1505/2814 1513/1525/2854 1512/1524/2855
s 149
f 1493/1505/2817 1494/1506/2816 1514/1526/2856 1513/1525/2857
s 150
f 1494/1506/2819 1495/1507/2818 1515/1527/2858 1514/1526/2859
s 151
f 1495/1507/2821 1496/1508/2820 1516/1528/2860 1515/1527/2861
s 152
f 1496/1508/2823 1497/1509/2822 1517/1529/2862 1516/1528/2863
s 153
f 1497/1509/2825 1498/1510/2824 1518/1530/2864 1517/1529/2865
s 154
f 1498/1510/2827 1499/1511/2826 1519/1531/2866 1518/1530/2867
s 155
f 1499/1511/2829 1480/1493/2828 1500/1513/2868 1519/1531/2869
s 136
f 1500/1513/2831 1501/1512/2830 1521/1433/2631 1520/1432/2630
s 137
f 1501/1512/2833 1502/1514/2832 1522/1434/2635 1521/1433/2634
s 138
f 1502/1514/2835 1503/1515/2834 1523/1435/2639 1522/1434/2638
s 139
f 1503/1515/2837 1504/1516/2836 1524/1436/2643 1523/1435/2642
s 140
f 1504/1516/2839 1505/1517/2838 1525/1437/2647 1524/1436/2646
s 141
f 1505/1517/2841 1506/1518/2840 1526/1438/2651 1525/1437/2650
s 142
f 1506/1518/2843 1507/1519/2842 1527/1439/2655 1526/1438/2654
s 143
f 1507/1519/2845 1508/1520/2844 1528/1440/2659 1527/1439/2658
s 144
f 1508/1520/2847 1509/1521/2846 1529/1441/2663 1528/1440/2662
s 145
f 1509/1521/2849 1510/1522/2848 1530/1442/2667 1529/1441/2666
s 146
f 1510/1522/2851 1511/1523/2850 1531/1443/2671 1530/1442/2670
s 147
f 1511/1523/2853 1512/1524/2852 1532/1444/2675 1531/1443/2674
s 148
f 1512/1524/2855 1513/1525/2854 1533/1445/2679 1532/1444/2678
s 149
f 1513/1525/2857 1514/1526/2856 1534/1446/2683 1533/1445/2682
s 150
f 1514/1526/2859 1515/1527/2858 1535/1447/2687 1534/1446/2686
s 151
f 1515/1527/2861 1516/1528/2860 1536/1448/2691 1535/1447/2690
s 152
f 1516/1528/2863 1517/1529/2862 1537/1449/2695 1536/1448/2694
s 153
f 1517/1529/2865 1518/1530/2864 1538/1450/2699 1537/1449/2698
s 154
f 1518/1530/2867 1519/1531/2866 1539/1451/2703 1538/1450/2702
s 155
f 1519/1531/2869 1500/1513/2868 1520/1432/2707 1539/1451/2706
s 176
usemtl aiStandardSurface16SG
f 1637/1532/2870 1638/1533/2871 1541/1534/2872 1540/1535/2873
f 1541/1534/2872 1638/1533/2871 1639/1536/2874 1542/1537/2875
f 1639/1536/2874 1640/1538/2876 1543/1539/2877 1542/1537/2875
f 1640/1538/2876 1641/1540/2878 1544/1541/2879 1543/1539/2877
f 1544/1541/2879 1641/1540/2878 1642/1542/2880 1545/1543/2881
f 1642/1542/2880 1643/1544/2882 1546/1545/2883 1545/1543/2881
f 1643/1544/2882 1644/1546/2884 1547/1547/2885 1546/1545/2883
f 1547/1547/2885 1644/1546/2884 1645/1548/2886 1548/1549/2887
f 1548/1549/2887 1645/1548/2886 1646/1550/2888 1549/1551/2889
f 1646/1550/2888 1647/1552/2890 1550/1553/2891 1549/1551/2889
f 1648/1554/2892 1551/1555/2893 1550/1553/2891 1647/1552/2890
f 1648/1554/2892 1649/1556/2894 1552/1557/2895 1551/1555/2893
f 1649/1556/2894 1650/1558/2896 1553/1559/2897 1552/1557/2895
f 1553/1559/2897 1650/1558/2896 1651/1560/2898 1554/1561/2899
f 1651/1560/2898 1652/1562/2900 1555/1563/2901 1554/1561/2899
f 1652/1562/2900 1653/1564/2902 1556/1565/2903 1555/1563/2901
f 1556/1565/2903 1653/1564/2902 1654/1566/2904 1557/1567/2905
f 1654/1566/2904 1655/1568/2906 1558/1569/2907 1557/1567/2905
f 1655/1568/2906 1850/1570/2908 1851/1571/2909 1558/1569/2907
s 177
f 1656/1572/2910 1657/1573/2911 1560/1574/2912 1559/1575/2913
s 178
f 1560/1574/2914 1657/1573/2915 1658/1576/2916 1561/1577/2917
s 179
f 1658/1576/2918 1659/1578/2919 1562/1579/2920 1561/1577/2921
s 180
f 1659/1578/2922 1660/1580/2923 1563/1581/2924 1562/1579/2925
s 181
f 1563/1581/2926 1660/1580/2927 1661/1582/2928 1564/1583/2929
s 182
f 1661/1582/2930 1662/1584/2931 1565/1585/2932 1564/1583/2933
s 183
f 1662/1584/2934 1663/1586/2935 1566/1587/2936 1565/1585/2937
s 184
f 1566/1587/2938 1663/1586/2939 1664/1588/2940 1567/1589/2941
s 185
f 1567/1589/2942 1664/1588/2943 1665/1590/2944 1568/1591/2945
s 186
f 1665/1590/2946 1666/1592/2947 1569/1593/2948 1568/1591/2949
s 187
f 1667/1594/2950 1570/1595/2951 1569/1593/2952 1666/1592/2953
s 188
f 1667/1594/2954 1668/1596/2955 1571/1597/2956 1570/1595/2957
s 189
f 1668/1596/2958 1669/1598/2959 1572/1599/2960 1571/1597/2961
s 190
f 1572/1599/2962 1669/1598/2963 1670/1600/2964 1573/1601/2965
s 191
f 1670/1600/2966 1671/1602/2967 1574/1603/2968 1573/1601/2969
s 192
f 1671/1602/2970 1672/1604/2971 1575/1605/2972 1574/1603/2973
s 193
f 1575/1605/2974 1672/1604/2975 1673/1606/2976 1576/1607/2977
s 194
f 1673/1606/2978 1674/1608/2979 1577/1609/2980 1576/1607/2981
s 195
f 1674/1608/2982 1853/1610/2983 1854/1611/2984 1577/1609/2985
s 196
f 1694/1612/2986 1695/1613/2987 1579/1614/2988 1578/1615/2989
f 1579/1614/2988 1695/1613/2990 1696/1616/2991 1580/1617/2992
f 1696/1616/2993 1697/1618/2994 1581/1619/2995 1580/1617/2992
f 1697/1618/2996 1698/1620/2997 1582/1621/2998 1581/1619/2995
f 1582/1621/2998 1698/1620/2999 1699/1622/3000 1583/1623/3001
f 1699/1622/3002 1700/1624/3003 1584/1625/3004 1583/1623/3001
f 1700/1624/3005 1701/1626/3006 1585/1627/3007 1584/1625/3004
f 1585/1627/3007 1701/1626/3008 1702/1628/3009 1586/1629/3010
f 1586/1629/3010 1702/1628/3011 1703/1630/3012 1587/1631/3013
f 1703/1630/3014 1704/1632/3015 1588/1633/3016 1587/1631/3013
f 1705/1634/3017 1589/1635/3018 1588/1633/3016 1704/1632/3019
f 1705/1634/3020 1706/1636/3021 1590/1637/3022 1589/1635/3018
f 1706/1636/3023 1707/1638/3024 1591/1639/3025 1590/1637/3022
f 1591/1639/3025 1707/1638/3026 1708/1640/3027 1592/1641/3028
f 1708/1640/3029 1709/1642/3030 1593/1643/3031 1592/1641/3028
f 1709/1642/3032 1710/1644/3033 1594/1645/3034 1593/1643/3031
f 1594/1645/3034 1710/1644/3035 1711/1646/3036 1595/1647/3037
f 1711/1646/3038 1712/1648/3039 1596/1649/3040 1595/1647/3037
f 1712/1648/3041 1855/1650/3042 1856/1651/3043 1596/1649/3040
f 1713/1652/3044 1714/1653/3045 1599/1654/3046 1598/1655/3047
f 1826/1656/3048 1599/1654/3046 1714/1653/3045 1715/1657/3049 1600/1658/3050
f 1715/1657/3049 1716/1659/3051 1601/1660/3052 1600/1658/3050
f 1716/1659/3051 1717/1661/3053 1602/1662/3054 1601/1660/3052
f 1822/1663/3055 1602/1662/3054 1717/1661/3053 1718/1664/3056 1603/1665/3057
f 1718/1664/3056 1719/1666/3058 1604/1667/3059 1603/1665/3057
f 1719/1666/3058 1720/1668/3060 1605/1669/3061 1604/1667/3059
f 1818/1670/3062 1605/1669/3061 1720/1668/3060 1721/1671/3063 1606/1672/3064
f 1606/1672/3064 1721/1671/3063 1722/1673/3065 1607/1674/3066
f 1722/1673/3065 1723/1675/3067 1608/1676/3068 1607/1674/3066
f 1724/1677/3069 1609/1678/3070 1817/1679/3071 1608/1676/3068 1723/1675/3067
f 1724/1677/3069 1725/1680/3072 1610/1681/3073 1609/1678/3070
f 1725/1680/3072 1726/1682/3074 1611/1683/3075 1610/1681/3073
f 1810/1684/3076 1611/1683/3075 1726/1682/3074 1727/1685/3077 1612/1686/3078
f 1727/1685/3077 1728/1687/3079 1613/1688/3080 1612/1686/3078
f 1728/1687/3079 1729/1689/3081 1614/1690/3082 1613/1688/3080
f 1830/1691/3083 1614/1690/3082 1729/1689/3081 1730/1692/3084 1615/1693/3085
f 1730/1692/3084 1731/1694/3086 1616/1695/3087 1615/1693/3085
f 1731/1694/3086 1857/1696/3088 1858/1697/3089 1616/1695/3087
f 1732/1698/3090 1846/1699/3091 1847/1700/3092 1617/1701/3093
f 1733/1702/3094 1734/1703/3095 1619/1704/3096 1618/1705/3097
f 1734/1703/3095 1828/1706/3098 1829/1707/3099 1619/1704/3096
f 1735/1708/3100 1736/1709/3101 1621/1710/3102 1620/1711/3103
f 1736/1709/3101 1737/1712/3104 1622/1713/3105 1621/1710/3102
f 1737/1712/3104 1824/1714/3106 1825/1715/3107 1622/1713/3105
f 1738/1716/3108 1739/1717/3109 1624/1718/3110 1623/1719/3111
f 1739/1717/3109 1740/1720/3112 1625/1721/3113 1624/1718/3110
f 1740/1720/3112 1820/1722/3114 1821/1723/3115 1625/1721/3113
f 1627/1724/3116 1626/1725/3117 1741/1726/3118 1742/1727/3119
f 1742/1727/3119 1743/1728/3120 1628/1729/3121 1627/1724/3116
f 1814/1730/3122 1815/1731/3123 1744/1732/3124 1629/1733/3125
f 1744/1732/3124 1745/1734/3126 1630/1735/3127 1629/1733/3125
f 1745/1734/3126 1746/1736/3128 1631/1737/3129 1630/1735/3127
f 1746/1736/3128 1812/1738/3130 1813/1739/3131 1631/1737/3129
f 1747/1740/3132 1748/1741/3133 1633/1742/3134 1632/1743/3135
f 1748/1741/3133 1749/1744/3136 1634/1745/3137 1633/1742/3134
f 1749/1744/3136 1832/1746/3138 1833/1747/3139 1634/1745/3137
f 1750/1748/3140 1751/1749/3141 1636/1750/3142 1635/1751/3143
f 1751/1749/3141 1860/1752/3144 1861/1753/3145 1636/1750/3142
s 176
f 1752/1754/3146 1753/1755/3147 1788/1756/3148 1789/1757/3149
f 1788/1756/3148 1753/1755/3147 1754/1758/3150 1787/1759/3151
f 1754/1758/3150 1755/1760/3152 1786/1761/3153 1787/1759/3151
f 1755/1760/3152 1756/1762/3154 1785/1763/3155 1786/1761/3153
f 1785/1763/3155 1756/1762/3154 1757/1764/3156 1784/1765/3157
f 1757/1764/3156 1758/1766/3158 1783/1767/3159 1784/1765/3157
f 1758/1766/3158 1759/1768/3160 1782/1769/3161 1783/1767/3159
f 1782/1769/3161 1759/1768/3160 1760/1770/3162 1781/1771/3163
f 1781/1771/3163 1760/1770/3162 1761/1772/3164 1780/1773/3165
f 1761/1772/3164 1762/1774/3166 1779/1775/3167 1780/1773/3165
f 1763/1776/3168 1778/1777/3169 1779/1775/3167 1762/1774/3166
f 1763/1776/3168 1764/1778/3170 1777/1779/3171 1778/1777/3169
f 1764/1778/3170 1765/1780/3172 1776/1781/3173 1777/1779/3171
f 1776/1781/3173 1765/1780/3172 1766/1782/3174 1775/1783/3175
f 1766/1782/3174 1767/1784/3176 1774/1785/3177 1775/1783/3175
f 1767/1784/3176 1768/1786/3178 1773/1787/3179 1774/1785/3177
f 1773/1787/3179 1768/1786/3178 1769/1788/3180 1772/1789/3181
f 1769/1788/3180 1770/1790/3182 1771/1791/3183 1772/1789/3181
f 1770/1790/3182 1848/1792/3184 1849/1793/3185 1771/1791/3183
s 177
f 1675/1794/3186 1676/1795/3187 1657/1573/2911 1656/1572/2910
s 178
f 1657/1573/2915 1676/1795/3188 1677/1796/3189 1658/1576/2916
s 179
f 1677/1796/3190 1678/1797/3191 1659/1578/2919 1658/1576/2918
s 180
f 1678/1797/3192 1679/1798/3193 1660/1580/2923 1659/1578/2922
s 181
f 1660/1580/2927 1679/1798/3194 1680/1799/3195 1661/1582/2928
s 182
f 1680/1799/3196 1681/1800/3197 1662/1584/2931 1661/1582/2930
s 183
f 1681/1800/3198 1682/1801/3199 1663/1586/2935 1662/1584/2934
s 184
f 1663/1586/2939 1682/1801/3200 1683/1802/3201 1664/1588/2940
s 185
f 1664/1588/2943 1683/1802/3202 1684/1803/3203 1665/1590/2944
s 186
f 1684/1803/3204 1685/1804/3205 1666/1592/2947 1665/1590/2946
s 187
f 1686/1805/3206 1667/1594/2950 1666/1592/2953 1685/1804/3207
s 188
f 1686/1805/3208 1687/1806/3209 1668/1596/2955 1667/1594/2954
s 189
f 1687/1806/3210 1688/1807/3211 1669/1598/2959 1668/1596/2958
s 190
f 1669/1598/2963 1688/1807/3212 1689/1808/3213 1670/1600/2964
s 191
f 1689/1808/3214 1690/1809/3215 1671/1602/2967 1670/1600/2966
s 192
f 1690/1809/3216 1691/1810/3217 1672/1604/2971 1671/1602/2970
s 193
f 1672/1604/2975 1691/1810/3218 1692/1811/3219 1673/1606/2976
s 194
f 1692/1811/3220 1693/1812/3221 1674/1608/2979 1673/1606/2978
s 195
f 1693/1812/3222 1852/1813/3223 1853/1610/2983 1674/1608/2982
s 177
f 1540/1535/3224 1541/1534/3225 1676/1795/3187 1675/1794/3186
s 178
f 1676/1795/3188 1541/1534/3226 1542/1537/3227 1677/1796/3189
s 179
f 1542/1537/3228 1543/1539/3229 1678/1797/3191 1677/1796/3190
s 180
f 1543/1539/3230 1544/1541/3231 1679/1798/3193 1678/1797/3192
s 181
f 1679/1798/3194 1544/1541/3232 1545/1543/3233 1680/1799/3195
s 182
f 1545/1543/3234 1546/1545/3235 1681/1800/3197 1680/1799/3196
s 183
f 1546/1545/3236 1547/1547/3237 1682/1801/3199 1681/1800/3198
s 184
f 1682/1801/3200 1547/1547/3238 1548/1549/3239 1683/1802/3201
s 185
f 1683/1802/3202 1548/1549/3240 1549/1551/3241 1684/1803/3203
s 186
f 1549/1551/3242 1550/1553/3243 1685/1804/3205 1684/1803/3204
s 187
f 1551/1555/3244 1686/1805/3206 1685/1804/3207 1550/1553/3245
s 188
f 1551/1555/3246 1552/1557/3247 1687/1806/3209 1686/1805/3208
s 189
f 1552/1557/3248 1553/1559/3249 1688/1807/3211 1687/1806/3210
s 190
f 1688/1807/3212 1553/1559/3250 1554/1561/3251 1689/1808/3213
s 191
f 1554/1561/3252 1555/1563/3253 1690/1809/3215 1689/1808/3214
s 192
f 1555/1563/3254 1556/1565/3255 1691/1810/3217 1690/1809/3216
s 193
f 1691/1810/3218 1556/1565/3256 1557/1567/3257 1692/1811/3219
s 194
f 1557/1567/3258 1558/1569/3259 1693/1812/3221 1692/1811/3220
s 195
f 1558/1569/3260 1851/1571/3261 1852/1813/3223 1693/1812/3222
s 196
f 1559/1575/3262 1560/1574/3263 1695/1613/2987 1694/1612/2986
f 1695/1613/2990 1560/1574/3264 1561/1577/3265 1696/1616/2991
f 1561/1577/3266 1562/1579/3267 1697/1618/2994 1696/1616/2993
f 1562/1579/3268 1563/1581/3269 1698/1620/2997 1697/1618/2996
f 1698/1620/2999 1563/1581/3270 1564/1583/3271 1699/1622/3000
f 1564/1583/3272 1565/1585/3273 1700/1624/3003 1699/1622/3002
f 1565/1585/3274 1566/1587/3275 1701/1626/3006 1700/1624/3005
f 1701/1626/3008 1566/1587/3276 1567/1589/3277 1702/1628/3009
f 1702/1628/3011 1567/1589/3278 1568/1591/3279 1703/1630/3012
f 1568/1591/3280 1569/1593/3281 1704/1632/3015 1703/1630/3014
f 1570/1595/3282 1705/1634/3017 1704/1632/3019 1569/1593/3283
f 1570/1595/3284 1571/1597/3285 1706/1636/3021 1705/1634/3020
f 1571/1597/3286 1572/1599/3287 1707/1638/3024 1706/1636/3023
f 1707/1638/3026 1572/1599/3288 1573/1601/3289 1708/1640/3027
f 1573/1601/3290 1574/1603/3291 1709/1642/3030 1708/1640/3029
f 1574/1603/3292 1575/1605/3293 1710/1644/3033 1709/1642/3032
f 1710/1644/3035 1575/1605/3294 1576/1607/3295 1711/1646/3036
f 1576/1607/3296 1577/1609/3297 1712/1648/3039 1711/1646/3038
f 1577/1609/3298 1854/1611/3299 1855/1650/3042 1712/1648/3041
f 1578/1615/2989 1579/1614/2988 1714/1653/3045 1713/1652/3044
f 1714/1653/3045 1579/1614/2988 1580/1617/2992 1715/1657/3049
f 1580/1617/2992 1581/1619/2995 1716/1659/3051 1715/1657/3049
f 1581/1619/2995 1582/1621/2998 1717/1661/3053 1716/1659/3051
f 1717/1661/3053 1582/1621/2998 1583/1623/3001 1718/1664/3056
f 1583/1623/3001 1584/1625/3004 1719/1666/3058 1718/1664/3056
f 1584/1625/3004 1585/1627/3007 1720/1668/3060 1719/1666/3058
f 1720/1668/3060 1585/1627/3007 1586/1629/3010 1721/1671/3063
f 1721/1671/3063 1586/1629/3010 1587/1631/3013 1722/1673/3065
f 1587/1631/3013 1588/1633/3016 1723/1675/3067 1722/1673/3065
f 1589/1635/3018 1724/1677/3069 1723/1675/3067 1588/1633/3016
f 1589/1635/3018 1590/1637/3022 1725/1680/3072 1724/1677/3069
f 1590/1637/3022 1591/1639/3025 1726/1682/3074 1725/1680/3072
f 1726/1682/3074 1591/1639/3025 1592/1641/3028 1727/1685/3077
f 1592/1641/3028 1593/1643/3031 1728/1687/3079 1727/1685/3077
f 1593/1643/3031 1594/1645/3034 1729/1689/3081 1728/1687/3079
f 1729/1689/3081 1594/1645/3034 1595/1647/3037 1730/1692/3084
f 1595/1647/3037 1596/1649/3040 1731/1694/3086 1730/1692/3084
f 1596/1649/3040 1856/1651/3043 1857/1696/3088 1731/1694/3086
f 1791/1814/3300 1792/1815/3301 1734/1703/3095 1733/1702/3094
f 1793/1816/3302 1794/1817/3303 1736/1709/3101 1735/1708/3100
f 1794/1817/3303 1795/1818/3304 1737/1712/3104 1736/1709/3101
f 1796/1819/3305 1797/1820/3306 1739/1717/3109 1738/1716/3108
f 1797/1820/3306 1798/1821/3307 1740/1720/3112 1739/1717/3109
f 1800/1822/3308 1801/1823/3309 1743/1728/3120 1742/1727/3119
f 1802/1824/3310 1803/1825/3311 1745/1734/3126 1744/1732/3124
f 1803/1825/3311 1804/1826/3312 1746/1736/3128 1745/1734/3126
f 1805/1827/3313 1806/1828/3314 1748/1741/3133 1747/1740/3132
f 1806/1828/3314 1807/1829/3315 1749/1744/3136 1748/1741/3133
f 1808/1830/3316 1809/1831/3317 1751/1749/3141 1750/1748/3140
f 1809/1831/3317 1859/1832/3318 1860/1752/3144 1751/1749/3141
s 176
f 1771/1791/3183 1849/1793/3185 1850/1570/2908 1655/1568/2906
f 1772/1789/3181 1771/1791/3183 1655/1568/2906 1654/1566/2904
f 1653/1564/2902 1773/1787/3179 1772/1789/3181 1654/1566/2904
f 1774/1785/3177 1773/1787/3179 1653/1564/2902 1652/1562/2900
f 1775/1783/3175 1774/1785/3177 1652/1562/2900 1651/1560/2898
f 1650/1558/2896 1776/1781/3173 1775/1783/3175 1651/1560/2898
f 1777/1779/3171 1776/1781/3173 1650/1558/2896 1649/1556/2894
f 1778/1777/3169 1777/1779/3171 1649/1556/2894 1648/1554/2892
f 1778/1777/3169 1648/1554/2892 1647/1552/2890 1779/1775/3167
f 1780/1773/3165 1779/1775/3167 1647/1552/2890 1646/1550/2888
f 1645/1548/2886 1781/1771/3163 1780/1773/3165 1646/1550/2888
f 1644/1546/2884 1782/1769/3161 1781/1771/3163 1645/1548/2886
f 1783/1767/3159 1782/1769/3161 1644/1546/2884 1643/1544/2882
f 1784/1765/3157 1783/1767/3159 1643/1544/2882 1642/1542/2880
f 1641/1540/2878 1785/1763/3155 1784/1765/3157 1642/1542/2880
f 1786/1761/3153 1785/1763/3155 1641/1540/2878 1640/1538/2876
f 1787/1759/3151 1786/1761/3153 1640/1538/2876 1639/1536/2874
f 1638/1533/2871 1788/1756/3148 1787/1759/3151 1639/1536/2874
f 1789/1757/3149 1788/1756/3148 1638/1533/2871 1637/1532/2870
s 196
f 1597/1833/3319 1844/1834/3320 1845/1835/3321 1790/1836/3322
f 1598/1655/3047 1599/1654/3046 1792/1815/3301 1791/1814/3300
f 1599/1654/3046 1826/1656/3048 1827/1837/3323 1792/1815/3301
f 1600/1658/3050 1601/1660/3052 1794/1817/3303 1793/1816/3302
f 1601/1660/3052 1602/1662/3054 1795/1818/3304 1794/1817/3303
f 1602/1662/3054 1822/1663/3055 1823/1838/3324 1795/1818/3304
f 1603/1665/3057 1604/1667/3059 1797/1820/3306 1796/1819/3305
f 1604/1667/3059 1605/1669/3061 1798/1821/3307 1797/1820/3306
f 1605/1669/3061 1818/1670/3062 1819/1839/3325 1798/1821/3307
f 1800/1822/3308 1799/1840/3326 1606/1672/3064 1607/1674/3066
f 1607/1674/3066 1608/1676/3068 1801/1823/3309 1800/1822/3308
f 1816/1841/3327 1817/1679/3071 1609/1678/3070 1802/1824/3310
f 1609/1678/3070 1610/1681/3073 1803/1825/3311 1802/1824/3310
f 1610/1681/3073 1611/1683/3075 1804/1826/3312 1803/1825/3311
f 1611/1683/3075 1810/1684/3076 1811/1842/3328 1804/1826/3312
f 1612/1686/3078 1613/1688/3080 1806/1828/3314 1805/1827/3313
f 1613/1688/3080 1614/1690/3082 1807/1829/3315 1806/1828/3314
f 1614/1690/3082 1830/1691/3083 1831/1843/3329 1807/1829/3315
f 1615/1693/3085 1616/1695/3087 1809/1831/3317 1808/1830/3316
f 1616/1695/3087 1858/1697/3089 1859/1832/3318 1809/1831/3317
f 1811/1842/3328 1810/1684/3076 1612/1686/3078 1805/1827/3313
f 1813/1739/3131 1812/1738/3130 1747/1740/3132 1632/1743/3135
f 1743/1728/3120 1815/1731/3123 1814/1730/3122 1628/1729/3121
f 1608/1676/3068 1817/1679/3071 1816/1841/3327 1801/1823/3309
s off
f 1741/1726/3330 1799/1840/3331 1800/1822/3332 1742/1727/3333
s 196
f 1819/1839/3325 1818/1670/3062 1606/1672/3064 1799/1840/3326
f 1821/1723/3115 1820/1722/3114 1741/1726/3118 1626/1725/3117
f 1823/1838/3324 1822/1663/3055 1603/1665/3057 1796/1819/3305
f 1825/1715/3107 1824/1714/3106 1738/1716/3108 1623/1719/3111
f 1827/1837/3323 1826/1656/3048 1600/1658/3050 1793/1816/3302
f 1829/1707/3099 1828/1706/3098 1735/1708/3100 1620/1711/3103
f 1831/1843/3329 1830/1691/3083 1615/1693/3085 1808/1830/3316
f 1833/1747/3139 1832/1746/3138 1750/1748/3140 1635/1751/3143
s 176
f 1835/1844/3334 1834/1845/3335 1752/1754/3146 1789/1757/3149
f 1836/1846/3336 1835/1844/3334 1789/1757/3149 1637/1532/2870
f 1837/1847/3337 1836/1846/3336 1637/1532/2870 1540/1535/2873
s 195
f 1838/1848/3338 1837/1847/3339 1540/1535/3340 1675/1794/3341
f 1839/1849/3342 1838/1848/3338 1675/1794/3341 1656/1572/3343
f 1840/1850/3344 1839/1849/3342 1656/1572/3343 1559/1575/3345
s 196
f 1841/1851/3346 1840/1850/3347 1559/1575/3348 1694/1612/3349
f 1842/1852/3350 1841/1851/3346 1694/1612/3349 1578/1615/2989
f 1843/1853/3351 1842/1852/3350 1578/1615/2989 1713/1652/3044
f 1844/1834/3320 1843/1853/3351 1713/1652/3044 1598/1655/3047
f 1845/1835/3321 1844/1834/3320 1598/1655/3047 1791/1814/3300
f 1846/1699/3091 1845/1835/3321 1791/1814/3300 1733/1702/3094
f 1847/1700/3092 1846/1699/3091 1733/1702/3094 1618/1705/3097
s 176
f 1849/1793/3185 1848/1792/3184 1834/1845/3335 1835/1844/3334
f 1836/1846/3336 1850/1570/2908 1849/1793/3185 1835/1844/3334
f 1837/1847/3337 1851/1571/2909 1850/1570/2908 1836/1846/3336
s 195
f 1838/1848/3338 1852/1813/3223 1851/1571/3261 1837/1847/3339
f 1839/1849/3342 1853/1610/2983 1852/1813/3223 1838/1848/3338
f 1840/1850/3344 1854/1611/2984 1853/1610/2983 1839/1849/3342
s 196
f 1841/1851/3346 1855/1650/3042 1854/1611/3299 1840/1850/3347
f 1842/1852/3350 1856/1651/3043 1855/1650/3042 1841/1851/3346
f 1843/1853/3351 1857/1696/3088 1856/1651/3043 1842/1852/3350
f 1597/1833/3319 1858/1697/3089 1857/1696/3088 1843/1853/3351 1844/1834/3320
f 1859/1832/3318 1858/1697/3089 1597/1833/3319 1790/1836/3322
f 1861/1753/3145 1860/1752/3144 1732/1698/3090 1617/1701/3093
s 222
usemtl glass
f 1862/1854/3352 1863/1855/3353 1883/1856/3354 1882/1857/3355
f 1863/1855/3353 1864/1858/3356 1884/1859/3357 1883/1856/3354
f 1864/1858/3356 1865/1860/3358 1885/1861/3359 1884/1859/3357
f 1865/1860/3358 1866/1862/3360 1886/1863/3361 1885/1861/3359
f 1866/1864/3360 1867/1865/3362 1887/1866/3363 1886/1867/3361
f 1867/1865/3362 1868/1868/3364 1888/1869/3365 1887/1866/3363
f 1868/1868/3364 1869/1870/3366 1889/1871/3367 1888/1869/3365
f 1869/1870/3366 1870/1872/3368 1890/1873/3369 1889/1871/3367
f 1870/1872/3368 1871/1874/3370 1891/1875/3371 1890/1873/3369
f 1871/1874/3370 1872/1876/3372 1892/1877/3373 1891/1875/3371
f 1872/1876/3372 1873/1878/3374 1893/1879/3375 1892/1877/3373
f 1873/1878/3374 1874/1880/3376 1894/1881/3377 1893/1879/3375
f 1874/1880/3376 1875/1882/3378 1895/1883/3379 1894/1881/3377
f 1875/1882/3378 1876/1884/3380 1896/1885/3381 1895/1883/3379
f 1876/1884/3380 1877/1886/3382 1897/1887/3383 1896/1885/3381
f 1877/1886/3382 1878/1888/3384 1898/1889/3385 1897/1887/3383
f 1878/1888/3384 1879/1890/3386 1899/1891/3387 1898/1889/3385
f 1879/1890/3386 1880/1892/3388 1900/1893/3389 1899/1891/3387
f 1880/1892/3388 1881/1894/3390 1901/1895/3391 1900/1893/3389
f 1881/1894/3390 1862/1854/3352 1882/1857/3355 1901/1895/3391
f 1882/1857/3355 1883/1856/3354 1903/1896/3392 1902/1897/3393
f 1883/1856/3354 1884/1859/3357 1904/1898/3394 1903/1896/3392
f 1884/1859/3357 1885/1861/3359 1905/1899/3395 1904/1898/3394
f 1885/1861/3359 1886/1863/3361 1906/1900/3396 1905/1899/3395
f 1886/1867/3361 1887/1866/3363 1907/1901/3397 1906/1902/3396
f 1887/1866/3363 1888/1869/3365 1908/1903/3398 1907/1901/3397
f 1888/1869/3365 1889/1871/3367 1909/1904/3399 1908/1903/3398
f 1889/1871/3367 1890/1873/3369 1910/1905/3400 1909/1904/3399
f 1890/1873/3369 1891/1875/3371 1911/1906/3401 1910/1905/3400
f 1891/1875/3371 1892/1877/3373 1912/1907/3402 1911/1906/3401
f 1892/1877/3373 1893/1879/3375 1913/1908/3403 1912/1907/3402
f 1893/1879/3375 1894/1881/3377 1914/1909/3404 1913/1908/3403
f 1894/1881/3377 1895/1883/3379 1915/1910/3405 1914/1909/3404
f 1895/1883/3379 1896/1885/3381 1916/1911/3406 1915/1910/3405
f 1896/1885/3381 1897/1887/3383 1917/1912/3407 1916/1911/3406
f 1897/1887/3383 1898/1889/3385 1918/1913/3408 1917/1912/3407
f 1898/1889/3385 1899/1891/3387 1919/1914/3409 1918/1913/3408
f 1899/1891/3387 1900/1893/3389 1920/1915/3410 1919/1914/3409
f 1900/1893/3389 1901/1895/3391 1921/1916/3411 1920/1915/3410
f 1901/1895/3391 1882/1857/3355 1902/1897/3393 1921/1916/3411
f 1902/1897/3393 1903/1896/3392 1923/1917/3412 1922/1918/3413
f 1903/1896/3392 1904/1898/3394 1924/1919/3414 1923/1917/3412
f 1904/1898/3394 1905/1899/3395 1925/1920/3415 1924/1919/3414
f 1905/1899/3395 1906/1900/3396 1926/1921/3416 1925/1920/3415
f 1906/1902/3396 1907/1901/3397 1927/1922/3417 1926/1923/3416
f 1907/1901/3397 1908/1903/3398 1928/1924/3418 1927/1922/3417
f 1908/1903/3398 1909/1904/3399 1929/1925/3419 1928/1924/3418
f 1909/1904/3399 1910/1905/3400 1930/1926/3420 1929/1925/3419
f 1910/1905/3400 1911/1906/3401 1931/1927/3421 1930/1926/3420
f 1911/1906/3401 1912/1907/3402 1932/1928/3422 1931/1927/3421
f 1912/1907/3402 1913/1908/3403 1933/1929/3423 1932/1928/3422
f 1913/1908/3403 1914/1909/3404 1934/1930/3424 1933/1929/3423
f 1914/1909/3404 1915/1910/3405 1935/1931/3425 1934/1930/3424
f 1915/1910/3405 1916/1911/3406 1936/1932/3426 1935/1931/3425
f 1916/1911/3406 1917/1912/3407 1937/1933/3427 1936/1932/3426
f 1917/1912/3407 1918/1913/3408 1938/1934/3428 1937/1933/3427
f 1918/1913/3408 1919/1914/3409 1939/1935/3429 1938/1934/3428
f 1919/1914/3409 1920/1915/3410 1940/1936/3430 1939/1935/3429
f 1920/1915/3410 1921/1916/3411 1941/1937/3431 1940/1936/3430
f 1921/1916/3411 1902/1897/3393 1922/1918/3413 1941/1937/3431
f 1922/1918/3413 1923/1917/3412 1943/1938/3432 1942/1939/3433
f 1923/1917/3412 1924/1919/3414 1944/1940/3434 1943/1938/3432
f 1924/1919/3414 1925/1920/3415 1945/1941/3435 1944/1940/3434
f 1925/1920/3415 1926/1921/3416 1946/1942/3436 1945/1941/3435
f 1926/1923/3416 1927/1922/3417 1947/1943/3437 1946/1944/3436
f 1927/1922/3417 1928/1924/3418 1948/1945/3438 1947/1943/3437
f 1928/1924/3418 1929/1925/3419 1949/1946/3439 1948/1945/3438
f 1929/1925/3419 1930/1926/3420 1950/1947/3440 1949/1946/3439
f 1930/1926/3420 1931/1927/3421 1951/1948/3441 1950/1947/3440
f 1931/1927/3421 1932/1928/3422 1952/1949/3442 1951/1948/3441
f 1932/1928/3422 1933/1929/3423 1953/1950/3443 1952/1949/3442
f 1933/1929/3423 1934/1930/3424 1954/1951/3444 1953/1950/3443
f 1934/1930/3424 1935/1931/3425 1955/1952/3445 1954/1951/3444
f 1935/1931/3425 1936/1932/3426 1956/1953/3446 1955/1952/3445
f 1936/1932/3426 1937/1933/3427 1957/1954/3447 1956/1953/3446
f 1937/1933/3427 1938/1934/3428 1958/1955/3448 1957/1954/3447
f 1938/1934/3428 1939/1935/3429 1959/1956/3449 1958/1955/3448
f 1939/1935/3429 1940/1936/3430 1960/1957/3450 1959/1956/3449
f 1940/1936/3430 1941/1937/3431 1961/1958/3451 1960/1957/3450
f 1941/1937/3431 1922/1918/3413 1942/1939/3433 1961/1958/3451
f 1942/1939/3433 1943/1938/3432 1963/1959/3452 1962/1960/3453
f 1943/1938/3432 1944/1940/3434 1964/1961/3454 1963/1959/3452
f 1944/1940/3434 1945/1941/3435 1965/1962/3455 1964/1961/3454
f 1945/1941/3435 1946/1942/3436 1966/1963/3456 1965/1962/3455
f 1946/1944/3436 1947/1943/3437 1967/1964/3457 1966/1965/3456
f 1947/1943/3437 1948/1945/3438 1968/1966/3458 1967/1964/3457
f 1948/1945/3438 1949/1946/3439 1969/1967/3459 1968/1966/3458
f 1949/1946/3439 1950/1947/3440 1970/1968/3460 1969/1967/3459
f 1950/1947/3440 1951/1948/3441 1971/1969/3461 1970/1968/3460
f 1951/1948/3441 1952/1949/3442 1972/1970/3462 1971/1969/3461
f 1952/1949/3442 1953/1950/3443 1973/1971/3463 1972/1970/3462
f 1953/1950/3443 1954/1951/3444 1974/1972/3464 1973/1971/3463
f 1954/1951/3444 1955/1952/3445 1975/1973/3465 1974/1972/3464
f 1955/1952/3445 1956/1953/3446 1976/1974/3466 1975/1973/3465
f 1956/1953/3446 1957/1954/3447 1977/1975/3467 1976/1974/3466
f 1957/1954/3447 1958/1955/3448 1978/1976/3468 1977/1975/3467
f 1958/1955/3448 1959/1956/3449 1979/1977/3469 1978/1976/3468
f 1959/1956/3449 1960/1957/3450 1980/1978/3470 1979/1977/3469
f 1960/1957/3450 1961/1958/3451 1981/1979/3471 1980/1978/3470
f 1961/1958/3451 1942/1939/3433 1962/1960/3453 1981/1979/3471
f 1962/1960/3453 1963/1959/3452 1983/1980/3472 1982/1981/3473
f 1963/1959/3452 1964/1961/3454 1984/1982/3474 1983/1980/3472
f 1964/1961/3454 1965/1962/3455 1985/1983/3475 1984/1982/3474
f 1965/1962/3455 1966/1963/3456 1986/1984/3476 1985/1983/3475
f 1966/1965/3456 1967/1964/3457 1987/1985/3477 1986/1986/3476
f 1967/1964/3457 1968/1966/3458 1988/1987/3478 1987/1985/3477
f 1968/1966/3458 1969/1967/3459 1989/1988/3479 1988/1987/3478
f 1969/1967/3459 1970/1968/3460 1990/1989/3480 1989/1988/3479
f 1970/1968/3460 1971/1969/3461 1991/1990/3481 1990/1989/3480
f 1971/1969/3461 1972/1970/3462 1992/1991/3482 1991/1990/3481
f 1972/1970/3462 1973/1971/3463 1993/1992/3483 1992/1991/3482
f 1973/1971/3463 1974/1972/3464 1994/1993/3484 1993/1992/3483
f 1974/1972/3464 1975/1973/3465 1995/1994/3485 1994/1993/3484
f 1975/1973/3465 1976/1974/3466 1996/1995/3486 1995/1994/3485
f 1976/1974/3466 1977/1975/3467 1997/1996/3487 1996/1995/3486
f 1977/1975/3467 1978/1976/3468 1998/1997/3488 1997/1996/3487
f 1978/1976/3468 1979/1977/3469 1999/1998/3489 1998/1997/3488
f 1979/1977/3469 1980/1978/3470 2000/1999/3490 1999/1998/3489
f 1980/1978/3470 1981/1979/3471 2001/2000/3491 2000/1999/3490
f 1981/1979/3471 1962/1960/3453 1982/1981/3473 2001/2000/3491
f 1982/1981/3473 1983/1980/3472 2003/2001/3492 2002/2002/3493
f 1983/1980/3472 1984/1982/3474 2004/2003/3494 2003/2001/3492
f 1984/1982/3474 1985/1983/3475 2005/2004/3495 2004/2003/3494
f 1985/1983/3475 1986/1984/3476 2006/2005/3496 2005/2004/3495
f 1986/1986/3476 1987/1985/3477 2007/2006/3497 2006/2007/3496
f 1987/1985/3477 1988/1987/3478 2008/2008/3498 2007/2006/3497
f 1988/1987/3478 1989/1988/3479 2009/2009/3499 2008/2008/3498
f 1989/1988/3479 1990/1989/3480 2010/2010/3500 2009/2009/3499
f 1990/1989/3480 1991/1990/3481 2011/2011/3501 2010/2010/3500
f 1991/1990/3481 1992/1991/3482 2012/2012/3502 2011/2011/3501
f 1992/1991/3482 1993/1992/3483 2013/2013/3503 2012/2012/3502
f 1993/1992/3483 1994/1993/3484 2014/2014/3504 2013/2013/3503
f 1994/1993/3484 1995/1994/3485 2015/2015/3505 2014/2014/3504
f 1995/1994/3485 1996/1995/3486 2016/2016/3506 2015/2015/3505
f 1996/1995/3486 1997/1996/3487 2017/2017/3507 2016/2016/3506
f 1997/1996/3487 1998/1997/3488 2018/2018/3508 2017/2017/3507
f 1998/1997/3488 1999/1998/3489 2019/2019/3509 2018/2018/3508
f 1999/1998/3489 2000/1999/3490 2020/2020/3510 2019/2019/3509
f 2000/1999/3490 2001/2000/3491 2021/2021/3511 2020/2020/3510
f 2001/2000/3491 1982/1981/3473 2002/2002/3493 2021/2021/3511
s 223
f 2002/2002/3512 2003/2001/3513 2023/2022/3514 2022/2023/3515
f 2003/2001/3516 2004/2003/3517 2024/2024/3518 2023/2022/3514
f 2004/2003/3519 2005/2004/3520 2025/2025/3521 2024/2024/3518
f 2005/2004/3522 2006/2005/3523 2026/2026/3524 2025/2025/3521
f 2006/2007/3525 2007/2006/3526 2027/2027/3527 2026/2028/3524
f 2007/2006/3528 2008/2008/3529 2028/2029/3530 2027/2027/3527
f 2008/2008/3531 2009/2009/3532 2029/2030/3533 2028/2029/3530
f 2009/2009/3534 2010/2010/3535 2030/2031/3536 2029/2030/3533
f 2010/2010/3537 2011/2011/3538 2031/2032/3539 2030/2031/3536
f 2011/2011/3540 2012/2012/3541 2032/2033/3542 2031/2032/3539
f 2012/2012/3543 2013/2013/3544 2033/2034/3545 2032/2033/3542
f 2013/2013/3546 2014/2014/3547 2034/2035/3548 2033/2034/3545
f 2014/2014/3549 2015/2015/3550 2035/2036/3551 2034/2035/3548
f 2015/2015/3552 2016/2016/3553 2036/2037/3554 2035/2036/3551
f 2016/2016/3555 2017/2017/3556 2037/2038/3557 2036/2037/3554
f 2017/2017/3558 2018/2018/3559 2038/2039/3560 2037/2038/3557
f 2018/2018/3561 2019/2019/3562 2039/2040/3563 2038/2039/3560
f 2019/2019/3564 2020/2020/3565 2040/2041/3566 2039/2040/3563
f 2020/2020/3567 2021/2021/3568 2041/2042/3569 2040/2041/3566
f 2021/2021/3570 2002/2002/3571 2022/2023/3515 2041/2042/3569
f 2022/2023/3515 2023/2022/3514 2043/2043/3572 2042/2044/3573
f 2023/2022/3514 2024/2024/3518 2044/2045/3574 2043/2043/3572
f 2024/2024/3518 2025/2025/3521 2045/2046/3575 2044/2045/3574
f 2025/2025/3521 2026/2026/3524 2046/2047/3576 2045/2046/3575
f 2026/2028/3524 2027/2027/3527 2047/2048/3577 2046/2049/3576
f 2027/2027/3527 2028/2029/3530 2048/2050/3578 2047/2048/3577
f 2028/2029/3530 2029/2030/3533 2049/2051/3579 2048/2050/3578
f 2029/2030/3533 2030/2031/3536 2050/2052/3580 2049/2051/3579
f 2030/2031/3536 2031/2032/3539 2051/2053/3581 2050/2052/3580
f 2031/2032/3539 2032/2033/3542 2052/2054/3582 2051/2053/3581
f 2032/2033/3542 2033/2034/3545 2053/2055/3583 2052/2054/3582
f 2033/2034/3545 2034/2035/3548 2054/2056/3584 2053/2055/3583
f 2034/2035/3548 2035/2036/3551 2055/2057/3585 2054/2056/3584
f 2035/2036/3551 2036/2037/3554 2056/2058/3586 2055/2057/3585
f 2036/2037/3554 2037/2038/3557 2057/2059/3587 2056/2058/3586
f 2037/2038/3557 2038/2039/3560 2058/2060/3588 2057/2059/3587
f 2038/2039/3560 2039/2040/3563 2059/2061/3589 2058/2060/3588
f 2039/2040/3563 2040/2041/3566 2060/2062/3590 2059/2061/3589
f 2040/2041/3566 2041/2042/3569 2061/2063/3591 2060/2062/3590
f 2041/2042/3569 2022/2023/3515 2042/2044/3573 2061/2063/3591
s 243
usemtl handle1
f 2213/2064/3592 2206/2065/3593 2063/2066/3594 2080/2067/3595
f 2063/2066/3594 2064/2068/3596 2081/2069/3597 2080/2067/3595
f 2064/2068/3596 2065/2070/3598 2082/2071/3599 2081/2069/3597
f 2065/2070/3598 2066/2072/3600 2083/2073/3601 2082/2071/3599
f 2066/2072/3600 2067/2074/3602 2084/2075/3603 2083/2073/3601
f 2067/2074/3602 2068/2076/3604 2085/2077/3605 2084/2075/3603
f 2068/2076/3604 2069/2078/3606 2086/2079/3607 2085/2077/3605
f 2069/2078/3606 2070/2080/3608 2087/2081/3609 2086/2079/3607
f 2070/2080/3608 2071/2082/3610 2088/2083/3611 2087/2081/3609
f 2071/2082/3610 2072/2084/3612 2089/2085/3613 2088/2083/3611
f 2072/2084/3612 2073/2086/3614 2090/2087/3615 2089/2085/3613
f 2073/2086/3614 2074/2088/3616 2091/2089/3617 2090/2087/3615
f 2074/2088/3616 2075/2090/3618 2092/2091/3619 2091/2089/3617
f 2075/2090/3618 2076/2092/3620 2093/2093/3621 2092/2091/3619
f 2076/2092/3620 2077/2094/3622 2094/2095/3623 2093/2093/3621
f 2077/2094/3622 2199/2096/3624 2200/2097/3625 2094/2095/3623
f 2213/2064/3592 2080/2067/3595 2097/2098/3626 2212/2099/3627
f 2080/2067/3595 2081/2069/3597 2098/2100/3628 2097/2098/3626
f 2081/2069/3597 2082/2071/3599 2099/2101/3629 2098/2100/3628
f 2082/2071/3599 2083/2073/3601 2100/2102/3630 2099/2101/3629
f 2083/2073/3601 2084/2075/3603 2101/2103/3631 2100/2102/3630
f 2084/2075/3603 2085/2077/3605 2102/2104/3632 2101/2103/3631
f 2085/2077/3605 2086/2079/3607 2103/2105/3633 2102/2104/3632
f 2086/2079/3607 2087/2081/3609 2104/2106/3634 2103/2105/3633
f 2087/2081/3609 2088/2083/3611 2105/2107/3635 2104/2106/3634
f 2088/2083/3611 2089/2085/3613 2106/2108/3636 2105/2107/3635
f 2089/2085/3613 2090/2087/3615 2107/2109/3637 2106/2108/3636
f 2090/2087/3615 2091/2089/3617 2108/2110/3638 2107/2109/3637
f 2091/2089/3617 2092/2091/3619 2109/2111/3639 2108/2110/3638
f 2092/2091/3619 2093/2093/3621 2110/2112/3640 2109/2111/3639
f 2093/2093/3621 2094/2095/3623 2111/2113/3641 2110/2112/3640
f 2094/2095/3623 2200/2097/3625 2201/2114/3642 2111/2113/3641
f 2212/2099/3627 2097/2098/3626 2114/2115/3643 2211/2116/3644
f 2097/2098/3626 2098/2100/3628 2115/2117/3645 2114/2115/3643
f 2098/2100/3628 2099/2101/3629 2116/2118/3646 2115/2117/3645
f 2099/2101/3629 2100/2102/3630 2117/2119/3647 2116/2118/3646
f 2100/2102/3630 2101/2103/3631 2118/2120/3648 2117/2119/3647
f 2101/2103/3631 2102/2104/3632 2119/2121/3649 2118/2120/3648
f 2102/2104/3632 2103/2105/3633 2120/2122/3650 2119/2121/3649
f 2103/2105/3633 2104/2106/3634 2121/2123/3651 2120/2122/3650
f 2104/2106/3634 2105/2107/3635 2122/2124/3652 2121/2123/3651
f 2105/2107/3635 2106/2108/3636 2123/2125/3653 2122/2124/3652
f 2106/2108/3636 2107/2109/3637 2124/2126/3654 2123/2125/3653
f 2107/2109/3637 2108/2110/3638 2125/2127/3655 2124/2126/3654
f 2108/2110/3638 2109/2111/3639 2126/2128/3656 2125/2127/3655
f 2109/2111/3639 2110/2112/3640 2127/2129/3657 2126/2128/3656
f 2110/2112/3640 2111/2113/3641 2128/2130/3658 2127/2129/3657
f 2111/2113/3641 2201/2114/3642 2202/2131/3659 2128/2130/3658
f 2211/2116/3644 2114/2115/3643 2131/2132/3660 2210/2133/3661
f 2114/2115/3643 2115/2117/3645 2132/2134/3662 2131/2132/3660
f 2115/2117/3645 2116/2118/3646 2133/2135/3663 2132/2134/3662
f 2116/2118/3646 2117/2119/3647 2134/2136/3664 2133/2135/3663
f 2117/2119/3647 2118/2120/3648 2135/2137/3665 2134/2136/3664
f 2118/2120/3648 2119/2121/3649 2136/2138/3666 2135/2137/3665
f 2119/2121/3649 2120/2122/3650 2137/2139/3667 2136/2138/3666
f 2120/2122/3650 2121/2123/3651 2138/2140/3668 2137/2139/3667
f 2121/2123/3651 2122/2124/3652 2139/2141/3669 2138/2140/3668
f 2122/2124/3652 2123/2125/3653 2140/2142/3670 2139/2141/3669
f 2123/2125/3653 2124/2126/3654 2141/2143/3671 2140/2142/3670
f 2124/2126/3654 2125/2127/3655 2142/2144/3672 2141/2143/3671
f 2125/2127/3655 2126/2128/3656 2143/2145/3673 2142/2144/3672
f 2126/2128/3656 2127/2129/3657 2144/2146/3674 2143/2145/3673
f 2127/2129/3657 2128/2130/3658 2145/2147/3675 2144/2146/3674
f 2128/2130/3658 2202/2131/3659 2203/2148/3676 2145/2147/3675
f 2210/2133/3661 2131/2132/3660 2148/2149/3677 2209/2150/3678
f 2131/2132/3660 2132/2134/3662 2149/2151/3679 2148/2149/3677
f 2132/2134/3662 2133/2135/3663 2150/2152/3680 2149/2151/3679
f 2133/2135/3663 2134/2136/3664 2151/2153/3681 2150/2152/3680
f 2134/2136/3664 2135/2137/3665 2152/2154/3682 2151/2153/3681
f 2135/2137/3665 2136/2138/3666 2153/2155/3683 2152/2154/3682
f 2136/2138/3666 2137/2139/3667 2154/2156/3684 2153/2155/3683
f 2137/2139/3667 2138/2140/3668 2155/2157/3685 2154/2156/3684
f 2138/2140/3668 2139/2141/3669 2156/2158/3686 2155/2157/3685
f 2139/2141/3669 2140/2142/3670 2157/2159/3687 2156/2158/3686
f 2140/2142/3670 2141/2143/3671 2158/2160/3688 2157/2159/3687
f 2141/2143/3671 2142/2144/3672 2159/2161/3689 2158/2160/3688
f 2142/2144/3672 2143/2145/3673 2160/2162/3690 2159/2161/3689
f 2143/2145/3673 2144/2146/3674 2161/2163/3691 2160/2162/3690
f 2144/2146/3674 2145/2147/3675 2162/2164/3692 2161/2163/3691
f 2145/2147/3675 2203/2148/3676 2204/2165/3693 2162/2164/3692
f 2209/2150/3678 2148/2149/3677 2165/2166/3694 2208/2167/3695
f 2148/2149/3677 2149/2151/3679 2166/2168/3696 2165/2166/3694
f 2149/2151/3679 2150/2152/3680 2167/2169/3697 2166/2168/3696
f 2150/2152/3680 2151/2153/3681 2168/2170/3698 2167/2169/3697
f 2151/2153/3681 2152/2154/3682 2169/2171/3699 2168/2170/3698
f 2152/2154/3682 2153/2155/3683 2170/2172/3700 2169/2171/3699
f 2153/2155/3683 2154/2156/3684 2171/2173/3701 2170/2172/3700
f 2154/2156/3684 2155/2157/3685 2172/2174/3702 2171/2173/3701
f 2155/2157/3685 2156/2158/3686 2173/2175/3703 2172/2174/3702
f 2156/2158/3686 2157/2159/3687 2174/2176/3704 2173/2175/3703
f 2157/2159/3687 2158/2160/3688 2175/2177/3705 2174/2176/3704
f 2158/2160/3688 2159/2161/3689 2176/2178/3706 2175/2177/3705
f 2159/2161/3689 2160/2162/3690 2177/2179/3707 2176/2178/3706
f 2160/2162/3690 2161/2163/3691 2178/2180/3708 2177/2179/3707
f 2161/2163/3691 2162/2164/3692 2179/2181/3709 2178/2180/3708
f 2162/2164/3692 2204/2165/3693 2205/2182/3710 2179/2181/3709
f 2208/2167/3695 2165/2166/3694 2182/2183/3711 2207/2184/3712
f 2165/2166/3694 2166/2168/3696 2183/2185/3713 2182/2183/3711
f 2166/2168/3696 2167/2169/3697 2184/2186/3714 2183/2185/3713
f 2167/2169/3697 2168/2170/3698 2185/2187/3715 2184/2186/3714
f 2168/2170/3698 2169/2171/3699 2186/2188/3716 2185/2187/3715
f 2169/2171/3699 2170/2172/3700 2187/2189/3717 2186/2188/3716
f 2170/2172/3700 2171/2173/3701 2188/2190/3718 2187/2189/3717
f 2171/2173/3701 2172/2174/3702 2189/2191/3719 2188/2190/3718
f 2172/2174/3702 2173/2175/3703 2190/2192/3720 2189/2191/3719
f 2173/2175/3703 2174/2176/3704 2191/2193/3721 2190/2192/3720
f 2174/2176/3704 2175/2177/3705 2192/2194/3722 2191/2193/3721
f 2175/2177/3705 2176/2178/3706 2193/2195/3723 2192/2194/3722
f 2176/2178/3706 2177/2179/3707 2194/2196/3724 2193/2195/3723
f 2177/2179/3707 2178/2180/3708 2195/2197/3725 2194/2196/3724
f 2178/2180/3708 2179/2181/3709 2196/2198/3726 2195/2197/3725
f 2179/2181/3709 2205/2182/3710 2198/2199/3727 2196/2198/3726
f 2207/2184/3712 2182/2183/3711 2063/2066/3594 2206/2065/3593
f 2182/2183/3711 2183/2185/3713 2064/2068/3596 2063/2066/3594
f 2183/2185/3713 2184/2186/3714 2065/2070/3598 2064/2068/3596
f 2184/2186/3714 2185/2187/3715 2066/2072/3600 2065/2070/3598
f 2185/2187/3715 2186/2188/3716 2067/2074/3602 2066/2072/3600
f 2186/2188/3716 2187/2189/3717 2068/2076/3604 2067/2074/3602
f 2187/2189/3717 2188/2190/3718 2069/2078/3606 2068/2076/3604
f 2188/2190/3718 2189/2191/3719 2070/2080/3608 2069/2078/3606
f 2189/2191/3719 2190/2192/3720 2071/2082/3610 2070/2080/3608
f 2190/2192/3720 2191/2193/3721 2072/2084/3612 2071/2082/3610
f 2191/2193/3721 2192/2194/3722 2073/2086/3614 2072/2084/3612
f 2192/2194/3722 2193/2195/3723 2074/2088/3616 2073/2086/3614
f 2193/2195/3723 2194/2196/3724 2075/2090/3618 2074/2088/3616
f 2194/2196/3724 2195/2197/3725 2076/2092/3620 2075/2090/3618
f 2195/2197/3725 2196/2198/3726 2077/2094/3622 2076/2092/3620
f 2196/2198/3726 2198/2199/3727 2199/2096/3624 2077/2094/3622
f 2198/2199/3728 2197/2200/3729 2078/2201/3730 2199/2096/3624
f 2200/2097/3625 2199/2096/3624 2078/2201/3730 2095/2202/3731
f 2201/2114/3642 2200/2097/3625 2095/2202/3731 2112/2203/3732
f 2202/2131/3733 2201/2114/3642 2112/2203/3732 2129/2204/3734
f 2203/2148/3676 2202/2131/3733 2129/2204/3734 2146/2205/3735
f 2204/2165/3693 2203/2148/3676 2146/2205/3735 2163/2206/3736
f 2205/2182/3710 2204/2165/3693 2163/2206/3736 2180/2207/3737
f 2198/2199/3728 2205/2182/3710 2180/2207/3737 2197/2200/3729
f 2181/2208/3738 2207/2184/3712 2206/2065/3593 2062/2209/3739
f 2164/2210/3740 2208/2167/3695 2207/2184/3712 2181/2208/3738
f 2147/2211/3741 2209/2150/3678 2208/2167/3695 2164/2210/3740
f 2130/2212/3742 2210/2133/3661 2209/2150/3678 2147/2211/3741
f 2113/2213/3743 2211/2116/3644 2210/2133/3661 2130/2212/3742
f 2096/2214/3744 2212/2099/3627 2211/2116/3644 2113/2213/3743
f 2079/2215/3745 2213/2064/3592 2212/2099/3627 2096/2214/3744
f 2062/2209/3739 2206/2065/3593 2213/2064/3592 2079/2215/3745
s 245
usemtl aiStandardSurface15SG
f 2460/2216/3746 2461/2217/3747 2396/2218/3748 2397/2219/3749
s 246
f 2476/2220/3750 2477/2221/3751 2381/2222/3752 2382/2223/3753
s 247
f 2463/2224/3754 2464/2225/3755 2393/2226/3756 2394/2227/3757
s 248
f 2464/2225/3758 2465/2228/3759 2408/2229/3760 2393/2226/3761
f 2466/2230/3762 2467/2231/3763 2391/2232/3764 2392/2233/3765
f 2467/2231/3763 2468/2234/3766 2390/2235/3767 2391/2232/3764
f 2468/2234/3766 2469/2236/3768 2389/2237/3769 2390/2235/3767
f 2469/2236/3768 2470/2238/3770 2388/2239/3771 2389/2237/3769
f 2470/2238/3770 2471/2240/3772 2387/2241/3773 2388/2239/3771
f 2471/2240/3772 2472/2242/3774 2386/2243/3775 2387/2241/3773
f 2472/2242/3774 2473/2244/3776 2385/2245/3777 2386/2243/3775
f 2473/2244/3776 2474/2246/3778 2384/2247/3779 2385/2245/3777
f 2383/2248/3780 2475/2249/3781 2476/2250/3782 2382/2251/3783
s 250
f 2230/2252/3784 2319/2253/3785 2292/2254/3786 2231/2255/3787
f 2231/2255/3787 2292/2254/3786 2406/2256/3788 2407/2257/3789
f 2232/2258/3790 2293/2259/3791 2294/2260/3792 2233/2261/3793
f 2233/2261/3793 2294/2260/3792 2295/2262/3794 2234/2263/3795
f 2234/2263/3795 2295/2262/3794 2296/2264/3796 2235/2265/3797
f 2235/2265/3797 2296/2264/3796 2297/2266/3798 2236/2267/3799
f 2236/2267/3799 2297/2266/3798 2298/2268/3800 2237/2269/3801
f 2237/2269/3801 2298/2268/3800 2299/2270/3802 2238/2271/3803
f 2238/2271/3803 2299/2270/3802 2300/2272/3804 2239/2273/3805
f 2239/2273/3805 2300/2272/3804 2301/2274/3806 2240/2275/3807
f 2331/2276/3808 2332/2277/3809 2302/2278/3810 2241/2279/3811
f 2401/2280/3812 2368/2281/3813 2455/2282/3814 2456/2283/3815
f 2452/2284/3816 2453/2285/3817 2415/2286/3818 2416/2287/3819
f 2488/2288/3820 2489/2289/3821 2369/2290/3822 2370/2291/3823
f 2487/2292/3824 2488/2288/3820 2370/2291/3823 2371/2293/3825
f 2486/2294/3826 2487/2292/3824 2371/2293/3825 2372/2295/3827
f 2485/2296/3828 2486/2294/3826 2372/2295/3827 2373/2297/3829
f 2484/2298/3830 2485/2296/3828 2373/2297/3829 2374/2299/3831
f 2483/2300/3832 2484/2298/3830 2374/2299/3831 2375/2301/3833
f 2482/2302/3834 2483/2300/3832 2375/2301/3833 2376/2303/3835
f 2481/2304/3836 2482/2302/3834 2376/2303/3835 2377/2305/3837
f 2379/2306/3838 2479/2307/3839 2480/2308/3840 2378/2309/3841
s 255
f 2315/2310/3842 2218/2311/3843 2219/2312/3844 2314/2313/3845
s 256
f 2314/2313/3846 2219/2312/3847 2410/2314/3848 2411/2315/3849
f 2313/2316/3850 2220/2317/3851 2221/2318/3852 2312/2319/3853
f 2312/2319/3853 2221/2318/3852 2222/2320/3854 2311/2321/3855
f 2311/2321/3855 2222/2320/3854 2223/2322/3856 2310/2323/3857
f 2310/2323/3857 2223/2322/3856 2224/2324/3858 2309/2325/3859
f 2309/2325/3859 2224/2324/3858 2225/2326/3860 2308/2327/3861
f 2308/2327/3861 2225/2326/3860 2226/2328/3862 2307/2329/3863
f 2307/2329/3863 2226/2328/3862 2227/2330/3864 2306/2331/3865
f 2306/2331/3865 2227/2330/3864 2228/2332/3866 2305/2333/3867
f 2328/2334/3868 2329/2335/3869 2229/2336/3870 2304/2337/3871
s 250
f 2266/2338/3872 2255/2339/3873 2402/2340/3874 2403/2341/3875
f 2268/2342/3876 2267/2343/3877 2256/2344/3878 2257/2345/3879
f 2269/2346/3880 2268/2342/3876 2257/2345/3879 2258/2347/3881
f 2270/2348/3882 2269/2346/3880 2258/2347/3881 2259/2349/3883
f 2271/2350/3884 2270/2348/3882 2259/2349/3883 2260/2351/3885
f 2272/2352/3886 2271/2350/3884 2260/2351/3885 2261/2353/3887
f 2273/2354/3888 2272/2352/3886 2261/2353/3887 2262/2355/3889
f 2274/2356/3890 2273/2354/3888 2262/2355/3889 2263/2357/3891
f 2275/2358/3892 2274/2356/3890 2263/2357/3891 2264/2359/3893
f 2276/2360/3894 2334/2361/3895 2335/2362/3896 2265/2363/3897
s 246
f 2229/2364/3898 2277/2365/3899 2303/2366/3900 2304/2367/3901
s 248
f 2329/2368/3902 2330/2369/3903 2277/2370/3904 2229/2371/3905
f 2227/2372/3906 2279/2373/3907 2278/2374/3908 2228/2375/3909
f 2226/2376/3910 2280/2377/3911 2279/2373/3907 2227/2372/3906
f 2225/2378/3912 2281/2379/3913 2280/2377/3911 2226/2376/3910
f 2224/2380/3914 2282/2381/3915 2281/2379/3913 2225/2378/3912
f 2223/2382/3916 2283/2383/3917 2282/2381/3915 2224/2380/3914
f 2222/2384/3918 2284/2385/3919 2283/2383/3917 2223/2382/3916
f 2221/2386/3920 2285/2387/3921 2284/2385/3919 2222/2384/3918
f 2220/2388/3922 2286/2389/3923 2285/2387/3921 2221/2386/3920
f 2219/2390/3924 2287/2391/3925 2409/2392/3926 2410/2393/3927
s 247
f 2218/2394/3928 2288/2395/3929 2287/2391/3930 2219/2390/3931
s 245
f 2214/2396/3932 2316/2397/3933 2317/2398/3934 2289/2399/3935
s 250
f 2266/2338/3872 2291/2400/3936 2254/2401/3937 2255/2339/3873
f 2292/2254/3786 2336/2402/3938 2405/2403/3939 2406/2256/3788
f 2294/2260/3792 2293/2259/3791 2337/2404/3940 2338/2405/3941
f 2295/2262/3794 2294/2260/3792 2338/2405/3941 2339/2406/3942
f 2296/2264/3796 2295/2262/3794 2339/2406/3942 2340/2407/3943
f 2297/2266/3798 2296/2264/3796 2340/2407/3943 2341/2408/3944
f 2298/2268/3800 2297/2266/3798 2341/2408/3944 2342/2409/3945
f 2299/2270/3802 2298/2268/3800 2342/2409/3945 2343/2410/3946
f 2300/2272/3804 2299/2270/3802 2343/2410/3946 2344/2411/3947
f 2301/2274/3806 2300/2272/3804 2344/2411/3947 2345/2412/3948
f 2302/2278/3810 2332/2277/3809 2346/2413/3949 2347/2414/3950
s 246
f 2477/2221/3751 2478/2415/3951 2380/2416/3952 2381/2222/3752
f 2304/2367/3901 2303/2366/3900 2348/2417/3953 2349/2418/3954
s 256
f 2350/2419/3955 2328/2334/3868 2304/2337/3871 2349/2420/3956
f 2352/2421/3957 2306/2331/3865 2305/2333/3867 2351/2422/3958
f 2353/2423/3959 2307/2329/3863 2306/2331/3865 2352/2421/3957
f 2354/2424/3960 2308/2327/3861 2307/2329/3863 2353/2423/3959
f 2355/2425/3961 2309/2325/3859 2308/2327/3861 2354/2424/3960
f 2356/2426/3962 2310/2323/3857 2309/2325/3859 2355/2425/3961
f 2357/2427/3963 2311/2321/3855 2310/2323/3857 2356/2426/3962
f 2358/2428/3964 2312/2319/3853 2311/2321/3855 2357/2427/3963
f 2359/2429/3965 2313/2316/3850 2312/2319/3853 2358/2428/3964
f 2360/2430/3966 2314/2313/3846 2411/2315/3849 2412/2431/3967
s 255
f 2361/2432/3968 2315/2310/3842 2314/2313/3845 2360/2430/3969
s 245
f 2317/2398/3934 2316/2397/3933 2363/2433/3970 2364/2434/3971
f 2459/2435/3972 2460/2216/3746 2397/2219/3749 2398/2436/3973
s 250
f 2292/2254/3786 2319/2253/3785 2367/2437/3974 2336/2402/3938
f 2319/2253/3785 2321/2438/3975 2366/2439/3976 2367/2437/3974
f 2322/2440/3977 2321/2438/3975 2319/2253/3785 2230/2252/3784
s 247
f 2462/2441/3978 2463/2224/3754 2394/2227/3757 2395/2442/3979
f 2324/2443/3980 2323/2444/3981 2288/2395/3929 2218/2394/3928
s 255
f 2325/2445/3982 2324/2446/3983 2218/2311/3843 2315/2310/3842
f 2362/2447/3984 2325/2445/3982 2315/2310/3842 2361/2432/3968
s 250
f 2291/2400/3936 2327/2448/3985 2326/2449/3986 2254/2401/3937
f 2456/2283/3815 2457/2450/3987 2400/2451/3988 2401/2280/3812
f 2365/2452/3989 2366/2439/3976 2321/2438/3975 2318/2453/3990
f 2321/2438/3975 2322/2440/3977 2215/2454/3991 2318/2453/3990
s 247
f 2461/2455/3992 2462/2441/3978 2395/2442/3979 2396/2456/3993
f 2289/2457/3994 2323/2444/3981 2324/2443/3980 2214/2458/3995
s 255
f 2324/2446/3983 2325/2445/3982 2316/2459/3996 2214/2460/3997
f 2325/2445/3982 2362/2447/3984 2363/2461/3998 2316/2459/3996
s 250
f 2326/2449/3986 2327/2448/3985 2290/2462/3999 2217/2463/4000
f 2400/2451/3988 2457/2450/3987 2458/2464/4001 2399/2465/4002
s 256
f 2305/2333/3867 2228/2332/3866 2329/2335/3869 2328/2334/3868
s 248
f 2228/2375/3909 2278/2374/3908 2330/2369/3903 2329/2368/3902
f 2384/2247/3779 2474/2246/3778 2475/2249/3781 2383/2248/3780
s 250
f 2240/2275/3807 2301/2274/3806 2332/2277/3809 2331/2276/3808
f 2346/2413/3949 2332/2277/3809 2301/2274/3806 2345/2412/3948
f 2480/2308/3840 2481/2304/3836 2377/2305/3837 2378/2309/3841
f 2335/2362/3896 2334/2361/3895 2275/2358/3892 2264/2359/3893
s 256
f 2351/2422/3958 2305/2333/3867 2328/2334/3868 2350/2419/3955
s 246
f 2380/2416/3952 2478/2415/3951 2479/2466/4003 2379/2467/4004
f 2349/2418/3954 2348/2417/3953 2276/2468/4005 2265/2469/4006
s 256
f 2335/2362/4007 2350/2419/3955 2349/2420/3956 2265/2363/4008
f 2264/2359/4009 2351/2422/3958 2350/2419/3955 2335/2362/4007
f 2263/2357/4010 2352/2421/3957 2351/2422/3958 2264/2359/4009
f 2262/2355/4011 2353/2423/3959 2352/2421/3957 2263/2357/4010
f 2261/2353/4012 2354/2424/3960 2353/2423/3959 2262/2355/4011
f 2260/2351/4013 2355/2425/3961 2354/2424/3960 2261/2353/4012
f 2259/2349/4014 2356/2426/3962 2355/2425/3961 2260/2351/4013
f 2258/2347/4015 2357/2427/3963 2356/2426/3962 2259/2349/4014
f 2257/2345/4016 2358/2428/3964 2357/2427/3963 2258/2347/4015
f 2256/2344/4017 2359/2429/3965 2358/2428/3964 2257/2345/4016
f 2255/2339/4018 2360/2430/3966 2412/2431/3967 2402/2340/4019
s 255
f 2254/2401/4020 2361/2432/3968 2360/2430/3969 2255/2339/4021
f 2326/2449/4022 2362/2447/3984 2361/2432/3968 2254/2401/4020
f 2362/2447/3984 2326/2449/4022 2217/2463/4023 2363/2461/3998
s 245
f 2364/2434/3971 2363/2433/3970 2217/2470/4024 2290/2471/4025
f 2458/2472/4026 2459/2435/3972 2398/2436/3973 2399/2473/4027
s 250
f 2404/2474/4028 2368/2281/3813 2266/2338/3872 2403/2341/3875
f 2370/2291/3823 2369/2290/3822 2267/2343/3877 2268/2342/3876
f 2371/2293/3825 2370/2291/3823 2268/2342/3876 2269/2346/3880
f 2372/2295/3827 2371/2293/3825 2269/2346/3880 2270/2348/3882
f 2373/2297/3829 2372/2295/3827 2270/2348/3882 2271/2350/3884
f 2374/2299/3831 2373/2297/3829 2271/2350/3884 2272/2352/3886
f 2375/2301/3833 2374/2299/3831 2272/2352/3886 2273/2354/3888
f 2376/2303/3835 2375/2301/3833 2273/2354/3888 2274/2356/3890
f 2377/2305/3837 2376/2303/3835 2274/2356/3890 2275/2358/3892
f 2378/2309/3841 2377/2305/3837 2275/2358/3892 2334/2361/3895
f 2276/2360/3894 2379/2306/3838 2378/2309/3841 2334/2361/3895
s 246
f 2348/2417/3953 2380/2416/3952 2379/2467/4004 2276/2468/4005
f 2381/2222/3752 2380/2416/3952 2348/2417/3953 2303/2366/3900
f 2382/2223/3753 2381/2222/3752 2303/2366/3900 2277/2365/3899
s 248
f 2330/2369/3903 2383/2248/3780 2382/2251/3783 2277/2370/3904
f 2278/2374/3908 2384/2247/3779 2383/2248/3780 2330/2369/3903
f 2385/2245/3777 2384/2247/3779 2278/2374/3908 2279/2373/3907
f 2386/2243/3775 2385/2245/3777 2279/2373/3907 2280/2377/3911
f 2387/2241/3773 2386/2243/3775 2280/2377/3911 2281/2379/3913
f 2388/2239/3771 2387/2241/3773 2281/2379/3913 2282/2381/3915
f 2389/2237/3769 2388/2239/3771 2282/2381/3915 2283/2383/3917
f 2390/2235/3767 2389/2237/3769 2283/2383/3917 2284/2385/3919
f 2391/2232/3764 2390/2235/3767 2284/2385/3919 2285/2387/3921
f 2392/2233/3765 2391/2232/3764 2285/2387/3921 2286/2389/3923
f 2393/2226/3761 2408/2229/3760 2409/2392/3926 2287/2391/3925
s 247
f 2394/2227/3757 2393/2226/3756 2287/2391/3930 2288/2395/3929
f 2395/2442/3979 2394/2227/3757 2288/2395/3929 2323/2444/3981
f 2395/2442/3979 2323/2444/3981 2289/2457/3994 2396/2456/3993
s 245
f 2397/2219/3749 2396/2218/3748 2289/2399/3935 2317/2398/3934
f 2398/2436/3973 2397/2219/3749 2317/2398/3934 2364/2434/3971
f 2399/2473/4027 2398/2436/3973 2364/2434/3971 2290/2471/4025
s 250
f 2327/2448/3985 2400/2451/3988 2399/2465/4002 2290/2462/3999
f 2401/2280/3812 2400/2451/3988 2327/2448/3985 2291/2400/3936
f 2266/2338/3872 2368/2281/3813 2401/2280/3812 2291/2400/3936
f 2403/2341/3875 2402/2340/3874 2256/2344/3878 2267/2343/3877
f 2369/2290/3822 2404/2474/4028 2403/2341/3875 2267/2343/3877
f 2491/2475/4029 2452/2284/3816 2416/2287/3819 2420/2476/4030
f 2406/2256/3788 2405/2403/3939 2337/2404/3940 2293/2259/3791
f 2407/2257/3789 2406/2256/3788 2293/2259/3791 2232/2258/3790
s 248
f 2408/2229/3760 2465/2228/3759 2466/2230/3762 2392/2233/3765
f 2409/2392/3926 2408/2229/3760 2392/2233/3765 2286/2389/3923
f 2410/2393/3927 2409/2392/3926 2286/2389/3923 2220/2388/3922
s 256
f 2411/2315/3849 2410/2314/3848 2220/2317/3851 2313/2316/3850
f 2412/2431/3967 2411/2315/3849 2313/2316/3850 2359/2429/3965
f 2402/2340/4019 2412/2431/3967 2359/2429/3965 2256/2344/4017
s 250
f 2455/2477/4031 2368/2478/3813 2422/2479/4032 2454/2480/4033
s 263
f 2369/2481/4034 2489/2482/4035 2490/2483/4036 2427/2484/4037
f 2426/2485/4038 2490/2483/4036 2489/2482/4035 2244/2486/4039 2337/2487/4040 2425/2488/4041
s 250
f 2454/2480/4033 2422/2479/4032 2415/2286/3818 2453/2285/4042
s 263
f 2419/2489/4043 2491/2475/4044 2490/2483/4036 2426/2485/4038 2425/2488/4041 2421/2490/4045
f 2427/2484/4037 2490/2483/4036 2491/2475/4044 2420/2476/4046
s 250
f 2368/2478/3813 2404/2491/4028 2448/2492/4047 2449/2493/4048
f 2422/2479/4032 2368/2478/3813 2449/2493/4048 2450/2494/4049
f 2404/2491/4028 2369/2481/3822 2447/2495/4050 2448/2492/4047
f 2369/2481/3822 2427/2484/4051 2446/2496/4052 2447/2495/4050
f 2416/2287/3819 2415/2286/3818 2451/2497/4053 2444/2498/4054
f 2415/2286/3818 2422/2479/4032 2450/2494/4049 2451/2497/4053
f 2427/2484/4051 2420/2476/4030 2445/2499/4055 2446/2496/4052
f 2420/2476/4030 2416/2287/3819 2444/2498/4054 2445/2499/4055
s 264
f 2405/2500/4056 2336/2501/4057 2436/2502/4058 2437/2503/4059
f 2336/2501/4057 2424/2504/4060 2438/2505/4061 2436/2502/4058
f 2337/2487/4062 2405/2500/4056 2437/2503/4059 2439/2506/4063
f 2425/2488/4064 2337/2487/4062 2439/2506/4063 2440/2507/4065
f 2424/2504/4060 2417/2508/4066 2441/2509/4067 2438/2505/4061
f 2417/2508/4066 2418/2510/4068 2442/2511/4069 2441/2509/4067
f 2418/2510/4068 2421/2490/4070 2443/2512/4071 2442/2511/4069
f 2421/2490/4070 2425/2488/4064 2440/2507/4065 2443/2512/4071
s off
f 2429/2513/4072 2431/2514/4073 2439/2506/4074 2437/2503/4075
f 2431/2514/4076 2432/2515/4077 2440/2507/4078 2439/2506/4079
f 2432/2515/4080 2435/2516/4081 2443/2512/4082 2440/2507/4083
f 2435/2516/4084 2433/2517/4085 2442/2511/4086 2443/2512/4087
f 2433/2517/4088 2434/2518/4089 2441/2509/4090 2442/2511/4091
f 2434/2518/4092 2430/2519/4093 2438/2505/4094 2441/2509/4095
f 2430/2519/4096 2428/2520/4097 2436/2502/4098 2438/2505/4099
f 2428/2520/4100 2429/2513/4101 2437/2503/4102 2436/2502/4103
s 250
f 2445/2499/4055 2444/2498/4054 2492/2521/4104 2493/2522/4105
f 2446/2496/4052 2445/2499/4055 2493/2522/4105 2494/2523/4106
f 2447/2495/4050 2446/2496/4052 2494/2523/4106 2495/2524/4107
f 2448/2492/4047 2447/2495/4050 2495/2524/4107 2496/2525/4108
f 2449/2493/4048 2448/2492/4047 2496/2525/4108 2497/2526/4109
f 2450/2494/4049 2449/2493/4048 2497/2526/4109 2498/2527/4110
f 2451/2497/4053 2450/2494/4049 2498/2527/4110 2499/2528/4111
f 2444/2498/4054 2451/2497/4053 2499/2528/4111 2492/2521/4104
f 2414/2529/4112 2418/2510/4113 2417/2508/4114 2413/2530/4115 2453/2285/3817 2452/2284/3816
f 2413/2530/4116 2417/2508/4117 2424/2504/4118 2423/2531/4119 2454/2480/4033 2453/2285/4042
f 2423/2531/4119 2424/2504/4118 2336/2501/4120 2243/2532/4121 2455/2477/4031 2454/2480/4033
f 2243/2533/4122 2336/2402/3938 2367/2437/3974 2242/2534/4123 2456/2535/3815 2455/2536/3814
f 2242/2534/4123 2367/2437/3974 2366/2439/3976 2320/2537/4124 2457/2538/3987 2456/2535/3815
f 2320/2537/4124 2366/2439/3976 2365/2452/3989 2216/2539/4125 2458/2540/4001 2457/2538/3987
s 245
f 2216/2541/4126 2365/2542/4127 2459/2435/3972 2458/2472/4026
f 2365/2542/4127 2318/2543/4128 2460/2216/3746 2459/2435/3972
f 2318/2543/4128 2215/2544/4129 2461/2217/3747 2460/2216/3746
s 247
f 2322/2440/4130 2462/2441/3978 2461/2455/3992 2215/2454/4131
f 2322/2440/4130 2230/2252/4132 2463/2224/3754 2462/2441/3978
f 2230/2252/4132 2231/2255/4133 2464/2225/3755 2463/2224/3754
s 248
f 2231/2255/4134 2407/2257/4135 2465/2228/3759 2464/2225/3758
f 2466/2230/3762 2465/2228/3759 2407/2257/4135 2232/2258/4136
f 2232/2258/4136 2233/2261/4137 2467/2231/3763 2466/2230/3762
f 2233/2261/4137 2234/2263/4138 2468/2234/3766 2467/2231/3763
f 2234/2263/4138 2235/2265/4139 2469/2236/3768 2468/2234/3766
f 2235/2265/4139 2236/2267/4140 2470/2238/3770 2469/2236/3768
f 2236/2267/4140 2237/2269/4141 2471/2240/3772 2470/2238/3770
f 2237/2269/4141 2238/2271/4142 2472/2242/3774 2471/2240/3772
f 2238/2271/4142 2239/2273/4143 2473/2244/3776 2472/2242/3774
f 2239/2273/4143 2240/2275/4144 2474/2246/3778 2473/2244/3776
f 2475/2249/3781 2474/2246/3778 2240/2275/4144 2331/2276/4145
f 2476/2250/3782 2475/2249/3781 2331/2276/4145 2241/2279/4146
s 246
f 2241/2545/4147 2302/2546/4148 2477/2221/3751 2476/2220/3750
f 2302/2546/4148 2347/2547/4149 2478/2415/3951 2477/2221/3751
f 2479/2466/4003 2478/2415/3951 2347/2547/4149 2253/2548/4150
s 250
f 2253/2549/4151 2347/2414/3950 2346/2413/3949 2333/2550/4152 2480/2551/3840 2479/2552/3839
f 2333/2550/4152 2346/2413/3949 2345/2412/3948 2252/2553/4153 2481/2554/3836 2480/2551/3840
f 2252/2553/4153 2345/2412/3948 2344/2411/3947 2251/2555/4154 2482/2556/3834 2481/2554/3836
f 2251/2555/4154 2344/2411/3947 2343/2410/3946 2250/2557/4155 2483/2558/3832 2482/2556/3834
f 2250/2557/4155 2343/2410/3946 2342/2409/3945 2249/2559/4156 2484/2560/3830 2483/2558/3832
f 2249/2559/4156 2342/2409/3945 2341/2408/3944 2248/2561/4157 2485/2562/3828 2484/2560/3830
f 2248/2561/4157 2341/2408/3944 2340/2407/3943 2247/2563/4158 2486/2564/3826 2485/2562/3828
f 2247/2563/4158 2340/2407/3943 2339/2406/3942 2246/2565/4159 2487/2566/3824 2486/2564/3826
f 2246/2565/4159 2339/2406/3942 2338/2405/3941 2245/2567/4160 2488/2568/3820 2487/2566/3824
f 2245/2567/4160 2338/2405/3941 2337/2404/3940 2244/2569/4161 2489/2570/3821 2488/2568/3820
f 2419/2489/4162 2421/2490/4163 2418/2510/4113 2414/2529/4112 2452/2284/3816 2491/2475/4029
f 2493/2522/4105 2492/2521/4104 2433/2517/4164 2435/2516/4165
f 2494/2523/4106 2493/2522/4105 2435/2516/4165 2432/2515/4166
f 2495/2524/4107 2494/2523/4106 2432/2515/4166 2431/2514/4167
f 2496/2525/4108 2495/2524/4107 2431/2514/4167 2429/2513/4168
f 2497/2526/4109 2496/2525/4108 2429/2513/4168 2428/2520/4169
f 2498/2527/4110 2497/2526/4109 2428/2520/4169 2430/2519/4170
f 2499/2528/4111 2498/2527/4110 2430/2519/4170 2434/2518/4171
f 2492/2521/4104 2499/2528/4111 2434/2518/4171 2433/2517/4164
s 265
f 2746/2571/4172 2683/2572/4173 2682/2573/4174 2747/2574/4175
s 266
f 2762/2575/4176 2668/2576/4177 2667/2577/4178 2763/2578/4179
s 267
f 2749/2579/4180 2680/2580/4181 2679/2581/4182 2750/2582/4183
s 268
f 2750/2582/4184 2679/2581/4185 2694/2583/4186 2751/2584/4187
f 2752/2585/4188 2678/2586/4189 2677/2587/4190 2753/2588/4191
f 2753/2588/4191 2677/2587/4190 2676/2589/4192 2754/2590/4193
f 2754/2590/4193 2676/2589/4192 2675/2591/4194 2755/2592/4195
f 2755/2592/4195 2675/2591/4194 2674/2593/4196 2756/2594/4197
f 2756/2594/4197 2674/2593/4196 2673/2595/4198 2757/2596/4199
f 2757/2596/4199 2673/2595/4198 2672/2597/4200 2758/2598/4201
f 2758/2598/4201 2672/2597/4200 2671/2599/4202 2759/2600/4203
f 2759/2600/4203 2671/2599/4202 2670/2601/4204 2760/2602/4205
f 2669/2603/4206 2668/2604/4207 2762/2605/4208 2761/2606/4209
s 270
f 2516/2607/4210 2517/2608/4211 2578/2609/4212 2605/2610/4213
f 2517/2608/4211 2693/2611/4214 2692/2612/4215 2578/2609/4212
f 2518/2613/4216 2519/2614/4217 2580/2615/4218 2579/2616/4219
f 2519/2614/4217 2520/2617/4220 2581/2618/4221 2580/2615/4218
f 2520/2617/4220 2521/2619/4222 2582/2620/4223 2581/2618/4221
f 2521/2619/4222 2522/2621/4224 2583/2622/4225 2582/2620/4223
f 2522/2621/4224 2523/2623/4226 2584/2624/4227 2583/2622/4225
f 2523/2623/4226 2524/2625/4228 2585/2626/4229 2584/2624/4227
f 2524/2625/4228 2525/2627/4230 2586/2628/4231 2585/2626/4229
f 2525/2627/4230 2526/2629/4232 2587/2630/4233 2586/2628/4231
f 2617/2631/4234 2527/2632/4235 2588/2633/4236 2618/2634/4237
f 2687/2635/4238 2742/2636/4239 2741/2637/4240 2654/2638/4241
f 2738/2639/4242 2702/2640/4243 2701/2641/4244 2739/2642/4245
f 2774/2643/4246 2656/2644/4247 2655/2645/4248 2775/2646/4249
f 2773/2647/4250 2657/2648/4251 2656/2644/4247 2774/2643/4246
f 2772/2649/4252 2658/2650/4253 2657/2648/4251 2773/2647/4250
f 2771/2651/4254 2659/2652/4255 2658/2650/4253 2772/2649/4252
f 2770/2653/4256 2660/2654/4257 2659/2652/4255 2771/2651/4254
f 2769/2655/4258 2661/2656/4259 2660/2654/4257 2770/2653/4256
f 2768/2657/4260 2662/2658/4261 2661/2656/4259 2769/2655/4258
f 2767/2659/4262 2663/2660/4263 2662/2658/4261 2768/2657/4260
f 2665/2661/4264 2664/2662/4265 2766/2663/4266 2765/2664/4267
s 277
f 2601/2665/4268 2600/2666/4269 2505/2667/4270 2504/2668/4271
s 278
f 2600/2666/4272 2697/2669/4273 2696/2670/4274 2505/2667/4275
f 2599/2671/4276 2598/2672/4277 2507/2673/4278 2506/2674/4279
f 2598/2672/4277 2597/2675/4280 2508/2676/4281 2507/2673/4278
f 2597/2675/4280 2596/2677/4282 2509/2678/4283 2508/2676/4281
f 2596/2677/4282 2595/2679/4284 2510/2680/4285 2509/2678/4283
f 2595/2679/4284 2594/2681/4286 2511/2682/4287 2510/2680/4285
f 2594/2681/4286 2593/2683/4288 2512/2684/4289 2511/2682/4287
f 2593/2683/4288 2592/2685/4290 2513/2686/4291 2512/2684/4289
f 2592/2685/4290 2591/2687/4292 2514/2688/4293 2513/2686/4291
f 2614/2689/4294 2590/2690/4295 2515/2691/4296 2615/2692/4297
s 270
f 2552/2693/4298 2689/2694/4299 2688/2695/4300 2541/2696/4301
f 2554/2697/4302 2543/2698/4303 2542/2699/4304 2553/2700/4305
f 2555/2701/4306 2544/2702/4307 2543/2698/4303 2554/2697/4302
f 2556/2703/4308 2545/2704/4309 2544/2702/4307 2555/2701/4306
f 2557/2705/4310 2546/2706/4311 2545/2704/4309 2556/2703/4308
f 2558/2707/4312 2547/2708/4313 2546/2706/4311 2557/2705/4310
f 2559/2709/4314 2548/2710/4315 2547/2708/4313 2558/2707/4312
f 2560/2711/4316 2549/2712/4317 2548/2710/4315 2559/2709/4314
f 2561/2713/4318 2550/2714/4319 2549/2712/4317 2560/2711/4316
f 2562/2715/4320 2551/2716/4321 2621/2717/4322 2620/2718/4323
s 266
f 2515/2719/4324 2590/2720/4325 2589/2721/4326 2563/2722/4327
s 268
f 2615/2723/4328 2515/2724/4329 2563/2725/4330 2616/2726/4331
f 2513/2727/4332 2514/2728/4333 2564/2729/4334 2565/2730/4335
f 2512/2731/4336 2513/2727/4332 2565/2730/4335 2566/2732/4337
f 2511/2733/4338 2512/2731/4336 2566/2732/4337 2567/2734/4339
f 2510/2735/4340 2511/2733/4338 2567/2734/4339 2568/2736/4341
f 2509/2737/4342 2510/2735/4340 2568/2736/4341 2569/2738/4343
f 2508/2739/4344 2509/2737/4342 2569/2738/4343 2570/2740/4345
f 2507/2741/4346 2508/2739/4344 2570/2740/4345 2571/2742/4347
f 2506/2743/4348 2507/2741/4346 2571/2742/4347 2572/2744/4349
f 2505/2745/4350 2696/2746/4351 2695/2747/4352 2573/2748/4353
s 267
f 2504/2749/4354 2505/2745/4355 2573/2748/4356 2574/2750/4357
s 265
f 2500/2751/4358 2575/2752/4359 2603/2753/4360 2602/2754/4361
s 270
f 2552/2693/4298 2541/2696/4301 2540/2755/4362 2577/2756/4363
f 2578/2609/4212 2692/2612/4215 2691/2757/4364 2622/2758/4365
f 2580/2615/4218 2624/2759/4366 2623/2760/4367 2579/2616/4219
f 2581/2618/4221 2625/2761/4368 2624/2759/4366 2580/2615/4218
f 2582/2620/4223 2626/2762/4369 2625/2761/4368 2581/2618/4221
f 2583/2622/4225 2627/2763/4370 2626/2762/4369 2582/2620/4223
f 2584/2624/4227 2628/2764/4371 2627/2763/4370 2583/2622/4225
f 2585/2626/4229 2629/2765/4372 2628/2764/4371 2584/2624/4227
f 2586/2628/4231 2630/2766/4373 2629/2765/4372 2585/2626/4229
f 2587/2630/4233 2631/2767/4374 2630/2766/4373 2586/2628/4231
f 2588/2633/4236 2633/2768/4375 2632/2769/4376 2618/2634/4237
s 266
f 2763/2578/4179 2667/2577/4178 2666/2770/4377 2764/2771/4378
f 2590/2720/4325 2635/2772/4379 2634/2773/4380 2589/2721/4326
s 278
f 2636/2774/4381 2635/2775/4382 2590/2690/4295 2614/2689/4294
f 2638/2776/4383 2637/2777/4384 2591/2687/4292 2592/2685/4290
f 2639/2778/4385 2638/2776/4383 2592/2685/4290 2593/2683/4288
f 2640/2779/4386 2639/2778/4385 2593/2683/4288 2594/2681/4286
f 2641/2780/4387 2640/2779/4386 2594/2681/4286 2595/2679/4284
f 2642/2781/4388 2641/2780/4387 2595/2679/4284 2596/2677/4282
f 2643/2782/4389 2642/2781/4388 2596/2677/4282 2597/2675/4280
f 2644/2783/4390 2643/2782/4389 2597/2675/4280 2598/2672/4277
f 2645/2784/4391 2644/2783/4390 2598/2672/4277 2599/2671/4276
f 2646/2785/4392 2698/2786/4393 2697/2669/4273 2600/2666/4272
s 277
f 2647/2787/4394 2646/2785/4395 2600/2666/4269 2601/2665/4268
s 265
f 2603/2753/4360 2650/2788/4396 2649/2789/4397 2602/2754/4361
f 2745/2790/4398 2684/2791/4399 2683/2572/4173 2746/2571/4172
s 270
f 2578/2609/4212 2622/2758/4365 2653/2792/4400 2605/2610/4213
f 2605/2610/4213 2653/2792/4400 2652/2793/4401 2607/2794/4402
f 2608/2795/4403 2516/2607/4210 2605/2610/4213 2607/2794/4402
s 267
f 2748/2796/4404 2681/2797/4405 2680/2580/4181 2749/2579/4180
f 2610/2798/4406 2504/2749/4354 2574/2750/4357 2609/2799/4407
s 277
f 2611/2800/4408 2601/2665/4268 2504/2668/4271 2610/2801/4409
f 2648/2802/4410 2647/2787/4394 2601/2665/4268 2611/2800/4408
s 270
f 2577/2756/4363 2540/2755/4362 2612/2803/4411 2613/2804/4412
f 2742/2636/4239 2687/2635/4238 2686/2805/4413 2743/2806/4414
f 2651/2807/4415 2604/2808/4416 2607/2794/4402 2652/2793/4401
f 2607/2794/4402 2604/2808/4416 2501/2809/4417 2608/2795/4403
s 267
f 2747/2810/4418 2682/2811/4419 2681/2797/4405 2748/2796/4404
f 2575/2812/4420 2500/2813/4421 2610/2798/4406 2609/2799/4407
s 277
f 2610/2801/4409 2500/2814/4422 2602/2815/4423 2611/2800/4408
f 2611/2800/4408 2602/2815/4423 2649/2816/4424 2648/2802/4410
s 270
f 2612/2803/4411 2503/2817/4425 2576/2818/4426 2613/2804/4412
f 2686/2805/4413 2685/2819/4427 2744/2820/4428 2743/2806/4414
s 278
f 2591/2687/4292 2614/2689/4294 2615/2692/4297 2514/2688/4293
s 268
f 2514/2728/4333 2615/2723/4328 2616/2726/4331 2564/2729/4334
f 2670/2601/4204 2669/2603/4206 2761/2606/4209 2760/2602/4205
s 270
f 2526/2629/4232 2617/2631/4234 2618/2634/4237 2587/2630/4233
f 2632/2769/4376 2631/2767/4374 2587/2630/4233 2618/2634/4237
f 2766/2663/4266 2664/2662/4265 2663/2660/4263 2767/2659/4262
f 2621/2717/4322 2550/2714/4319 2561/2713/4318 2620/2718/4323
s 278
f 2637/2777/4384 2636/2774/4381 2614/2689/4294 2591/2687/4292
s 266
f 2666/2770/4377 2665/2821/4429 2765/2822/4430 2764/2771/4378
f 2635/2772/4379 2551/2823/4431 2562/2824/4432 2634/2773/4380
s 278
f 2621/2717/4433 2551/2716/4434 2635/2775/4382 2636/2774/4381
f 2550/2714/4435 2621/2717/4433 2636/2774/4381 2637/2777/4384
f 2549/2712/4436 2550/2714/4435 2637/2777/4384 2638/2776/4383
f 2548/2710/4437 2549/2712/4436 2638/2776/4383 2639/2778/4385
f 2547/2708/4438 2548/2710/4437 2639/2778/4385 2640/2779/4386
f 2546/2706/4439 2547/2708/4438 2640/2779/4386 2641/2780/4387
f 2545/2704/4440 2546/2706/4439 2641/2780/4387 2642/2781/4388
f 2544/2702/4441 2545/2704/4440 2642/2781/4388 2643/2782/4389
f 2543/2698/4442 2544/2702/4441 2643/2782/4389 2644/2783/4390
f 2542/2699/4443 2543/2698/4442 2644/2783/4390 2645/2784/4391
f 2541/2696/4444 2688/2695/4445 2698/2786/4393 2646/2785/4392
s 277
f 2540/2755/4446 2541/2696/4447 2646/2785/4395 2647/2787/4394
f 2612/2803/4448 2540/2755/4446 2647/2787/4394 2648/2802/4410
f 2648/2802/4410 2649/2816/4424 2503/2817/4449 2612/2803/4448
s 265
f 2650/2788/4396 2576/2825/4450 2503/2826/4451 2649/2789/4397
f 2744/2827/4452 2685/2828/4453 2684/2791/4399 2745/2790/4398
s 270
f 2690/2829/4454 2689/2694/4299 2552/2693/4298 2654/2638/4241
f 2656/2644/4247 2554/2697/4302 2553/2700/4305 2655/2645/4248
f 2657/2648/4251 2555/2701/4306 2554/2697/4302 2656/2644/4247
f 2658/2650/4253 2556/2703/4308 2555/2701/4306 2657/2648/4251
f 2659/2652/4255 2557/2705/4310 2556/2703/4308 2658/2650/4253
f 2660/2654/4257 2558/2707/4312 2557/2705/4310 2659/2652/4255
f 2661/2656/4259 2559/2709/4314 2558/2707/4312 2660/2654/4257
f 2662/2658/4261 2560/2711/4316 2559/2709/4314 2661/2656/4259
f 2663/2660/4263 2561/2713/4318 2560/2711/4316 2662/2658/4261
f 2664/2662/4265 2620/2718/4323 2561/2713/4318 2663/2660/4263
f 2562/2715/4320 2620/2718/4323 2664/2662/4265 2665/2661/4264
s 266
f 2634/2773/4380 2562/2824/4432 2665/2821/4429 2666/2770/4377
f 2667/2577/4178 2589/2721/4326 2634/2773/4380 2666/2770/4377
f 2668/2576/4177 2563/2722/4327 2589/2721/4326 2667/2577/4178
s 268
f 2616/2726/4331 2563/2725/4330 2668/2604/4207 2669/2603/4206
f 2564/2729/4334 2616/2726/4331 2669/2603/4206 2670/2601/4204
f 2671/2599/4202 2565/2730/4335 2564/2729/4334 2670/2601/4204
f 2672/2597/4200 2566/2732/4337 2565/2730/4335 2671/2599/4202
f 2673/2595/4198 2567/2734/4339 2566/2732/4337 2672/2597/4200
f 2674/2593/4196 2568/2736/4341 2567/2734/4339 2673/2595/4198
f 2675/2591/4194 2569/2738/4343 2568/2736/4341 2674/2593/4196
f 2676/2589/4192 2570/2740/4345 2569/2738/4343 2675/2591/4194
f 2677/2587/4190 2571/2742/4347 2570/2740/4345 2676/2589/4192
f 2678/2586/4189 2572/2744/4349 2571/2742/4347 2677/2587/4190
f 2679/2581/4185 2573/2748/4353 2695/2747/4352 2694/2583/4186
s 267
f 2680/2580/4181 2574/2750/4357 2573/2748/4356 2679/2581/4182
f 2681/2797/4405 2609/2799/4407 2574/2750/4357 2680/2580/4181
f 2681/2797/4405 2682/2811/4419 2575/2812/4420 2609/2799/4407
s 265
f 2683/2572/4173 2603/2753/4360 2575/2752/4359 2682/2573/4174
f 2684/2791/4399 2650/2788/4396 2603/2753/4360 2683/2572/4173
f 2685/2828/4453 2576/2825/4450 2650/2788/4396 2684/2791/4399
s 270
f 2613/2804/4412 2576/2818/4426 2685/2819/4427 2686/2805/4413
f 2687/2635/4238 2577/2756/4363 2613/2804/4412 2686/2805/4413
f 2552/2693/4298 2577/2756/4363 2687/2635/4238 2654/2638/4241
f 2689/2694/4299 2553/2700/4305 2542/2699/4304 2688/2695/4300
f 2655/2645/4248 2553/2700/4305 2689/2694/4299 2690/2829/4454
f 2777/2830/4455 2706/2831/4456 2702/2640/4243 2738/2639/4242
f 2692/2612/4215 2579/2616/4219 2623/2760/4367 2691/2757/4364
f 2693/2611/4214 2518/2613/4216 2579/2616/4219 2692/2612/4215
s 268
f 2694/2583/4186 2678/2586/4189 2752/2585/4188 2751/2584/4187
f 2695/2747/4352 2572/2744/4349 2678/2586/4189 2694/2583/4186
f 2696/2746/4351 2506/2743/4348 2572/2744/4349 2695/2747/4352
s 278
f 2697/2669/4273 2599/2671/4276 2506/2674/4279 2696/2670/4274
f 2698/2786/4393 2645/2784/4391 2599/2671/4276 2697/2669/4273
f 2688/2695/4445 2542/2699/4443 2645/2784/4391 2698/2786/4393
s 270
f 2741/2832/4457 2740/2833/4458 2708/2834/4459 2654/2835/4241
s 285
f 2655/2836/4460 2713/2837/4461 2776/2838/4462 2775/2839/4463
f 2712/2840/4464 2711/2841/4465 2623/2842/4466 2530/2843/4467 2775/2839/4463 2776/2838/4462
s 270
f 2740/2833/4458 2739/2642/4468 2701/2641/4244 2708/2834/4459
s 285
f 2705/2844/4469 2707/2845/4470 2711/2841/4465 2712/2840/4464 2776/2838/4462 2777/2830/4471
f 2713/2837/4461 2706/2831/4472 2777/2830/4471 2776/2838/4462
s 270
f 2654/2835/4241 2735/2846/4473 2734/2847/4474 2690/2848/4454
f 2708/2834/4459 2736/2849/4475 2735/2846/4473 2654/2835/4241
f 2690/2848/4454 2734/2847/4474 2733/2850/4476 2655/2836/4248
f 2655/2836/4248 2733/2850/4476 2732/2851/4477 2713/2837/4478
f 2702/2640/4243 2730/2852/4479 2737/2853/4480 2701/2641/4244
f 2701/2641/4244 2737/2853/4480 2736/2849/4475 2708/2834/4459
f 2713/2837/4478 2732/2851/4477 2731/2854/4481 2706/2831/4456
f 2706/2831/4456 2731/2854/4481 2730/2852/4479 2702/2640/4243
s 286
f 2691/2855/4482 2723/2856/4483 2722/2857/4484 2622/2858/4485
f 2622/2858/4485 2722/2857/4484 2724/2859/4486 2710/2860/4487
f 2623/2842/4488 2725/2861/4489 2723/2856/4483 2691/2855/4482
f 2711/2841/4490 2726/2862/4491 2725/2861/4489 2623/2842/4488
f 2710/2860/4487 2724/2859/4486 2727/2863/4492 2703/2864/4493
f 2703/2864/4493 2727/2863/4492 2728/2865/4494 2704/2866/4495
f 2704/2866/4495 2728/2865/4494 2729/2867/4496 2707/2845/4497
f 2707/2845/4497 2729/2867/4496 2726/2862/4491 2711/2841/4490
s off
f 2715/2868/4498 2723/2856/4499 2725/2861/4500 2717/2869/4501
f 2717/2869/4502 2725/2861/4503 2726/2862/4504 2718/2870/4505
f 2718/2870/4506 2726/2862/4507 2729/2867/4508 2721/2871/4509
f 2721/2871/4510 2729/2867/4511 2728/2865/4512 2719/2872/4513
f 2719/2872/4514 2728/2865/4515 2727/2863/4516 2720/2873/4517
f 2720/2873/4518 2727/2863/4519 2724/2859/4520 2716/2874/4521
f 2716/2874/4522 2724/2859/4523 2722/2857/4524 2714/2875/4525
f 2714/2875/4526 2722/2857/4527 2723/2856/4528 2715/2868/4529
s 270
f 2731/2854/4481 2779/2876/4530 2778/2877/4531 2730/2852/4479
f 2732/2851/4477 2780/2878/4532 2779/2876/4530 2731/2854/4481
f 2733/2850/4476 2781/2879/4533 2780/2878/4532 2732/2851/4477
f 2734/2847/4474 2782/2880/4534 2781/2879/4533 2733/2850/4476
f 2735/2846/4473 2783/2881/4535 2782/2880/4534 2734/2847/4474
f 2736/2849/4475 2784/2882/4536 2783/2881/4535 2735/2846/4473
f 2737/2853/4480 2785/2883/4537 2784/2882/4536 2736/2849/4475
f 2730/2852/4479 2778/2877/4531 2785/2883/4537 2737/2853/4480
f 2700/2884/4538 2738/2639/4242 2739/2642/4245 2699/2885/4539 2703/2864/4540 2704/2866/4541
f 2699/2885/4542 2739/2642/4468 2740/2833/4458 2709/2886/4543 2710/2860/4544 2703/2864/4545
f 2709/2886/4543 2740/2833/4458 2741/2832/4457 2529/2887/4546 2622/2858/4547 2710/2860/4544
f 2529/2888/4548 2741/2889/4240 2742/2890/4239 2528/2891/4549 2653/2792/4400 2622/2758/4365
f 2528/2891/4549 2742/2890/4239 2743/2892/4414 2606/2893/4550 2652/2793/4401 2653/2792/4400
f 2606/2893/4550 2743/2892/4414 2744/2894/4428 2502/2895/4551 2651/2807/4415 2652/2793/4401
s 265
f 2502/2896/4552 2744/2827/4452 2745/2790/4398 2651/2897/4553
f 2651/2897/4553 2745/2790/4398 2746/2571/4172 2604/2898/4554
f 2604/2898/4554 2746/2571/4172 2747/2574/4175 2501/2899/4555
s 267
f 2608/2795/4556 2501/2809/4557 2747/2810/4418 2748/2796/4404
f 2608/2795/4556 2748/2796/4404 2749/2579/4180 2516/2607/4558
f 2516/2607/4558 2749/2579/4180 2750/2582/4183 2517/2608/4559
s 268
f 2517/2608/4560 2750/2582/4184 2751/2584/4187 2693/2611/4561
f 2752/2585/4188 2518/2613/4562 2693/2611/4561 2751/2584/4187
f 2518/2613/4562 2752/2585/4188 2753/2588/4191 2519/2614/4563
f 2519/2614/4563 2753/2588/4191 2754/2590/4193 2520/2617/4564
f 2520/2617/4564 2754/2590/4193 2755/2592/4195 2521/2619/4565
f 2521/2619/4565 2755/2592/4195 2756/2594/4197 2522/2621/4566
f 2522/2621/4566 2756/2594/4197 2757/2596/4199 2523/2623/4567
f 2523/2623/4567 2757/2596/4199 2758/2598/4201 2524/2625/4568
f 2524/2625/4568 2758/2598/4201 2759/2600/4203 2525/2627/4569
f 2525/2627/4569 2759/2600/4203 2760/2602/4205 2526/2629/4570
f 2761/2606/4209 2617/2631/4571 2526/2629/4570 2760/2602/4205
f 2762/2605/4208 2527/2632/4572 2617/2631/4571 2761/2606/4209
s 266
f 2527/2900/4573 2762/2575/4176 2763/2578/4179 2588/2901/4574
f 2588/2901/4574 2763/2578/4179 2764/2771/4378 2633/2902/4575
f 2765/2822/4430 2539/2903/4576 2633/2902/4575 2764/2771/4378
s 270
f 2539/2904/4577 2765/2905/4267 2766/2906/4266 2619/2907/4578 2632/2769/4376 2633/2768/4375
f 2619/2907/4578 2766/2906/4266 2767/2908/4262 2538/2909/4579 2631/2767/4374 2632/2769/4376
f 2538/2909/4579 2767/2908/4262 2768/2910/4260 2537/2911/4580 2630/2766/4373 2631/2767/4374
f 2537/2911/4580 2768/2910/4260 2769/2912/4258 2536/2913/4581 2629/2765/4372 2630/2766/4373
f 2536/2913/4581 2769/2912/4258 2770/2914/4256 2535/2915/4582 2628/2764/4371 2629/2765/4372
f 2535/2915/4582 2770/2914/4256 2771/2916/4254 2534/2917/4583 2627/2763/4370 2628/2764/4371
f 2534/2917/4583 2771/2916/4254 2772/2918/4252 2533/2919/4584 2626/2762/4369 2627/2763/4370
f 2533/2919/4584 2772/2918/4252 2773/2920/4250 2532/2921/4585 2625/2761/4368 2626/2762/4369
f 2532/2921/4585 2773/2920/4250 2774/2922/4246 2531/2923/4586 2624/2759/4366 2625/2761/4368
f 2531/2923/4586 2774/2922/4246 2775/2924/4249 2530/2925/4587 2623/2760/4367 2624/2759/4366
f 2705/2844/4588 2777/2830/4455 2738/2639/4242 2700/2884/4538 2704/2866/4541 2707/2845/4589
f 2779/2876/4530 2721/2871/4590 2719/2872/4591 2778/2877/4531
f 2780/2878/4532 2718/2870/4592 2721/2871/4590 2779/2876/4530
f 2781/2879/4533 2717/2869/4593 2718/2870/4592 2780/2878/4532
f 2782/2880/4534 2715/2868/4594 2717/2869/4593 2781/2879/4533
f 2783/2881/4535 2714/2875/4595 2715/2868/4594 2782/2880/4534
f 2784/2882/4536 2716/2874/4596 2714/2875/4595 2783/2881/4535
f 2785/2883/4537 2720/2873/4597 2716/2874/4596 2784/2882/4536
f 2778/2877/4531 2719/2872/4591 2720/2873/4597 2785/2883/4537
s 287
usemtl upper_part
f 3088/2926/4598 3089/2927/4599 2807/2928/4600 2806/2929/4601
f 3089/2927/4599 3090/2930/4602 2808/2931/4603 2807/2928/4600
f 3090/2930/4602 3091/2932/4604 2809/2933/4605 2808/2931/4603
f 3091/2932/4604 3092/2934/4606 2810/2935/4607 2809/2933/4605
f 3092/2936/4606 3093/2937/4608 2811/2938/4609 2810/2939/4607
f 3093/2937/4608 3094/2940/4610 2812/2941/4611 2811/2938/4609
f 3094/2940/4610 3095/2942/4612 2813/2943/4613 2812/2941/4611
f 3095/2942/4612 3096/2944/4614 2814/2945/4615 2813/2943/4613
f 3096/2944/4614 3097/2946/4616 2815/2947/4617 2814/2945/4615
f 3097/2946/4616 3098/2948/4618 2816/2949/4619 2815/2947/4617
f 3098/2948/4618 3099/2950/4620 2817/2951/4621 2816/2949/4619
f 3099/2950/4620 3100/2952/4622 2818/2953/4623 2817/2951/4621
f 3100/2952/4622 3101/2954/4624 2819/2955/4625 2818/2953/4623
f 3101/2954/4624 3102/2956/4626 2820/2957/4627 2819/2955/4625
f 3102/2956/4626 3103/2958/4628 2821/2959/4629 2820/2957/4627
f 3103/2958/4628 3104/2960/4630 2822/2961/4631 2821/2959/4629
f 3104/2960/4630 3105/2962/4632 2823/2963/4633 2822/2961/4631
f 3105/2962/4632 3106/2964/4634 2824/2965/4635 2823/2963/4633
f 3106/2964/4634 3107/2966/4636 2825/2967/4637 2824/2965/4635
f 3107/2966/4636 3088/2926/4598 2806/2929/4601 2825/2967/4637
s 288
f 2787/2968/4638 2786/2969/4639 2826/2970/4640
f 2788/2971/4641 2787/2968/4638 2826/2970/4640
f 2789/2972/4642 2788/2971/4641 2826/2970/4640
f 2790/2973/4643 2789/2972/4642 2826/2970/4640
f 2791/2974/4644 2790/2973/4643 2826/2970/4640
f 2792/2975/4645 2791/2974/4644 2826/2970/4640
f 2793/2976/4646 2792/2975/4645 2826/2970/4640
f 2794/2977/4647 2793/2976/4646 2826/2970/4640
f 2795/2978/4648 2794/2977/4647 2826/2970/4640
f 2796/2979/4649 2795/2978/4648 2826/2970/4640
f 2797/2980/4650 2796/2979/4649 2826/2970/4640
f 2798/2981/4651 2797/2980/4650 2826/2970/4640
f 2799/2982/4652 2798/2981/4651 2826/2970/4640
f 2800/2983/4653 2799/2982/4652 2826/2970/4640
f 2801/2984/4654 2800/2983/4653 2826/2970/4640
f 2802/2985/4655 2801/2984/4654 2826/2970/4640
f 2803/2986/4656 2802/2985/4655 2826/2970/4640
f 2804/2987/4657 2803/2986/4656 2826/2970/4640
f 2805/2988/4658 2804/2987/4657 2826/2970/4640
f 2786/2969/4639 2805/2988/4658 2826/2970/4640
s 289
f 3047/2989/4659 3048/2990/4660 3049/2991/4661
f 3048/2990/4660 3050/2992/4662 3049/2991/4661
f 3050/2992/4662 3051/2993/4663 3049/2991/4661
f 3051/2993/4663 3052/2994/4664 3049/2991/4661
f 3052/2994/4664 3053/2995/4665 3049/2991/4661
f 3053/2995/4665 3054/2996/4666 3049/2991/4661
f 3054/2996/4666 3055/2997/4667 3049/2991/4661
f 3055/2997/4667 3056/2998/4668 3049/2991/4661
f 3056/2998/4668 3057/2999/4669 3049/2991/4661
f 3057/2999/4669 3058/3000/4670 3049/2991/4661
f 3058/3000/4670 3059/3001/4671 3049/2991/4661
f 3059/3001/4671 3060/3002/4672 3049/2991/4661
f 3060/3002/4672 3061/3003/4673 3049/2991/4661
f 3061/3003/4673 3062/3004/4674 3049/2991/4661
f 3062/3004/4674 3063/3005/4675 3049/2991/4661
f 3063/3005/4675 3064/3006/4676 3049/2991/4661
f 3064/3006/4676 3065/3007/4677 3049/2991/4661
f 3065/3007/4677 3066/3008/4678 3049/2991/4661
f 3066/3008/4678 3067/3009/4679 3049/2991/4661
f 3067/3009/4679 3047/2989/4659 3049/2991/4661
s 290
f 3128/3010/4680 3129/3011/4681 3127/3012/4682 3108/3013/4683
f 3129/3011/4681 3130/3014/4684 3126/3015/4685 3127/3012/4682
f 3130/3014/4684 3131/3016/4686 3125/3017/4687 3126/3015/4685
f 3131/3016/4686 3132/3018/4688 3124/3019/4689 3125/3017/4687
f 3132/3020/4688 3133/3021/4690 3123/3022/4691 3124/3023/4689
f 3133/3021/4690 3134/3024/4692 3122/3025/4693 3123/3022/4691
f 3134/3024/4692 3135/3026/4694 3121/3027/4695 3122/3025/4693
f 3135/3026/4694 3136/3028/4696 3120/3029/4697 3121/3027/4695
f 3136/3028/4696 3137/3030/4698 3119/3031/4699 3120/3029/4697
f 3137/3030/4698 3138/3032/4700 3118/3033/4701 3119/3031/4699
f 3138/3032/4700 3139/3034/4702 3117/3035/4703 3118/3033/4701
f 3139/3034/4702 3140/3036/4704 3116/3037/4705 3117/3035/4703
f 3140/3036/4704 3141/3038/4706 3115/3039/4707 3116/3037/4705
f 3141/3038/4706 3142/3040/4708 3114/3041/4709 3115/3039/4707
f 3142/3040/4708 3143/3042/4710 3113/3043/4711 3114/3041/4709
f 3143/3042/4710 3144/3044/4712 3112/3045/4713 3113/3043/4711
f 3144/3044/4712 3145/3046/4714 3111/3047/4715 3112/3045/4713
f 3145/3046/4714 3146/3048/4716 3110/3049/4717 3111/3047/4715
f 3146/3048/4716 3147/3050/4718 3109/3051/4719 3110/3049/4717
f 3147/3050/4718 3128/3010/4680 3108/3013/4683 3109/3051/4719
s 291
f 3148/3052/4720 3149/3053/4721 2848/3054/4722 2847/3055/4723
f 3149/3053/4721 3150/3056/4724 2849/3057/4725 2848/3054/4722
f 3150/3056/4724 3151/3058/4726 2850/3059/4727 2849/3057/4725
f 3151/3058/4726 3152/3060/4728 2851/3061/4729 2850/3059/4727
f 3152/3062/4728 3153/3063/4730 2852/3064/4731 2851/3065/4729
f 3153/3063/4730 3154/3066/4732 2853/3067/4733 2852/3064/4731
f 3154/3066/4732 3155/3068/4734 2854/3069/4735 2853/3067/4733
f 3155/3068/4734 3156/3070/4736 2855/3071/4737 2854/3069/4735
f 3156/3070/4736 3157/3072/4738 2856/3073/4739 2855/3071/4737
f 3157/3072/4738 3158/3074/4740 2857/3075/4741 2856/3073/4739
f 3158/3074/4740 3159/3076/4742 2858/3077/4743 2857/3075/4741
f 3159/3076/4742 3160/3078/4744 2859/3079/4745 2858/3077/4743
f 3160/3078/4744 3161/3080/4746 2860/3081/4747 2859/3079/4745
f 3161/3080/4746 3162/3082/4748 2861/3083/4749 2860/3081/4747
f 3162/3082/4748 3163/3084/4750 2862/3085/4751 2861/3083/4749
f 3163/3084/4750 3164/3086/4752 2863/3087/4753 2862/3085/4751
f 3164/3086/4752 3165/3088/4754 2864/3089/4755 2863/3087/4753
f 3165/3088/4754 3166/3090/4756 2865/3091/4757 2864/3089/4755
f 3166/3090/4756 3167/3092/4758 2866/3093/4759 2865/3091/4757
f 3167/3092/4758 3148/3052/4720 2847/3055/4723 2866/3093/4759
s 292
f 3188/3094/4760 3189/3095/4761 2868/3096/4762 2867/3097/4763
f 3189/3095/4761 3190/3098/4764 2869/3099/4765 2868/3096/4762
f 3190/3098/4764 3191/3100/4766 2870/3101/4767 2869/3099/4765
f 3191/3100/4766 3192/3102/4768 2871/3103/4769 2870/3101/4767
f 3192/3104/4768 3193/3105/4770 2872/3106/4771 2871/3107/4769
f 3193/3105/4770 3194/3108/4772 2873/3109/4773 2872/3106/4771
f 3194/3108/4772 3195/3110/4774 2874/3111/4775 2873/3109/4773
f 3195/3110/4774 3196/3112/4776 2875/3113/4777 2874/3111/4775
f 3196/3112/4776 3197/3114/4778 2876/3115/4779 2875/3113/4777
f 3197/3114/4778 3198/3116/4780 2877/3117/4781 2876/3115/4779
f 3198/3116/4780 3199/3118/4782 2878/3119/4783 2877/3117/4781
f 3199/3118/4782 3200/3120/4784 2879/3121/4785 2878/3119/4783
f 3200/3120/4784 3201/3122/4786 2880/3123/4787 2879/3121/4785
f 3201/3122/4786 3202/3124/4788 2881/3125/4789 2880/3123/4787
f 3202/3124/4788 3203/3126/4790 2882/3127/4791 2881/3125/4789
f 3203/3126/4790 3204/3128/4792 2883/3129/4793 2882/3127/4791
f 3204/3128/4792 3205/3130/4794 2884/3131/4795 2883/3129/4793
f 3205/3130/4794 3206/3132/4796 2885/3133/4797 2884/3131/4795
f 3206/3132/4796 3207/3134/4798 2886/3135/4799 2885/3133/4797
f 3207/3134/4798 3188/3094/4760 2867/3097/4763 2886/3135/4799
s 293
f 3168/3136/4800 3169/3137/4801 3227/3138/4802 3208/3139/4803
f 3169/3137/4801 3170/3140/4804 3226/3141/4805 3227/3138/4802
f 3170/3140/4804 3171/3142/4806 3225/3143/4807 3226/3141/4805
f 3171/3142/4806 3172/3144/4808 3224/3145/4809 3225/3143/4807
f 3172/3146/4808 3173/3147/4810 3223/3148/4811 3224/3149/4809
f 3173/3147/4810 3174/3150/4812 3222/3151/4813 3223/3148/4811
f 3174/3150/4812 3175/3152/4814 3221/3153/4815 3222/3151/4813
f 3175/3152/4814 3176/3154/4816 3220/3155/4817 3221/3153/4815
f 3176/3154/4816 3177/3156/4818 3219/3157/4819 3220/3155/4817
f 3177/3156/4818 3178/3158/4820 3218/3159/4821 3219/3157/4819
f 3178/3158/4820 3179/3160/4822 3217/3161/4823 3218/3159/4821
f 3179/3160/4822 3180/3162/4824 3216/3163/4825 3217/3161/4823
f 3180/3162/4824 3181/3164/4826 3215/3165/4827 3216/3163/4825
f 3181/3164/4826 3182/3166/4828 3214/3167/4829 3215/3165/4827
f 3182/3166/4828 3183/3168/4830 3213/3169/4831 3214/3167/4829
f 3183/3168/4830 3184/3170/4832 3212/3171/4833 3213/3169/4831
f 3184/3170/4832 3185/3172/4834 3211/3173/4835 3212/3171/4833
f 3185/3172/4834 3186/3174/4836 3210/3175/4837 3211/3173/4835
f 3186/3174/4836 3187/3176/4838 3209/3177/4839 3210/3175/4837
f 3187/3176/4838 3168/3136/4800 3208/3139/4803 3209/3177/4839
s 294
f 3228/3178/4840 3229/3179/4841 2908/3180/4842 2907/3181/4843
f 3229/3179/4841 3230/3182/4844 2909/3183/4845 2908/3180/4842
f 3230/3182/4844 3231/3184/4846 2910/3185/4847 2909/3183/4845
f 3231/3184/4846 3232/3186/4848 2911/3187/4849 2910/3185/4847
f 3232/3186/4848 3233/3188/4850 2912/3189/4851 2911/3187/4849
f 3233/3188/4850 3234/3190/4852 2913/3191/4853 2912/3189/4851
f 3234/3190/4852 3235/3192/4854 2914/3193/4855 2913/3191/4853
f 3235/3192/4854 3236/3194/4856 2915/3195/4857 2914/3193/4855
f 3236/3194/4856 3237/3196/4858 2916/3197/4859 2915/3195/4857
f 3237/3196/4858 3238/3198/4860 2917/3199/4861 2916/3197/4859
f 3238/3198/4860 3239/3200/4862 2918/3201/4863 2917/3199/4861
f 3239/3200/4862 3240/3202/4864 2919/3203/4865 2918/3201/4863
f 3240/3202/4864 3241/3204/4866 2920/3205/4867 2919/3203/4865
f 3241/3204/4866 3242/3206/4868 2921/3207/4869 2920/3205/4867
f 3242/3206/4868 3243/3208/4870 2922/3209/4871 2921/3207/4869
f 3243/3208/4870 3244/3210/4872 2923/3211/4873 2922/3209/4871
f 3244/3210/4872 3245/3212/4874 2924/3213/4875 2923/3211/4873
f 3245/3212/4874 3246/3214/4876 2925/3215/4877 2924/3213/4875
f 3246/3214/4876 3247/3216/4878 2926/3217/4879 2925/3215/4877
f 3247/3216/4878 3228/3178/4840 2907/3181/4843 2926/3217/4879
s 295
f 3268/3218/4880 3269/3219/4881 2928/3220/4882 2927/3221/4883
f 3269/3219/4881 3270/3222/4884 2929/3223/4885 2928/3220/4882
f 3270/3222/4884 3271/3224/4886 2930/3225/4887 2929/3223/4885
f 3271/3224/4886 3272/3226/4888 2931/3227/4889 2930/3225/4887
f 3272/3228/4888 3273/3229/4890 2932/3230/4891 2931/3231/4889
f 3273/3229/4890 3274/3232/4892 2933/3233/4893 2932/3230/4891
f 3274/3232/4892 3275/3234/4894 2934/3235/4895 2933/3233/4893
f 3275/3234/4894 3276/3236/4896 2935/3237/4897 2934/3235/4895
f 3276/3236/4896 3277/3238/4898 2936/3239/4899 2935/3237/4897
f 3277/3238/4898 3278/3240/4900 2937/3241/4901 2936/3239/4899
f 3278/3240/4900 3279/3242/4902 2938/3243/4903 2937/3241/4901
f 3279/3242/4902 3280/3244/4904 2939/3245/4905 2938/3243/4903
f 3280/3244/4904 3281/3246/4906 2940/3247/4907 2939/3245/4905
f 3281/3246/4906 3282/3248/4908 2941/3249/4909 2940/3247/4907
f 3282/3248/4908 3283/3250/4910 2942/3251/4911 2941/3249/4909
f 3283/3250/4910 3284/3252/4912 2943/3253/4913 2942/3251/4911
f 3284/3252/4912 3285/3254/4914 2944/3255/4915 2943/3253/4913
f 3285/3254/4914 3286/3256/4916 2945/3257/4917 2944/3255/4915
f 3286/3256/4916 3287/3258/4918 2946/3259/4919 2945/3257/4917
f 3287/3258/4918 3268/3218/4880 2927/3221/4883 2946/3259/4919
s 296
f 3308/3260/4920 3309/3261/4921 2948/3262/4922 2947/3263/4923
f 3309/3261/4921 3310/3264/4924 2949/3265/4925 2948/3262/4922
f 3310/3264/4924 3311/3266/4926 2950/3267/4927 2949/3265/4925
f 3311/3266/4926 3312/3268/4928 2951/3269/4929 2950/3267/4927
f 3312/3270/4928 3313/3271/4930 2952/3272/4931 2951/3273/4929
f 3313/3271/4930 3314/3274/4932 2953/3275/4933 2952/3272/4931
f 3314/3274/4932 3315/3276/4934 2954/3277/4935 2953/3275/4933
f 3315/3276/4934 3316/3278/4936 2955/3279/4937 2954/3277/4935
f 3316/3278/4936 3317/3280/4938 2956/3281/4939 2955/3279/4937
f 3317/3280/4938 3318/3282/4940 2957/3283/4941 2956/3281/4939
f 3318/3282/4940 3319/3284/4942 2958/3285/4943 2957/3283/4941
f 3319/3284/4942 3320/3286/4944 2959/3287/4945 2958/3285/4943
f 3320/3286/4944 3321/3288/4946 2960/3289/4947 2959/3287/4945
f 3321/3288/4946 3322/3290/4948 2961/3291/4949 2960/3289/4947
f 3322/3290/4948 3323/3292/4950 2962/3293/4951 2961/3291/4949
f 3323/3292/4950 3324/3294/4952 2963/3295/4953 2962/3293/4951
f 3324/3294/4952 3325/3296/4954 2964/3297/4955 2963/3295/4953
f 3325/3296/4954 3326/3298/4956 2965/3299/4957 2964/3297/4955
f 3326/3298/4956 3327/3300/4958 2966/3301/4959 2965/3299/4957
f 3327/3300/4958 3308/3260/4920 2947/3263/4923 2966/3301/4959
s 297
f 3328/3302/4960 3329/3303/4961 2968/3304/4962 2967/3305/4963
f 3329/3303/4961 3330/3306/4964 2969/3307/4965 2968/3304/4962
f 3330/3306/4964 3331/3308/4966 2970/3309/4967 2969/3307/4965
f 3331/3308/4966 3332/3310/4968 2971/3311/4969 2970/3309/4967
f 3332/3312/4968 3333/3313/4970 2972/3314/4971 2971/3315/4969
f 3333/3313/4970 3334/3316/4972 2973/3317/4973 2972/3314/4971
f 3334/3316/4972 3335/3318/4974 2974/3319/4975 2973/3317/4973
f 3335/3318/4974 3336/3320/4976 2975/3321/4977 2974/3319/4975
f 3336/3320/4976 3337/3322/4978 2976/3323/4979 2975/3321/4977
f 3337/3322/4978 3338/3324/4980 2977/3325/4981 2976/3323/4979
f 3338/3324/4980 3339/3326/4982 2978/3327/4983 2977/3325/4981
f 3339/3326/4982 3340/3328/4984 2979/3329/4985 2978/3327/4983
f 3340/3328/4984 3341/3330/4986 2980/3331/4987 2979/3329/4985
f 3341/3330/4986 3342/3332/4988 2981/3333/4989 2980/3331/4987
f 3342/3332/4988 3343/3334/4990 2982/3335/4991 2981/3333/4989
f 3343/3334/4990 3344/3336/4992 2983/3337/4993 2982/3335/4991
f 3344/3336/4992 3345/3338/4994 2984/3339/4995 2983/3337/4993
f 3345/3338/4994 3346/3340/4996 2985/3341/4997 2984/3339/4995
f 3346/3340/4996 3347/3342/4998 2986/3343/4999 2985/3341/4997
f 3347/3342/4998 3328/3302/4960 2967/3305/4963 2986/3343/4999
s 298
f 3369/3344/5000 3370/3345/5001 3364/3346/5002 3365/3347/5003
f 3371/3348/5004 3372/3349/5005 3360/3350/5006 3361/3351/5007
f 3373/3352/5008 3374/3353/5009 3356/3354/5010 3357/3355/5011
f 3375/3356/5012 3376/3357/5013 3352/3358/5014 3353/3359/5015
f 3377/3360/5016 3368/3361/5017 3348/3362/5018 3349/3363/5019
s 303
f 3378/3364/5020 3379/3365/5021 3008/3366/5022 3007/3367/5023
f 3379/3365/5021 3380/3368/5024 3009/3369/5025 3008/3366/5022
f 3380/3368/5024 3381/3370/5026 3010/3371/5027 3009/3369/5025
f 3381/3370/5026 3382/3372/5028 3011/3373/5029 3010/3371/5027
f 3382/3372/5028 3383/3374/5030 3012/3375/5031 3011/3373/5029
f 3383/3374/5030 3384/3376/5032 3013/3377/5033 3012/3375/5031
f 3384/3376/5032 3385/3378/5034 3014/3379/5035 3013/3377/5033
f 3385/3378/5034 3386/3380/5036 3015/3381/5037 3014/3379/5035
f 3386/3380/5036 3387/3382/5038 3016/3383/5039 3015/3381/5037
f 3387/3382/5038 3388/3384/5040 3017/3385/5041 3016/3383/5039
f 3388/3384/5040 3389/3386/5042 3018/3387/5043 3017/3385/5041
f 3389/3386/5042 3390/3388/5044 3019/3389/5045 3018/3387/5043
f 3390/3388/5044 3391/3390/5046 3020/3391/5047 3019/3389/5045
f 3391/3390/5046 3392/3392/5048 3021/3393/5049 3020/3391/5047
f 3392/3392/5048 3393/3394/5050 3022/3395/5051 3021/3393/5049
f 3393/3394/5050 3394/3396/5052 3023/3397/5053 3022/3395/5051
f 3394/3396/5052 3395/3398/5054 3024/3399/5055 3023/3397/5053
f 3395/3398/5054 3396/3400/5056 3025/3401/5057 3024/3399/5055
f 3396/3400/5056 3397/3402/5058 3026/3403/5059 3025/3401/5057
f 3397/3402/5058 3378/3364/5020 3007/3367/5023 3026/3403/5059
s 304
f 3398/3404/5060 3399/3405/5061 3028/3406/5062 3027/3407/5063
f 3399/3405/5061 3400/3408/5064 3029/3409/5065 3028/3406/5062
f 3400/3408/5064 3401/3410/5066 3030/3411/5067 3029/3409/5065
f 3401/3410/5066 3402/3412/5068 3031/3413/5069 3030/3411/5067
f 3402/3412/5068 3403/3414/5070 3032/3415/5071 3031/3413/5069
f 3403/3414/5070 3404/3416/5072 3033/3417/5073 3032/3415/5071
f 3404/3416/5072 3405/3418/5074 3034/3419/5075 3033/3417/5073
f 3405/3418/5074 3406/3420/5076 3035/3421/5077 3034/3419/5075
f 3406/3420/5076 3407/3422/5078 3036/3423/5079 3035/3421/5077
f 3407/3422/5078 3408/3424/5080 3037/3425/5081 3036/3423/5079
f 3408/3424/5080 3409/3426/5082 3038/3427/5083 3037/3425/5081
f 3409/3426/5082 3410/3428/5084 3039/3429/5085 3038/3427/5083
f 3410/3428/5084 3411/3430/5086 3040/3431/5087 3039/3429/5085
f 3411/3430/5086 3412/3432/5088 3041/3433/5089 3040/3431/5087
f 3412/3432/5088 3413/3434/5090 3042/3435/5091 3041/3433/5089
f 3413/3434/5090 3414/3436/5092 3043/3437/5093 3042/3435/5091
f 3414/3436/5092 3415/3438/5094 3044/3439/5095 3043/3437/5093
f 3415/3438/5094 3416/3440/5096 3045/3441/5097 3044/3439/5095
f 3416/3440/5096 3417/3442/5098 3046/3443/5099 3045/3441/5097
f 3417/3442/5098 3398/3404/5060 3027/3407/5063 3046/3443/5099
s 305
f 3418/3444/5100 3419/3445/5101 3048/2990/5102 3047/2989/5103
s 306
f 3419/3445/5104 3420/3446/5105 3050/2992/5106 3048/2990/5107
s 307
f 3420/3446/5108 3421/3447/5109 3051/2993/5110 3050/2992/5111
s 308
f 3421/3447/5112 3422/3448/5113 3052/2994/5114 3051/2993/5115
s 309
f 3422/3448/5116 3423/3449/5117 3053/2995/5118 3052/2994/5119
s 310
f 3423/3449/5120 3424/3450/5121 3054/2996/5122 3053/2995/5123
s 311
f 3424/3450/5124 3425/3451/5125 3055/2997/5126 3054/2996/5127
s 312
f 3425/3451/5128 3426/3452/5129 3056/2998/5130 3055/2997/5131
s 313
f 3426/3452/5132 3427/3453/5133 3057/2999/5134 3056/2998/5135
s 314
f 3427/3453/5136 3428/3454/5137 3058/3000/5138 3057/2999/5139
s 315
f 3428/3454/5140 3429/3455/5141 3059/3001/5142 3058/3000/5143
s 316
f 3429/3455/5144 3430/3456/5145 3060/3002/5146 3059/3001/5147
s 317
f 3430/3456/5148 3431/3457/5149 3061/3003/5150 3060/3002/5151
s 318
f 3431/3457/5152 3432/3458/5153 3062/3004/5154 3061/3003/5155
s 319
f 3432/3458/5156 3433/3459/5157 3063/3005/5158 3062/3004/5159
s 320
f 3433/3459/5160 3434/3460/5161 3064/3006/5162 3063/3005/5163
s 321
f 3434/3460/5164 3435/3461/5165 3065/3007/5166 3064/3006/5167
s 322
f 3435/3461/5168 3436/3462/5169 3066/3008/5170 3065/3007/5171
s 323
f 3436/3462/5172 3437/3463/5173 3067/3009/5174 3066/3008/5175
s 324
f 3437/3463/5176 3418/3444/5177 3047/2989/5178 3067/3009/5179
s 290
f 2806/2929/5180 2807/2928/5181 3069/3464/5182 3068/3465/5183
f 2807/2928/5181 2808/2931/5184 3070/3466/5185 3069/3464/5182
f 2808/2931/5184 2809/2933/5186 3071/3467/5187 3070/3466/5185
f 2809/2933/5186 2810/2935/5188 3072/3468/5189 3071/3467/5187
f 2810/2939/5188 2811/2938/5190 3073/3469/5191 3072/3470/5189
f 2811/2938/5190 2812/2941/5192 3074/3471/5193 3073/3469/5191
f 2812/2941/5192 2813/2943/5194 3075/3472/5195 3074/3471/5193
f 2813/2943/5194 2814/2945/5196 3076/3473/5197 3075/3472/5195
f 2814/2945/5196 2815/2947/5198 3077/3474/5199 3076/3473/5197
f 2815/2947/5198 2816/2949/5200 3078/3475/5201 3077/3474/5199
f 2816/2949/5200 2817/2951/5202 3079/3476/5203 3078/3475/5201
f 2817/2951/5202 2818/2953/5204 3080/3477/5205 3079/3476/5203
f 2818/2953/5204 2819/2955/5206 3081/3478/5207 3080/3477/5205
f 2819/2955/5206 2820/2957/5208 3082/3479/5209 3081/3478/5207
f 2820/2957/5208 2821/2959/5210 3083/3480/5211 3082/3479/5209
f 2821/2959/5210 2822/2961/5212 3084/3481/5213 3083/3480/5211
f 2822/2961/5212 2823/2963/5214 3085/3482/5215 3084/3481/5213
f 2823/2963/5214 2824/2965/5216 3086/3483/5217 3085/3482/5215
f 2824/2965/5216 2825/2967/5218 3087/3484/5219 3086/3483/5217
f 2825/2967/5218 2806/2929/5180 3068/3465/5183 3087/3484/5219
s 287
f 3458/3485/5220 3459/3486/5221 3089/2927/4599 3088/2926/4598
f 3459/3486/5221 3460/3487/5222 3090/2930/4602 3089/2927/4599
f 3460/3487/5222 3461/3488/5223 3091/2932/4604 3090/2930/4602
f 3461/3488/5223 3462/3489/5224 3092/2934/4606 3091/2932/4604
f 3462/3490/5224 3463/3491/5225 3093/2937/4608 3092/2936/4606
f 3463/3491/5225 3464/3492/5226 3094/2940/4610 3093/2937/4608
f 3464/3492/5226 3465/3493/5227 3095/2942/4612 3094/2940/4610
f 3465/3493/5227 3466/3494/5228 3096/2944/4614 3095/2942/4612
f 3466/3494/5228 3467/3495/5229 3097/2946/4616 3096/2944/4614
f 3467/3495/5229 3468/3496/5230 3098/2948/4618 3097/2946/4616
f 3468/3496/5230 3469/3497/5231 3099/2950/4620 3098/2948/4618
f 3469/3497/5231 3470/3498/5232 3100/2952/4622 3099/2950/4620
f 3470/3498/5232 3471/3499/5233 3101/2954/4624 3100/2952/4622
f 3471/3499/5233 3472/3500/5234 3102/2956/4626 3101/2954/4624
f 3472/3500/5234 3473/3501/5235 3103/2958/4628 3102/2956/4626
f 3473/3501/5235 3474/3502/5236 3104/2960/4630 3103/2958/4628
f 3474/3502/5236 3475/3503/5237 3105/2962/4632 3104/2960/4630
f 3475/3503/5237 3476/3504/5238 3106/2964/4634 3105/2962/4632
f 3476/3504/5238 3477/3505/5239 3107/2966/4636 3106/2964/4634
f 3477/3505/5239 3458/3485/5220 3088/2926/4598 3107/2966/4636
s 290
f 3109/3051/4719 3108/3013/4683 2827/3506/5240 2846/3507/5241
f 3110/3049/4717 3109/3051/4719 2846/3507/5241 2845/3508/5242
f 3111/3047/4715 3110/3049/4717 2845/3508/5242 2844/3509/5243
f 3112/3045/4713 3111/3047/4715 2844/3509/5243 2843/3510/5244
f 3113/3043/4711 3112/3045/4713 2843/3510/5244 2842/3511/5245
f 3114/3041/4709 3113/3043/4711 2842/3511/5245 2841/3512/5246
f 3115/3039/4707 3114/3041/4709 2841/3512/5246 2840/3513/5247
f 3116/3037/4705 3115/3039/4707 2840/3513/5247 2839/3514/5248
f 3117/3035/4703 3116/3037/4705 2839/3514/5248 2838/3515/5249
f 3118/3033/4701 3117/3035/4703 2838/3515/5249 2837/3516/5250
f 3119/3031/4699 3118/3033/4701 2837/3516/5250 2836/3517/5251
f 3120/3029/4697 3119/3031/4699 2836/3517/5251 2835/3518/5252
f 3121/3027/4695 3120/3029/4697 2835/3518/5252 2834/3519/5253
f 3122/3025/4693 3121/3027/4695 2834/3519/5253 2833/3520/5254
f 3123/3022/4691 3122/3025/4693 2833/3520/5254 2832/3521/5255
f 3124/3023/4689 3123/3022/4691 2832/3521/5255 2831/3522/5256
f 3125/3017/4687 3124/3019/4689 2831/3523/5256 2830/3524/5257
f 3126/3015/4685 3125/3017/4687 2830/3524/5257 2829/3525/5258
f 3127/3012/4682 3126/3015/4685 2829/3525/5258 2828/3526/5259
f 3108/3013/4683 3127/3012/4682 2828/3526/5259 2827/3506/5240
f 3068/3465/5183 3069/3464/5182 3129/3011/4681 3128/3010/4680
f 3069/3464/5182 3070/3466/5185 3130/3014/4684 3129/3011/4681
f 3070/3466/5185 3071/3467/5187 3131/3016/4686 3130/3014/4684
f 3071/3467/5187 3072/3468/5189 3132/3018/4688 3131/3016/4686
f 3072/3470/5189 3073/3469/5191 3133/3021/4690 3132/3020/4688
f 3073/3469/5191 3074/3471/5193 3134/3024/4692 3133/3021/4690
f 3074/3471/5193 3075/3472/5195 3135/3026/4694 3134/3024/4692
f 3075/3472/5195 3076/3473/5197 3136/3028/4696 3135/3026/4694
f 3076/3473/5197 3077/3474/5199 3137/3030/4698 3136/3028/4696
f 3077/3474/5199 3078/3475/5201 3138/3032/4700 3137/3030/4698
f 3078/3475/5201 3079/3476/5203 3139/3034/4702 3138/3032/4700
f 3079/3476/5203 3080/3477/5205 3140/3036/4704 3139/3034/4702
f 3080/3477/5205 3081/3478/5207 3141/3038/4706 3140/3036/4704
f 3081/3478/5207 3082/3479/5209 3142/3040/4708 3141/3038/4706
f 3082/3479/5209 3083/3480/5211 3143/3042/4710 3142/3040/4708
f 3083/3480/5211 3084/3481/5213 3144/3044/4712 3143/3042/4710
f 3084/3481/5213 3085/3482/5215 3145/3046/4714 3144/3044/4712
f 3085/3482/5215 3086/3483/5217 3146/3048/4716 3145/3046/4714
f 3086/3483/5217 3087/3484/5219 3147/3050/4718 3146/3048/4716
f 3087/3484/5219 3068/3465/5183 3128/3010/4680 3147/3050/4718
s 291
f 2827/3506/5260 2828/3526/5261 3149/3053/4721 3148/3052/4720
f 2828/3526/5261 2829/3525/5262 3150/3056/4724 3149/3053/4721
f 2829/3525/5262 2830/3524/5263 3151/3058/4726 3150/3056/4724
f 2830/3524/5263 2831/3523/5264 3152/3060/4728 3151/3058/4726
f 2831/3522/5264 2832/3521/5265 3153/3063/4730 3152/3062/4728
f 2832/3521/5265 2833/3520/5266 3154/3066/4732 3153/3063/4730
f 2833/3520/5266 2834/3519/5267 3155/3068/4734 3154/3066/4732
f 2834/3519/5267 2835/3518/5268 3156/3070/4736 3155/3068/4734
f 2835/3518/5268 2836/3517/5269 3157/3072/4738 3156/3070/4736
f 2836/3517/5269 2837/3516/5270 3158/3074/4740 3157/3072/4738
f 2837/3516/5270 2838/3515/5271 3159/3076/4742 3158/3074/4740
f 2838/3515/5271 2839/3514/5272 3160/3078/4744 3159/3076/4742
f 2839/3514/5272 2840/3513/5273 3161/3080/4746 3160/3078/4744
f 2840/3513/5273 2841/3512/5274 3162/3082/4748 3161/3080/4746
f 2841/3512/5274 2842/3511/5275 3163/3084/4750 3162/3082/4748
f 2842/3511/5275 2843/3510/5276 3164/3086/4752 3163/3084/4750
f 2843/3510/5276 2844/3509/5277 3165/3088/4754 3164/3086/4752
f 2844/3509/5277 2845/3508/5278 3166/3090/4756 3165/3088/4754
f 2845/3508/5278 2846/3507/5279 3167/3092/4758 3166/3090/4756
f 2846/3507/5279 2827/3506/5260 3148/3052/4720 3167/3092/4758
s 293
f 2867/3097/5280 2868/3096/5281 3169/3137/4801 3168/3136/4800
f 2868/3096/5281 2869/3099/5282 3170/3140/4804 3169/3137/4801
f 2869/3099/5282 2870/3101/5283 3171/3142/4806 3170/3140/4804
f 2870/3101/5283 2871/3103/5284 3172/3144/4808 3171/3142/4806
f 2871/3107/5284 2872/3106/5285 3173/3147/4810 3172/3146/4808
f 2872/3106/5285 2873/3109/5286 3174/3150/4812 3173/3147/4810
f 2873/3109/5286 2874/3111/5287 3175/3152/4814 3174/3150/4812
f 2874/3111/5287 2875/3113/5288 3176/3154/4816 3175/3152/4814
f 2875/3113/5288 2876/3115/5289 3177/3156/4818 3176/3154/4816
f 2876/3115/5289 2877/3117/5290 3178/3158/4820 3177/3156/4818
f 2877/3117/5290 2878/3119/5291 3179/3160/4822 3178/3158/4820
f 2878/3119/5291 2879/3121/5292 3180/3162/4824 3179/3160/4822
f 2879/3121/5292 2880/3123/5293 3181/3164/4826 3180/3162/4824
f 2880/3123/5293 2881/3125/5294 3182/3166/4828 3181/3164/4826
f 2881/3125/5294 2882/3127/5295 3183/3168/4830 3182/3166/4828
f 2882/3127/5295 2883/3129/5296 3184/3170/4832 3183/3168/4830
f 2883/3129/5296 2884/3131/5297 3185/3172/4834 3184/3170/4832
f 2884/3131/5297 2885/3133/5298 3186/3174/4836 3185/3172/4834
f 2885/3133/5298 2886/3135/5299 3187/3176/4838 3186/3174/4836
f 2886/3135/5299 2867/3097/5280 3168/3136/4800 3187/3176/4838
s 292
f 2847/3055/5300 2848/3054/5301 3189/3095/4761 3188/3094/4760
f 2848/3054/5301 2849/3057/5302 3190/3098/4764 3189/3095/4761
f 2849/3057/5302 2850/3059/5303 3191/3100/4766 3190/3098/4764
f 2850/3059/5303 2851/3061/5304 3192/3102/4768 3191/3100/4766
f 2851/3065/5304 2852/3064/5305 3193/3105/4770 3192/3104/4768
f 2852/3064/5305 2853/3067/5306 3194/3108/4772 3193/3105/4770
f 2853/3067/5306 2854/3069/5307 3195/3110/4774 3194/3108/4772
f 2854/3069/5307 2855/3071/5308 3196/3112/4776 3195/3110/4774
f 2855/3071/5308 2856/3073/5309 3197/3114/4778 3196/3112/4776
f 2856/3073/5309 2857/3075/5310 3198/3116/4780 3197/3114/4778
f 2857/3075/5310 2858/3077/5311 3199/3118/4782 3198/3116/4780
f 2858/3077/5311 2859/3079/5312 3200/3120/4784 3199/3118/4782
f 2859/3079/5312 2860/3081/5313 3201/3122/4786 3200/3120/4784
f 2860/3081/5313 2861/3083/5314 3202/3124/4788 3201/3122/4786
f 2861/3083/5314 2862/3085/5315 3203/3126/4790 3202/3124/4788
f 2862/3085/5315 2863/3087/5316 3204/3128/4792 3203/3126/4790
f 2863/3087/5316 2864/3089/5317 3205/3130/4794 3204/3128/4792
f 2864/3089/5317 2865/3091/5318 3206/3132/4796 3205/3130/4794
f 2865/3091/5318 2866/3093/5319 3207/3134/4798 3206/3132/4796
f 2866/3093/5319 2847/3055/5300 3188/3094/4760 3207/3134/4798
s 293
f 3209/3177/4839 3208/3139/4803 2887/3527/5320 2906/3528/5321
f 3210/3175/4837 3209/3177/4839 2906/3528/5321 2905/3529/5322
f 3211/3173/4835 3210/3175/4837 2905/3529/5322 2904/3530/5323
f 3212/3171/4833 3211/3173/4835 2904/3530/5323 2903/3531/5324
f 3213/3169/4831 3212/3171/4833 2903/3531/5324 2902/3532/5325
f 3214/3167/4829 3213/3169/4831 2902/3532/5325 2901/3533/5326
f 3215/3165/4827 3214/3167/4829 2901/3533/5326 2900/3534/5327
f 3216/3163/4825 3215/3165/4827 2900/3534/5327 2899/3535/5328
f 3217/3161/4823 3216/3163/4825 2899/3535/5328 2898/3536/5329
f 3218/3159/4821 3217/3161/4823 2898/3536/5329 2897/3537/5330
f 3219/3157/4819 3218/3159/4821 2897/3537/5330 2896/3538/5331
f 3220/3155/4817 3219/3157/4819 2896/3538/5331 2895/3539/5332
f 3221/3153/4815 3220/3155/4817 2895/3539/5332 2894/3540/5333
f 3222/3151/4813 3221/3153/4815 2894/3540/5333 2893/3541/5334
f 3223/3148/4811 3222/3151/4813 2893/3541/5334 2892/3542/5335
f 3224/3149/4809 3223/3148/4811 2892/3542/5335 2891/3543/5336
f 3225/3143/4807 3224/3145/4809 2891/3544/5336 2890/3545/5337
f 3226/3141/4805 3225/3143/4807 2890/3545/5337 2889/3546/5338
f 3227/3138/4802 3226/3141/4805 2889/3546/5338 2888/3547/5339
f 3208/3139/4803 3227/3138/4802 2888/3547/5339 2887/3527/5320
s 294
f 3248/3548/5340 3249/3549/5341 3229/3179/4841 3228/3178/4840
f 3249/3549/5341 3250/3550/5342 3230/3182/4844 3229/3179/4841
f 3250/3550/5342 3251/3551/5343 3231/3184/4846 3230/3182/4844
f 3251/3551/5343 3252/3552/5344 3232/3186/4848 3231/3184/4846
f 3252/3552/5344 3253/3553/5345 3233/3188/4850 3232/3186/4848
f 3253/3553/5345 3254/3554/5346 3234/3190/4852 3233/3188/4850
f 3254/3554/5346 3255/3555/5347 3235/3192/4854 3234/3190/4852
f 3255/3555/5347 3256/3556/5348 3236/3194/4856 3235/3192/4854
f 3256/3556/5348 3257/3557/5349 3237/3196/4858 3236/3194/4856
f 3257/3557/5349 3258/3558/5350 3238/3198/4860 3237/3196/4858
f 3258/3558/5350 3259/3559/5351 3239/3200/4862 3238/3198/4860
f 3259/3559/5351 3260/3560/5352 3240/3202/4864 3239/3200/4862
f 3260/3560/5352 3261/3561/5353 3241/3204/4866 3240/3202/4864
f 3261/3561/5353 3262/3562/5354 3242/3206/4868 3241/3204/4866
f 3262/3562/5354 3263/3563/5355 3243/3208/4870 3242/3206/4868
f 3263/3563/5355 3264/3564/5356 3244/3210/4872 3243/3208/4870
f 3264/3564/5356 3265/3565/5357 3245/3212/4874 3244/3210/4872
f 3265/3565/5357 3266/3566/5358 3246/3214/4876 3245/3212/4874
f 3266/3566/5358 3267/3567/5359 3247/3216/4878 3246/3214/4876
f 3267/3567/5359 3248/3548/5340 3228/3178/4840 3247/3216/4878
f 2887/3568/5360 2888/3569/5361 3249/3549/5341 3248/3548/5340
f 2888/3569/5361 2889/3570/5362 3250/3550/5342 3249/3549/5341
f 2889/3570/5362 2890/3571/5363 3251/3551/5343 3250/3550/5342
f 2890/3571/5363 2891/3572/5364 3252/3552/5344 3251/3551/5343
f 2891/3572/5364 2892/3573/5365 3253/3553/5345 3252/3552/5344
f 2892/3573/5365 2893/3574/5366 3254/3554/5346 3253/3553/5345
f 2893/3574/5366 2894/3575/5367 3255/3555/5347 3254/3554/5346
f 2894/3575/5367 2895/3576/5368 3256/3556/5348 3255/3555/5347
f 2895/3576/5368 2896/3577/5369 3257/3557/5349 3256/3556/5348
f 2896/3577/5369 2897/3578/5370 3258/3558/5350 3257/3557/5349
f 2897/3578/5370 2898/3579/5371 3259/3559/5351 3258/3558/5350
f 2898/3579/5371 2899/3580/5372 3260/3560/5352 3259/3559/5351
f 2899/3580/5372 2900/3581/5373 3261/3561/5353 3260/3560/5352
f 2900/3581/5373 2901/3582/5374 3262/3562/5354 3261/3561/5353
f 2901/3582/5374 2902/3583/5375 3263/3563/5355 3262/3562/5354
f 2902/3583/5375 2903/3584/5376 3264/3564/5356 3263/3563/5355
f 2903/3584/5376 2904/3585/5377 3265/3565/5357 3264/3564/5356
f 2904/3585/5377 2905/3586/5378 3266/3566/5358 3265/3565/5357
f 2905/3586/5378 2906/3587/5379 3267/3567/5359 3266/3566/5358
f 2906/3587/5379 2887/3568/5360 3248/3548/5340 3267/3567/5359
s 295
f 2907/3588/5380 2908/3589/5381 3269/3219/4881 3268/3218/4880
f 2908/3589/5381 2909/3590/5382 3270/3222/4884 3269/3219/4881
f 2909/3590/5382 2910/3591/5383 3271/3224/4886 3270/3222/4884
f 2910/3591/5383 2911/3592/5384 3272/3226/4888 3271/3224/4886
f 2911/3593/5384 2912/3594/5385 3273/3229/4890 3272/3228/4888
f 2912/3594/5385 2913/3595/5386 3274/3232/4892 3273/3229/4890
f 2913/3595/5386 2914/3596/5387 3275/3234/4894 3274/3232/4892
f 2914/3596/5387 2915/3597/5388 3276/3236/4896 3275/3234/4894
f 2915/3597/5388 2916/3598/5389 3277/3238/4898 3276/3236/4896
f 2916/3598/5389 2917/3599/5390 3278/3240/4900 3277/3238/4898
f 2917/3599/5390 2918/3600/5391 3279/3242/4902 3278/3240/4900
f 2918/3600/5391 2919/3601/5392 3280/3244/4904 3279/3242/4902
f 2919/3601/5392 2920/3602/5393 3281/3246/4906 3280/3244/4904
f 2920/3602/5393 2921/3603/5394 3282/3248/4908 3281/3246/4906
f 2921/3603/5394 2922/3604/5395 3283/3250/4910 3282/3248/4908
f 2922/3604/5395 2923/3605/5396 3284/3252/4912 3283/3250/4910
f 2923/3605/5396 2924/3606/5397 3285/3254/4914 3284/3252/4912
f 2924/3606/5397 2925/3607/5398 3286/3256/4916 3285/3254/4914
f 2925/3607/5398 2926/3608/5399 3287/3258/4918 3286/3256/4916
f 2926/3608/5399 2907/3588/5380 3268/3218/4880 3287/3258/4918
s 298
f 2967/3305/5400 2968/3304/5401 3289/3609/5402 3288/3610/5403
f 2968/3304/5401 2969/3307/5404 3290/3611/5405 3289/3609/5402
f 2969/3307/5404 2970/3309/5406 3291/3612/5407 3290/3611/5405
f 2970/3309/5406 2971/3311/5408 3292/3613/5409 3291/3612/5407
f 2971/3315/5408 2972/3314/5410 3293/3614/5411 3292/3615/5409
f 2972/3314/5410 2973/3317/5412 3294/3616/5413 3293/3614/5411
f 2973/3317/5412 2974/3319/5414 3295/3617/5415 3294/3616/5413
f 2974/3319/5414 2975/3321/5416 3296/3618/5417 3295/3617/5415
f 2975/3321/5416 2976/3323/5418 3297/3619/5419 3296/3618/5417
f 2976/3323/5418 2977/3325/5420 3298/3620/5421 3297/3619/5419
f 2977/3325/5420 2978/3327/5422 3299/3621/5423 3298/3620/5421
f 2978/3327/5422 2979/3329/5424 3300/3622/5425 3299/3621/5423
f 2979/3329/5424 2980/3331/5426 3301/3623/5427 3300/3622/5425
f 2980/3331/5426 2981/3333/5428 3302/3624/5429 3301/3623/5427
f 2981/3333/5428 2982/3335/5430 3303/3625/5431 3302/3624/5429
f 2982/3335/5430 2983/3337/5432 3304/3626/5433 3303/3625/5431
f 2983/3337/5432 2984/3339/5434 3305/3627/5435 3304/3626/5433
f 2984/3339/5434 2985/3341/5436 3306/3628/5437 3305/3627/5435
f 2985/3341/5436 2986/3343/5438 3307/3629/5439 3306/3628/5437
f 2986/3343/5438 2967/3305/5400 3288/3610/5403 3307/3629/5439
s 296
f 2927/3221/5440 2928/3220/5441 3309/3261/4921 3308/3260/4920
f 2928/3220/5441 2929/3223/5442 3310/3264/4924 3309/3261/4921
f 2929/3223/5442 2930/3225/5443 3311/3266/4926 3310/3264/4924
f 2930/3225/5443 2931/3227/5444 3312/3268/4928 3311/3266/4926
f 2931/3231/5444 2932/3230/5445 3313/3271/4930 3312/3270/4928
f 2932/3230/5445 2933/3233/5446 3314/3274/4932 3313/3271/4930
f 2933/3233/5446 2934/3235/5447 3315/3276/4934 3314/3274/4932
f 2934/3235/5447 2935/3237/5448 3316/3278/4936 3315/3276/4934
f 2935/3237/5448 2936/3239/5449 3317/3280/4938 3316/3278/4936
f 2936/3239/5449 2937/3241/5450 3318/3282/4940 3317/3280/4938
f 2937/3241/5450 2938/3243/5451 3319/3284/4942 3318/3282/4940
f 2938/3243/5451 2939/3245/5452 3320/3286/4944 3319/3284/4942
f 2939/3245/5452 2940/3247/5453 3321/3288/4946 3320/3286/4944
f 2940/3247/5453 2941/3249/5454 3322/3290/4948 3321/3288/4946
f 2941/3249/5454 2942/3251/5455 3323/3292/4950 3322/3290/4948
f 2942/3251/5455 2943/3253/5456 3324/3294/4952 3323/3292/4950
f 2943/3253/5456 2944/3255/5457 3325/3296/4954 3324/3294/4952
f 2944/3255/5457 2945/3257/5458 3326/3298/4956 3325/3296/4954
f 2945/3257/5458 2946/3259/5459 3327/3300/4958 3326/3298/4956
f 2946/3259/5459 2927/3221/5440 3308/3260/4920 3327/3300/4958
s 297
f 2947/3263/5460 2948/3262/5461 3329/3303/4961 3328/3302/4960
f 2948/3262/5461 2949/3265/5462 3330/3306/4964 3329/3303/4961
f 2949/3265/5462 2950/3267/5463 3331/3308/4966 3330/3306/4964
f 2950/3267/5463 2951/3269/5464 3332/3310/4968 3331/3308/4966
f 2951/3273/5464 2952/3272/5465 3333/3313/4970 3332/3312/4968
f 2952/3272/5465 2953/3275/5466 3334/3316/4972 3333/3313/4970
f 2953/3275/5466 2954/3277/5467 3335/3318/4974 3334/3316/4972
f 2954/3277/5467 2955/3279/5468 3336/3320/4976 3335/3318/4974
f 2955/3279/5468 2956/3281/5469 3337/3322/4978 3336/3320/4976
f 2956/3281/5469 2957/3283/5470 3338/3324/4980 3337/3322/4978
f 2957/3283/5470 2958/3285/5471 3339/3326/4982 3338/3324/4980
f 2958/3285/5471 2959/3287/5472 3340/3328/4984 3339/3326/4982
f 2959/3287/5472 2960/3289/5473 3341/3330/4986 3340/3328/4984
f 2960/3289/5473 2961/3291/5474 3342/3332/4988 3341/3330/4986
f 2961/3291/5474 2962/3293/5475 3343/3334/4990 3342/3332/4988
f 2962/3293/5475 2963/3295/5476 3344/3336/4992 3343/3334/4990
f 2963/3295/5476 2964/3297/5477 3345/3338/4994 3344/3336/4992
f 2964/3297/5477 2965/3299/5478 3346/3340/4996 3345/3338/4994
f 2965/3299/5478 2966/3301/5479 3347/3342/4998 3346/3340/4996
f 2966/3301/5479 2947/3263/5460 3328/3302/4960 3347/3342/4998
s 298
f 3349/3363/5019 3348/3362/5018 2987/3630/5480 3006/3631/5481
f 3350/3632/5482 3349/3363/5019 3006/3631/5481 3005/3633/5483
f 3351/3634/5484 3350/3632/5482 3005/3633/5483 3004/3635/5485
f 3352/3358/5014 3351/3634/5484 3004/3635/5485 3003/3636/5486
f 3353/3359/5015 3352/3358/5014 3003/3636/5486 3002/3637/5487
f 3354/3638/5488 3353/3359/5015 3002/3637/5487 3001/3639/5489
f 3355/3640/5490 3354/3638/5488 3001/3639/5489 3000/3641/5491
f 3356/3354/5010 3355/3640/5490 3000/3641/5491 2999/3642/5492
f 3357/3355/5011 3356/3354/5010 2999/3642/5492 2998/3643/5493
f 3358/3644/5494 3357/3355/5011 2998/3643/5493 2997/3645/5495
f 3359/3646/5496 3358/3644/5494 2997/3645/5495 2996/3647/5497
f 3360/3350/5006 3359/3646/5496 2996/3647/5497 2995/3648/5498
f 3361/3351/5007 3360/3350/5006 2995/3648/5498 2994/3649/5499
f 3362/3650/5500 3361/3351/5007 2994/3649/5499 2993/3651/5501
f 3363/3652/5502 3362/3650/5500 2993/3651/5501 2992/3653/5503
f 3364/3654/5002 3363/3652/5502 2992/3653/5503 2991/3655/5504
f 3365/3347/5003 3364/3346/5002 2991/3656/5504 2990/3657/5505
f 3366/3658/5506 3365/3347/5003 2990/3657/5505 2989/3659/5507
f 3367/3660/5508 3366/3658/5506 2989/3659/5507 2988/3661/5509
f 3348/3362/5018 3367/3660/5508 2988/3661/5509 2987/3630/5480
f 3288/3610/5403 3289/3609/5402 3491/3662/5510 3492/3663/5511
f 3289/3609/5402 3290/3611/5405 3490/3664/5512 3491/3662/5510
f 3290/3611/5405 3291/3612/5407 3489/3665/5513 3490/3664/5512
f 3291/3612/5407 3292/3613/5409 3488/3666/5514 3489/3665/5513
f 3292/3615/5409 3293/3614/5411 3487/3667/5515 3488/3668/5514
f 3293/3614/5411 3294/3616/5413 3486/3669/5516 3487/3667/5515
f 3294/3616/5413 3295/3617/5415 3485/3670/5517 3486/3669/5516
f 3295/3617/5415 3296/3618/5417 3484/3671/5518 3485/3670/5517
f 3296/3618/5417 3297/3619/5419 3483/3672/5519 3484/3671/5518
f 3297/3619/5419 3298/3620/5421 3482/3673/5520 3483/3672/5519
f 3298/3620/5421 3299/3621/5423 3481/3674/5521 3482/3673/5520
f 3299/3621/5423 3300/3622/5425 3480/3675/5522 3481/3674/5521
f 3300/3622/5425 3301/3623/5427 3479/3676/5523 3480/3675/5522
f 3301/3623/5427 3302/3624/5429 3478/3677/5524 3479/3676/5523
f 3302/3624/5429 3303/3625/5431 3497/3678/5525 3478/3677/5524
f 3303/3625/5431 3304/3626/5433 3496/3679/5526 3497/3678/5525
f 3304/3626/5433 3305/3627/5435 3495/3680/5527 3496/3679/5526
f 3305/3627/5435 3306/3628/5437 3494/3681/5528 3495/3680/5527
f 3306/3628/5437 3307/3629/5439 3493/3682/5529 3494/3681/5528
f 3307/3629/5439 3288/3610/5403 3492/3663/5511 3493/3682/5529
s 303
f 2987/3683/5530 2988/3684/5531 3379/3365/5021 3378/3364/5020
f 2988/3684/5531 2989/3685/5532 3380/3368/5024 3379/3365/5021
f 2989/3685/5532 2990/3686/5533 3381/3370/5026 3380/3368/5024
f 2990/3686/5533 2991/3687/5534 3382/3372/5028 3381/3370/5026
f 2991/3687/5534 2992/3688/5535 3383/3374/5030 3382/3372/5028
f 2992/3688/5535 2993/3689/5536 3384/3376/5032 3383/3374/5030
f 2993/3689/5536 2994/3690/5537 3385/3378/5034 3384/3376/5032
f 2994/3690/5537 2995/3691/5538 3386/3380/5036 3385/3378/5034
f 2995/3691/5538 2996/3692/5539 3387/3382/5038 3386/3380/5036
f 2996/3692/5539 2997/3693/5540 3388/3384/5040 3387/3382/5038
f 2997/3693/5540 2998/3694/5541 3389/3386/5042 3388/3384/5040
f 2998/3694/5541 2999/3695/5542 3390/3388/5044 3389/3386/5042
f 2999/3695/5542 3000/3696/5543 3391/3390/5046 3390/3388/5044
f 3000/3696/5543 3001/3697/5544 3392/3392/5048 3391/3390/5046
f 3001/3697/5544 3002/3698/5545 3393/3394/5050 3392/3392/5048
f 3002/3698/5545 3003/3699/5546 3394/3396/5052 3393/3394/5050
f 3003/3699/5546 3004/3700/5547 3395/3398/5054 3394/3396/5052
f 3004/3700/5547 3005/3701/5548 3396/3400/5056 3395/3398/5054
f 3005/3701/5548 3006/3702/5549 3397/3402/5058 3396/3400/5056
f 3006/3702/5549 2987/3683/5530 3378/3364/5020 3397/3402/5058
s 304
f 3007/3367/5550 3008/3366/5551 3399/3405/5061 3398/3404/5060
f 3008/3366/5551 3009/3369/5552 3400/3408/5064 3399/3405/5061
f 3009/3369/5552 3010/3371/5553 3401/3410/5066 3400/3408/5064
f 3010/3371/5553 3011/3373/5554 3402/3412/5068 3401/3410/5066
f 3011/3373/5554 3012/3375/5555 3403/3414/5070 3402/3412/5068
f 3012/3375/5555 3013/3377/5556 3404/3416/5072 3403/3414/5070
f 3013/3377/5556 3014/3379/5557 3405/3418/5074 3404/3416/5072
f 3014/3379/5557 3015/3381/5558 3406/3420/5076 3405/3418/5074
f 3015/3381/5558 3016/3383/5559 3407/3422/5078 3406/3420/5076
f 3016/3383/5559 3017/3385/5560 3408/3424/5080 3407/3422/5078
f 3017/3385/5560 3018/3387/5561 3409/3426/5082 3408/3424/5080
f 3018/3387/5561 3019/3389/5562 3410/3428/5084 3409/3426/5082
f 3019/3389/5562 3020/3391/5563 3411/3430/5086 3410/3428/5084
f 3020/3391/5563 3021/3393/5564 3412/3432/5088 3411/3430/5086
f 3021/3393/5564 3022/3395/5565 3413/3434/5090 3412/3432/5088
f 3022/3395/5565 3023/3397/5566 3414/3436/5092 3413/3434/5090
f 3023/3397/5566 3024/3399/5567 3415/3438/5094 3414/3436/5092
f 3024/3399/5567 3025/3401/5568 3416/3440/5096 3415/3438/5094
f 3025/3401/5568 3026/3403/5569 3417/3442/5098 3416/3440/5096
f 3026/3403/5569 3007/3367/5550 3398/3404/5060 3417/3442/5098
s 305
f 3438/3703/5570 3439/3704/5571 3419/3445/5101 3418/3444/5100
s 306
f 3439/3704/5572 3440/3705/5573 3420/3446/5105 3419/3445/5104
s 307
f 3440/3705/5574 3441/3706/5575 3421/3447/5109 3420/3446/5108
s 308
f 3441/3706/5576 3442/3707/5577 3422/3448/5113 3421/3447/5112
s 309
f 3442/3707/5578 3443/3708/5579 3423/3449/5117 3422/3448/5116
s 310
f 3443/3708/5580 3444/3709/5581 3424/3450/5121 3423/3449/5120
s 311
f 3444/3709/5582 3445/3710/5583 3425/3451/5125 3424/3450/5124
s 312
f 3445/3710/5584 3446/3711/5585 3426/3452/5129 3425/3451/5128
s 313
f 3446/3711/5586 3447/3712/5587 3427/3453/5133 3426/3452/5132
s 314
f 3447/3712/5588 3448/3713/5589 3428/3454/5137 3427/3453/5136
s 315
f 3448/3713/5590 3449/3714/5591 3429/3455/5141 3428/3454/5140
s 316
f 3449/3714/5592 3450/3715/5593 3430/3456/5145 3429/3455/5144
s 317
f 3450/3715/5594 3451/3716/5595 3431/3457/5149 3430/3456/5148
s 318
f 3451/3716/5596 3452/3717/5597 3432/3458/5153 3431/3457/5152
s 319
f 3452/3717/5598 3453/3718/5599 3433/3459/5157 3432/3458/5156
s 320
f 3453/3718/5600 3454/3719/5601 3434/3460/5161 3433/3459/5160
s 321
f 3454/3719/5602 3455/3720/5603 3435/3461/5165 3434/3460/5164
s 322
f 3455/3720/5604 3456/3721/5605 3436/3462/5169 3435/3461/5168
s 323
f 3456/3721/5606 3457/3722/5607 3437/3463/5173 3436/3462/5172
s 324
f 3457/3722/5608 3438/3703/5609 3418/3444/5177 3437/3463/5176
s 305
f 3027/3723/5610 3028/3724/5611 3439/3704/5571 3438/3703/5570
s 306
f 3028/3724/5612 3029/3725/5613 3440/3705/5573 3439/3704/5572
s 307
f 3029/3725/5614 3030/3726/5615 3441/3706/5575 3440/3705/5574
s 308
f 3030/3726/5616 3031/3727/5617 3442/3707/5577 3441/3706/5576
s 309
f 3031/3727/5618 3032/3728/5619 3443/3708/5579 3442/3707/5578
s 310
f 3032/3728/5620 3033/3729/5621 3444/3709/5581 3443/3708/5580
s 311
f 3033/3729/5622 3034/3730/5623 3445/3710/5583 3444/3709/5582
s 312
f 3034/3730/5624 3035/3731/5625 3446/3711/5585 3445/3710/5584
s 313
f 3035/3731/5626 3036/3732/5627 3447/3712/5587 3446/3711/5586
s 314
f 3036/3732/5628 3037/3733/5629 3448/3713/5589 3447/3712/5588
s 315
f 3037/3733/5630 3038/3734/5631 3449/3714/5591 3448/3713/5590
s 316
f 3038/3734/5632 3039/3735/5633 3450/3715/5593 3449/3714/5592
s 317
f 3039/3735/5634 3040/3736/5635 3451/3716/5595 3450/3715/5594
s 318
f 3040/3736/5636 3041/3737/5637 3452/3717/5597 3451/3716/5596
s 319
f 3041/3737/5638 3042/3738/5639 3453/3718/5599 3452/3717/5598
s 320
f 3042/3738/5640 3043/3739/5641 3454/3719/5601 3453/3718/5600
s 321
f 3043/3739/5642 3044/3740/5643 3455/3720/5603 3454/3719/5602
s 322
f 3044/3740/5644 3045/3741/5645 3456/3721/5605 3455/3720/5604
s 323
f 3045/3741/5646 3046/3742/5647 3457/3722/5607 3456/3721/5606
s 324
f 3046/3742/5648 3027/3723/5649 3438/3703/5609 3457/3722/5608
s 287
f 2786/2969/5650 2787/2968/5651 3459/3743/5221 3458/3744/5220
f 2787/2968/5651 2788/2971/5652 3460/3745/5222 3459/3743/5221
f 2788/2971/5652 2789/2972/5653 3461/3746/5223 3460/3745/5222
f 2789/2972/5653 2790/2973/5654 3462/3747/5224 3461/3746/5223
f 2790/2973/5654 2791/2974/5655 3463/3748/5225 3462/3747/5224
f 2791/2974/5655 2792/2975/5656 3464/3749/5226 3463/3748/5225
f 2792/2975/5656 2793/2976/5657 3465/3750/5227 3464/3749/5226
f 2793/2976/5657 2794/2977/5658 3466/3751/5228 3465/3750/5227
f 2794/2977/5658 2795/2978/5659 3467/3752/5229 3466/3751/5228
f 2795/2978/5659 2796/2979/5660 3468/3753/5230 3467/3752/5229
f 2796/2979/5660 2797/2980/5661 3469/3754/5231 3468/3753/5230
f 2797/2980/5661 2798/2981/5662 3470/3755/5232 3469/3754/5231
f 2798/2981/5662 2799/2982/5663 3471/3756/5233 3470/3755/5232
f 2799/2982/5663 2800/2983/5664 3472/3757/5234 3471/3756/5233
f 2800/2983/5664 2801/2984/5665 3473/3758/5235 3472/3757/5234
f 2801/2984/5665 2802/2985/5666 3474/3759/5236 3473/3758/5235
f 2802/2985/5666 2803/2986/5667 3475/3760/5237 3474/3759/5236
f 2803/2986/5667 2804/2987/5668 3476/3761/5238 3475/3760/5237
f 2804/2987/5668 2805/2988/5669 3477/3762/5239 3476/3761/5238
f 2805/2988/5669 2786/2969/5650 3458/3744/5220 3477/3762/5239
s 298
f 3481/3674/5521 3480/3675/5522 3374/3353/5009 3373/3352/5008
f 3485/3670/5517 3484/3671/5518 3372/3349/5005 3371/3348/5004
f 3489/3665/5513 3488/3666/5514 3370/3345/5001 3369/3344/5000
f 3493/3682/5529 3492/3663/5511 3368/3361/5017 3377/3360/5016
f 3497/3678/5525 3496/3679/5526 3376/3357/5013 3375/3356/5012
s off
f 3367/3660/5670 3348/3362/5671 3500/3763/5672 3499/3764/5673
f 3348/3362/5674 3368/3361/5675 3498/3765/5676 3500/3763/5677
f 3366/3658/5678 3367/3660/5679 3499/3764/5680 3501/3766/5681
f 3369/3344/5682 3365/3347/5683 3503/3767/5684 3502/3768/5685
f 3365/3347/5686 3366/3658/5687 3501/3766/5688 3503/3767/5689
f 3490/3664/5690 3489/3665/5691 3504/3769/5692 3505/3770/5693
f 3489/3665/5694 3369/3344/5695 3502/3768/5696 3504/3769/5697
f 3491/3662/5698 3490/3664/5699 3505/3770/5700 3506/3771/5701
f 3492/3663/5702 3491/3662/5703 3506/3771/5704 3507/3772/5705
f 3368/3361/5706 3492/3663/5707 3507/3772/5708 3498/3765/5709
f 3363/3652/5710 3364/3654/5711 3510/3773/5712 3509/3774/5713
f 3364/3654/5714 3370/3775/5715 3508/3776/5716 3510/3773/5717
f 3362/3650/5718 3363/3652/5719 3509/3774/5720 3511/3777/5721
f 3371/3348/5722 3361/3351/5723 3513/3778/5724 3512/3779/5725
f 3361/3351/5726 3362/3650/5727 3511/3777/5728 3513/3778/5729
f 3486/3669/5730 3485/3670/5731 3514/3780/5732 3515/3781/5733
f 3485/3670/5734 3371/3348/5735 3512/3779/5736 3514/3780/5737
f 3487/3667/5738 3486/3669/5739 3515/3781/5740 3516/3782/5741
f 3488/3668/5742 3487/3667/5743 3516/3782/5744 3517/3783/5745
f 3370/3775/5746 3488/3668/5747 3517/3783/5748 3508/3776/5749
f 3359/3646/5750 3360/3350/5751 3520/3784/5752 3519/3785/5753
f 3360/3350/5754 3372/3349/5755 3518/3786/5756 3520/3784/5757
f 3358/3644/5758 3359/3646/5759 3519/3785/5760 3521/3787/5761
f 3373/3352/5762 3357/3355/5763 3523/3788/5764 3522/3789/5765
f 3357/3355/5766 3358/3644/5767 3521/3787/5768 3523/3788/5769
f 3482/3673/5770 3481/3674/5771 3524/3790/5772 3525/3791/5773
f 3481/3674/5774 3373/3352/5775 3522/3789/5776 3524/3790/5777
f 3483/3672/5778 3482/3673/5779 3525/3791/5780 3526/3792/5781
f 3484/3671/5782 3483/3672/5783 3526/3792/5784 3527/3793/5785
f 3372/3349/5786 3484/3671/5787 3527/3793/5788 3518/3786/5789
f 3355/3640/5790 3356/3354/5791 3530/3794/5792 3529/3795/5793
f 3356/3354/5794 3374/3353/5795 3528/3796/5796 3530/3794/5797
f 3354/3638/5798 3355/3640/5799 3529/3795/5800 3531/3797/5801
f 3375/3356/5802 3353/3359/5803 3533/3798/5804 3532/3799/5805
f 3353/3359/5806 3354/3638/5807 3531/3797/5808 3533/3798/5809
f 3479/3676/5810 3478/3677/5811 3534/3800/5812 3535/3801/5813
f 3480/3675/5814 3479/3676/5815 3535/3801/5816 3536/3802/5817
f 3374/3353/5818 3480/3675/5819 3536/3802/5820 3528/3796/5821
f 3478/3677/5822 3497/3678/5823 3537/3803/5824 3534/3800/5825
f 3497/3678/5826 3375/3356/5827 3532/3799/5828 3537/3803/5829
f 3351/3634/5830 3352/3358/5831 3540/3804/5832 3539/3805/5833
f 3352/3358/5834 3376/3357/5835 3538/3806/5836 3540/3804/5837
f 3350/3632/5838 3351/3634/5839 3539/3805/5840 3541/3807/5841
f 3377/3360/5842 3349/3363/5843 3543/3808/5844 3542/3809/5845
f 3349/3363/5846 3350/3632/5847 3541/3807/5848 3543/3808/5849
f 3494/3681/5850 3493/3682/5851 3544/3810/5852 3545/3811/5853
f 3493/3682/5854 3377/3360/5855 3542/3809/5856 3544/3810/5857
f 3495/3680/5858 3494/3681/5859 3545/3811/5860 3546/3812/5861
f 3496/3679/5862 3495/3680/5863 3546/3812/5864 3547/3813/5865
f 3376/3357/5866 3496/3679/5867 3547/3813/5868 3538/3806/5869
s 327
f 3499/3764/5870 3500/3763/5871 3552/3814/5872 3550/3815/5873
f 3550/3815/5873 3552/3814/5872 3553/3816/5874 3551/3817/5875
s 328
f 3500/3763/5876 3498/3765/5877 3548/3818/5878 3552/3814/5879
f 3552/3814/5879 3548/3818/5878 3549/3819/5880 3553/3816/5881
s 327
f 3501/3766/5882 3499/3764/5870 3550/3815/5873 3554/3820/5883
f 3554/3820/5883 3550/3815/5873 3551/3817/5875 3555/3821/5884
s 329
f 3502/3768/5885 3503/3767/5886 3558/3822/5887 3556/3823/5888
f 3556/3823/5888 3558/3822/5887 3559/3824/5889 3557/3825/5890
s 327
f 3503/3767/5891 3501/3766/5882 3554/3820/5883 3558/3822/5892
f 3558/3822/5892 3554/3820/5883 3555/3821/5884 3559/3824/5893
s 330
f 3505/3770/5894 3504/3769/5895 3560/3826/5896 3562/3827/5897
f 3562/3827/5897 3560/3826/5896 3561/3828/5898 3563/3829/5899
s 329
f 3504/3769/5900 3502/3768/5885 3556/3823/5888 3560/3826/5901
f 3560/3826/5901 3556/3823/5888 3557/3825/5890 3561/3828/5902
s 330
f 3506/3771/5903 3505/3770/5894 3562/3827/5897 3564/3830/5904
f 3564/3830/5904 3562/3827/5897 3563/3829/5899 3565/3831/5905
f 3507/3772/5906 3506/3771/5903 3564/3830/5904 3566/3832/5907
f 3566/3832/5907 3564/3830/5904 3565/3831/5905 3567/3833/5908
s 328
f 3498/3765/5877 3507/3772/5909 3566/3832/5910 3548/3818/5878
f 3548/3818/5878 3566/3832/5910 3567/3833/5911 3549/3819/5880
s 331
f 3509/3834/5912 3510/3835/5913 3572/3836/5914 3570/3837/5915
f 3570/3837/5915 3572/3836/5914 3573/3838/5916 3571/3839/5917
s 332
f 3510/3835/5918 3508/3840/5919 3568/3841/5920 3572/3836/5921
f 3572/3836/5921 3568/3841/5920 3569/3842/5922 3573/3838/5923
s 331
f 3511/3777/5924 3509/3774/5912 3570/3843/5915 3574/3844/5925
f 3574/3844/5925 3570/3843/5915 3571/3845/5917 3575/3846/5926
s 333
f 3512/3779/5927 3513/3778/5928 3578/3847/5929 3576/3848/5930
f 3576/3848/5930 3578/3847/5929 3579/3849/5931 3577/3850/5932
s 331
f 3513/3778/5933 3511/3777/5924 3574/3844/5925 3578/3847/5934
f 3578/3847/5934 3574/3844/5925 3575/3846/5926 3579/3849/5935
s 334
f 3515/3781/5936 3514/3780/5937 3580/3851/5938 3582/3852/5939
f 3582/3852/5939 3580/3851/5938 3581/3853/5940 3583/3854/5941
s 333
f 3514/3780/5942 3512/3779/5927 3576/3848/5930 3580/3851/5943
f 3580/3851/5943 3576/3848/5930 3577/3850/5932 3581/3853/5944
s 334
f 3516/3782/5945 3515/3781/5936 3582/3852/5939 3584/3855/5946
f 3584/3855/5946 3582/3852/5939 3583/3854/5941 3585/3856/5947
f 3517/3857/5948 3516/3858/5945 3584/3859/5946 3586/3860/5949
f 3586/3860/5949 3584/3859/5946 3585/3861/5947 3587/3862/5950
s 332
f 3508/3840/5919 3517/3857/5951 3586/3860/5952 3568/3841/5920
f 3568/3841/5920 3586/3860/5952 3587/3862/5953 3569/3842/5922
s 335
f 3519/3785/5954 3520/3784/5955 3592/3863/5956 3590/3864/5957
f 3590/3864/5957 3592/3863/5956 3593/3865/5958 3591/3866/5959
s 336
f 3520/3784/5960 3518/3786/5961 3588/3867/5962 3592/3863/5963
f 3592/3863/5963 3588/3867/5962 3589/3868/5964 3593/3865/5965
s 335
f 3521/3787/5966 3519/3785/5954 3590/3864/5957 3594/3869/5967
f 3594/3869/5967 3590/3864/5957 3591/3866/5959 3595/3870/5968
s 337
f 3522/3789/5969 3523/3788/5970 3598/3871/5971 3596/3872/5972
f 3596/3872/5972 3598/3871/5971 3599/3873/5973 3597/3874/5974
s 335
f 3523/3788/5975 3521/3787/5966 3594/3869/5967 3598/3871/5976
f 3598/3871/5976 3594/3869/5967 3595/3870/5968 3599/3873/5977
s 338
f 3525/3791/5978 3524/3790/5979 3600/3875/5980 3602/3876/5981
f 3602/3876/5981 3600/3875/5980 3601/3877/5982 3603/3878/5983
s 337
f 3524/3790/5984 3522/3789/5969 3596/3872/5972 3600/3875/5985
f 3600/3875/5985 3596/3872/5972 3597/3874/5974 3601/3877/5986
s 338
f 3526/3792/5987 3525/3791/5978 3602/3876/5981 3604/3879/5988
f 3604/3879/5988 3602/3876/5981 3603/3878/5983 3605/3880/5989
f 3527/3793/5990 3526/3792/5987 3604/3879/5988 3606/3881/5991
f 3606/3881/5991 3604/3879/5988 3605/3880/5989 3607/3882/5992
s 336
f 3518/3786/5961 3527/3793/5993 3606/3881/5994 3588/3867/5962
f 3588/3867/5962 3606/3881/5994 3607/3882/5995 3589/3868/5964
s 339
f 3529/3795/5996 3530/3794/5997 3612/3883/5998 3610/3884/5999
f 3610/3884/5999 3612/3883/5998 3613/3885/6000 3611/3886/6001
s 340
f 3530/3794/6002 3528/3796/6003 3608/3887/6004 3612/3883/6005
f 3612/3883/6005 3608/3887/6004 3609/3888/6006 3613/3885/6007
s 339
f 3531/3797/6008 3529/3795/5996 3610/3884/5999 3614/3889/6009
f 3614/3889/6009 3610/3884/5999 3611/3886/6001 3615/3890/6010
s 341
f 3532/3799/6011 3533/3798/6012 3618/3891/6013 3616/3892/6014
f 3616/3892/6014 3618/3891/6013 3619/3893/6015 3617/3894/6016
s 339
f 3533/3798/6017 3531/3797/6008 3614/3889/6009 3618/3891/6018
f 3618/3891/6018 3614/3889/6009 3615/3890/6010 3619/3893/6019
s 342
f 3535/3801/6020 3534/3800/6021 3620/3895/6022 3622/3896/6023
f 3622/3896/6023 3620/3895/6022 3621/3897/6024 3623/3898/6025
f 3536/3802/6026 3535/3801/6020 3622/3896/6023 3624/3899/6027
f 3624/3899/6027 3622/3896/6023 3623/3898/6025 3625/3900/6028
s 340
f 3528/3796/6003 3536/3802/6029 3624/3899/6030 3608/3887/6004
f 3608/3887/6004 3624/3899/6030 3625/3900/6031 3609/3888/6006
s 342
f 3534/3800/6021 3537/3803/6032 3626/3901/6033 3620/3895/6022
f 3620/3895/6022 3626/3901/6033 3627/3902/6034 3621/3897/6024
s 341
f 3537/3803/6035 3532/3799/6011 3616/3892/6014 3626/3901/6036
f 3626/3901/6036 3616/3892/6014 3617/3894/6016 3627/3902/6037
s 343
f 3539/3805/6038 3540/3804/6039 3632/3903/6040 3630/3904/6041
f 3630/3904/6041 3632/3903/6040 3633/3905/6042 3631/3906/6043
s 344
f 3540/3804/6044 3538/3806/6045 3628/3907/6046 3632/3903/6047
f 3632/3903/6047 3628/3907/6046 3629/3908/6048 3633/3905/6049
s 343
f 3541/3807/6050 3539/3805/6038 3630/3904/6041 3634/3909/6051
f 3634/3909/6051 3630/3904/6041 3631/3906/6043 3635/3910/6052
s 345
f 3542/3809/6053 3543/3808/6054 3638/3911/6055 3636/3912/6056
f 3636/3912/6056 3638/3911/6055 3639/3913/6057 3637/3914/6058
s 343
f 3543/3808/6059 3541/3807/6050 3634/3909/6051 3638/3911/6060
f 3638/3911/6060 3634/3909/6051 3635/3910/6052 3639/3913/6061
s 346
f 3545/3811/6062 3544/3810/6063 3640/3915/6064 3642/3916/6065
f 3642/3916/6065 3640/3915/6064 3641/3917/6066 3643/3918/6067
s 345
f 3544/3810/6068 3542/3809/6053 3636/3912/6056 3640/3915/6069
f 3640/3915/6069 3636/3912/6056 3637/3914/6058 3641/3917/6070
s 346
f 3546/3812/6071 3545/3811/6062 3642/3916/6065 3644/3919/6072
f 3644/3919/6072 3642/3916/6065 3643/3918/6067 3645/3920/6073
f 3547/3813/6074 3546/3812/6071 3644/3919/6072 3646/3921/6075
f 3646/3921/6075 3644/3919/6072 3645/3920/6073 3647/3922/6076
s 344
f 3538/3806/6045 3547/3813/6077 3646/3921/6078 3628/3907/6046
f 3628/3907/6046 3646/3921/6078 3647/3922/6079 3629/3908/6048
